timestamp_utc,lat,lon,SOG,COG,TWS,TWD,AWS,AWA,quality
2026-03-04 03:20:34+00:00,22.289061,114.179362,0.0,0.0,8.13,42.53,8.28,-138.54,1
2026-03-04 03:21:22+00:00,22.28964,114.17931,2.62,355.25,8.2,42.61,10.11,-142.63,1
2026-03-04 03:21:32+00:00,22.289664,114.179367,1.25,65.53,8.57,42.63,9.93,160.13,1
2026-03-04 03:22:39+00:00,22.288922,114.180387,3.87,128.17,8.86,42.8,10.41,116.86,1
2026-03-04 03:24:13+00:00,22.287415,114.182839,6.26,123.59,9.1,43.04,11.79,131.2,1
2026-03-04 03:24:41+00:00,22.286864,114.183507,6.39,131.72,9.29,43.12,11.33,123.5,1
2026-03-04 03:24:50+00:00,22.286822,114.183767,5.87,99.9,9.45,43.14,14.05,144.63,1
2026-03-04 03:24:56+00:00,22.286909,114.183872,4.7,48.16,9.58,43.15,14.5,176.94,1
2026-03-04 03:25:05+00:00,22.287107,114.183915,4.85,11.36,9.7,43.17,13.91,-161.68,1
2026-03-04 03:25:47+00:00,22.288289,114.183926,6.08,0.49,9.8,43.22,15.01,-151.42,1
2026-03-04 03:27:03+00:00,22.290729,114.184185,6.97,5.61,9.88,43.32,15.84,-159.54,1
2026-03-04 03:27:34+00:00,22.291633,114.184123,6.32,356.37,9.95,43.35,14.85,-150.78,1
2026-03-04 03:28:19+00:00,22.29275,114.184263,5.4,6.61,10.01,43.42,14.77,-153.59,1
2026-03-04 03:28:51+00:00,22.293611,114.184292,5.82,1.78,10.07,43.46,14.35,-151.5,1
2026-03-04 03:29:23+00:00,22.294483,114.184173,5.94,352.8,10.12,43.5,14.1,-147.55,1
2026-03-04 03:29:34+00:00,22.294718,114.184289,5.08,24.55,10.16,43.52,14.88,-168.05,1
2026-03-04 03:30:52+00:00,22.294657,114.18618,4.85,92.0,10.2,43.69,13.6,148.69,1
2026-03-04 03:31:33+00:00,22.294238,114.187339,6.07,111.34,10.24,43.8,13.85,137.88,1
2026-03-04 03:32:02+00:00,22.294066,114.188308,6.8,100.86,11.95,43.87,16.39,141.8,1
2026-03-04 03:32:38+00:00,22.293723,114.189407,6.44,108.64,13.29,43.96,16.65,133.68,1
2026-03-04 03:32:56+00:00,22.293625,114.190025,6.97,99.73,14.38,44.01,20.33,137.6,1
2026-03-04 03:33:14+00:00,22.293614,114.190577,6.13,91.23,15.27,44.05,22.71,146.15,1
2026-03-04 03:33:37+00:00,22.293413,114.191215,5.86,108.8,16.03,44.11,21.16,131.09,1
2026-03-04 03:33:50+00:00,22.293345,114.191588,5.85,101.15,16.67,44.14,20.37,139.14,1
2026-03-04 03:34:13+00:00,22.293287,114.192381,6.92,94.52,16.48,44.19,21.4,144.68,1
2026-03-04 03:34:36+00:00,22.292966,114.193182,7.59,113.42,16.3,44.26,20.31,133.98,1
2026-03-04 03:34:47+00:00,22.293176,114.19343,6.11,47.54,16.12,44.27,21.88,176.24,1
2026-03-04 03:35:25+00:00,22.294378,114.193536,6.86,4.66,15.94,44.32,21.78,-149.72,1
2026-03-04 03:35:54+00:00,22.295364,114.193435,7.38,354.59,15.77,44.35,21.12,-146.63,1
2026-03-04 03:36:23+00:00,22.296321,114.193119,7.46,343.01,15.6,44.38,20.18,-135.92,1
2026-03-04 03:37:26+00:00,22.298289,114.192039,7.57,333.08,15.44,44.45,19.07,-133.44,1
2026-03-04 03:37:45+00:00,22.298958,114.19193,7.7,351.43,15.28,44.47,21.39,-143.66,1
2026-03-04 03:38:06+00:00,22.299597,114.191678,7.0,339.95,15.12,44.49,19.2,-138.65,1
2026-03-04 03:38:13+00:00,22.299726,114.191741,4.37,24.32,14.97,44.51,18.82,-164.87,1
2026-03-04 03:39:04+00:00,22.299685,114.193214,5.78,91.72,14.83,44.62,19.48,146.5,1
2026-03-04 03:40:10+00:00,22.299473,114.195332,6.46,96.17,15.58,44.78,,,0
2026-03-04 03:40:21+00:00,22.299372,114.19564,5.94,109.52,16.24,44.81,,,0
2026-03-04 03:40:36+00:00,22.299137,114.196099,6.99,118.96,16.81,44.85,,,0
2026-03-04 03:41:03+00:00,22.298882,114.196867,6.04,109.74,17.32,44.92,,,0
2026-03-04 03:41:43+00:00,22.298534,114.198112,6.5,106.81,16.79,45.02,,,0
2026-03-04 03:42:31+00:00,22.298243,114.199859,7.4,100.21,16.29,45.15,,,0
2026-03-04 03:43:04+00:00,22.297857,114.200591,5.11,119.68,15.83,45.23,17.94,126.79,1
2026-03-04 03:43:48+00:00,22.297107,114.201169,4.52,144.51,15.45,45.35,15.36,100.02,1
2026-03-04 03:44:00+00:00,22.296897,114.20141,5.52,133.28,15.07,45.38,16.15,114.27,1
2026-03-04 03:44:34+00:00,22.297309,114.201949,4.11,50.44,14.67,45.44,18.33,176.97,1
2026-03-04 03:45:24+00:00,22.298213,114.202513,4.51,30.0,14.28,45.53,18.45,-167.85,1
2026-03-04 03:45:47+00:00,22.298695,114.202629,4.64,12.55,13.88,45.56,17.81,-159.88,1
2026-03-04 03:46:05+00:00,22.299089,114.202589,4.75,354.63,13.51,45.59,17.23,-143.01,1
2026-03-04 03:46:59+00:00,22.300084,114.202062,4.44,333.89,13.15,45.67,15.24,-125.34,1
2026-03-04 03:47:11+00:00,22.300181,114.202186,2.71,49.79,12.81,45.69,14.98,172.87,1
2026-03-04 03:47:24+00:00,22.300165,114.202381,3.01,95.07,12.47,45.72,14.71,137.33,1
2026-03-04 03:48:02+00:00,22.299867,114.202833,2.92,125.47,12.14,45.81,12.87,109.16,1
2026-03-04 03:49:17+00:00,22.299477,114.204135,3.65,107.94,11.8,45.99,13.69,131.38,1
2026-03-04 03:50:37+00:00,22.298868,114.205658,4.15,113.37,11.46,46.19,13.8,130.76,1
2026-03-04 03:51:47+00:00,22.298936,114.206997,3.83,86.86,11.15,46.34,14.59,151.74,1
2026-03-04 03:52:27+00:00,22.298792,114.207584,3.04,104.85,10.85,46.44,12.99,134.16,1
2026-03-04 03:53:57+00:00,22.298315,114.208166,1.73,131.54,10.58,46.64,82.67,-52.31,3
2026-03-04 03:57:02+00:00,22.297483,114.208298,0.98,171.65,10.32,47.06,9.7,56.28,1
2026-03-04 03:58:08+00:00,22.297192,114.208482,1.1,149.67,10.33,47.21,10.25,80.12,1
2026-03-04 03:58:42+00:00,22.297185,114.208646,0.97,92.64,10.34,47.28,11.33,135.67,1
2026-03-04 04:00:38+00:00,22.296888,114.209038,0.87,129.31,10.35,47.48,10.37,101.11,1
2026-03-04 04:01:43+00:00,22.296813,114.209281,0.79,108.45,10.36,47.53,10.71,122.43,1
2026-03-04 04:02:36+00:00,22.296939,114.20967,1.56,70.71,10.37,47.57,11.49,157.8,1
2026-03-04 04:03:10+00:00,22.296897,114.209887,1.3,101.82,10.38,47.59,10.84,131.88,1
2026-03-04 04:04:02+00:00,22.296681,114.210058,1.11,143.78,10.39,47.64,10.58,89.54,1
2026-03-04 04:05:24+00:00,22.296355,114.210539,1.45,126.22,10.4,47.71,11.19,109.1,1
2026-03-04 04:06:46+00:00,22.295903,114.210855,1.42,147.1,10.41,47.78,84.87,-18.89,3
2026-03-04 04:08:26+00:00,22.295422,114.211423,1.54,132.47,10.42,47.87,,,0
2026-03-04 04:09:26+00:00,22.295173,114.211879,1.77,120.56,10.43,47.92,11.19,116.93,1
2026-03-04 04:10:26+00:00,22.294924,114.212335,1.77,120.56,10.44,47.97,10.9,116.11,1
2026-03-04 04:11:26+00:00,22.294674,114.212791,1.77,120.56,10.45,48.03,11.22,115.51,1
2026-03-04 04:12:26+00:00,22.294425,114.213247,1.77,120.56,10.46,48.08,11.58,117.99,1
2026-03-04 04:13:26+00:00,22.294176,114.213703,1.77,120.56,10.47,48.13,11.12,118.02,1
2026-03-04 04:14:54+00:00,22.293927,114.214159,1.2,120.56,10.48,48.2,11.37,111.79,1
2026-03-04 04:15:46+00:00,22.293726,114.21439,1.22,133.24,10.48,48.25,9.87,101.19,1
2026-03-04 04:17:21+00:00,22.293542,114.214848,1.05,113.47,10.49,48.32,11.22,120.4,1
2026-03-04 04:18:21+00:00,22.293312,114.215178,1.38,127.01,10.5,48.38,10.88,107.97,1
2026-03-04 04:19:21+00:00,22.293082,114.215508,1.38,127.01,10.51,48.43,154.45,174.54,3
2026-03-04 04:20:21+00:00,22.292852,114.215837,1.38,127.01,10.51,48.48,10.9,109.16,1
2026-03-04 04:21:21+00:00,22.292622,114.216167,1.38,127.01,10.52,48.53,10.28,112.31,1
2026-03-04 04:22:51+00:00,22.292392,114.216497,0.92,127.01,10.53,48.6,10.68,103.33,1
2026-03-04 04:24:43+00:00,22.291994,114.217199,1.47,121.5,10.53,48.7,,,0
2026-03-04 04:27:02+00:00,22.291593,114.21799,1.3,118.72,10.54,48.82,,,0
2026-03-04 04:29:00+00:00,22.291123,114.218504,1.22,134.66,10.54,48.92,10.55,102.02,1
2026-03-04 04:31:07+00:00,22.290785,114.219232,1.28,116.65,10.55,49.02,10.86,115.28,1
2026-03-04 04:32:47+00:00,22.290272,114.219831,1.63,132.79,10.55,49.11,10.7,105.62,1
2026-03-04 04:34:49+00:00,22.289373,114.221364,2.98,122.37,10.56,49.24,12.05,119.61,1
2026-03-04 04:35:12+00:00,22.289409,114.221639,2.42,81.95,10.56,49.26,12.76,151.75,1
2026-03-04 04:35:35+00:00,22.289518,114.221793,1.69,52.59,10.57,49.27,12.09,174.25,1
2026-03-04 04:36:27+00:00,22.289823,114.22208,1.68,41.05,10.57,49.3,12.39,-173.8,1
2026-03-04 04:37:45+00:00,22.290432,114.222431,1.91,28.07,10.57,49.34,12.41,-159.77,1
2026-03-04 04:40:17+00:00,22.291305,114.222702,1.29,16.03,10.58,49.43,11.97,-150.14,1
2026-03-04 04:41:16+00:00,22.291588,114.222871,1.18,28.92,10.58,49.47,11.48,-160.24,1
2026-03-04 04:41:37+00:00,22.291638,114.222997,1.31,66.79,10.58,49.48,11.73,167.9,1
2026-03-04 04:43:26+00:00,22.290784,114.223885,2.35,136.11,10.58,49.59,10.86,106.35,1
2026-03-04 04:45:10+00:00,22.289764,114.224709,2.65,143.22,10.58,49.7,10.31,99.59,1
2026-03-04 04:46:23+00:00,22.289373,114.225233,1.84,128.88,10.58,49.77,11.17,111.23,1
2026-03-04 04:47:49+00:00,22.288874,114.225551,1.46,149.47,10.59,49.85,10.52,87.19,1
2026-03-04 04:48:14+00:00,22.288824,114.225685,1.16,111.96,10.59,49.87,11.18,122.14,1
2026-03-04 04:48:49+00:00,22.288885,114.225814,0.83,62.93,10.59,49.89,11.33,164.86,1
2026-03-04 04:49:34+00:00,22.289099,114.226146,1.8,55.14,10.59,49.92,11.96,177.39,1
2026-03-04 04:50:51+00:00,22.289362,114.226338,0.89,34.04,10.59,49.97,11.32,-166.06,1
2026-03-04 04:51:23+00:00,22.289393,114.226481,0.92,76.81,10.59,50.0,11.31,155.63,1
2026-03-04 04:53:02+00:00,22.28924,114.226932,0.97,110.13,10.59,50.08,10.86,122.21,1
2026-03-04 04:54:17+00:00,22.288841,114.227682,2.31,119.9,10.59,50.15,11.54,121.89,1
2026-03-04 04:56:51+00:00,22.288529,114.228615,1.29,109.87,10.59,50.28,11.42,124.53,1
2026-03-04 04:58:55+00:00,22.287898,114.229433,1.72,129.82,10.59,50.39,11.6,109.1,1
2026-03-04 05:01:39+00:00,22.28669,114.230636,2.16,137.34,10.59,50.45,10.97,106.28,1
2026-03-04 05:02:26+00:00,22.286159,114.231024,2.95,145.94,10.19,50.45,10.41,102.59,1
2026-03-04 05:02:41+00:00,22.286051,114.231172,2.51,128.26,9.84,50.45,10.64,115.46,1
2026-03-04 05:03:09+00:00,22.286042,114.231455,2.02,91.97,9.55,50.44,10.57,141.85,1
2026-03-04 05:05:01+00:00,22.286645,114.232796,2.66,64.08,9.28,50.39,11.88,175.33,1
2026-03-04 05:06:23+00:00,22.287034,114.234154,3.47,72.8,9.05,50.36,12.35,167.22,1
2026-03-04 05:06:57+00:00,22.287157,114.234739,3.53,77.2,8.84,50.35,12.84,162.17,1
2026-03-04 05:07:40+00:00,22.287197,114.235501,3.55,86.75,8.66,50.34,11.65,152.45,1
2026-03-04 05:08:06+00:00,22.286982,114.235912,3.63,119.48,8.49,50.34,10.45,129.76,1
2026-03-04 05:09:16+00:00,22.286122,114.236471,3.1,148.98,8.34,50.34,8.44,101.54,1
2026-03-04 05:09:38+00:00,22.286046,114.236774,2.85,105.17,8.2,50.34,9.77,141.03,1
2026-03-04 05:10:30+00:00,22.286078,114.237619,3.25,87.66,8.07,50.33,11.18,153.68,1
2026-03-04 05:10:46+00:00,22.285968,114.237851,3.26,117.13,7.96,50.32,9.94,129.59,1
2026-03-04 05:12:14+00:00,22.284871,114.238617,3.21,147.13,7.85,50.33,8.36,105.35,1
2026-03-04 05:12:28+00:00,22.284717,114.238798,3.51,132.6,7.75,50.33,8.66,122.92,1
2026-03-04 05:12:43+00:00,22.284682,114.238989,2.6,101.2,7.66,50.33,9.94,144.55,1
2026-03-04 05:13:18+00:00,22.284748,114.239447,2.65,81.15,7.58,50.32,9.52,160.07,1
2026-03-04 05:14:16+00:00,22.285068,114.240273,3.09,67.28,7.5,50.3,13.69,169.46,1
2026-03-04 05:14:30+00:00,22.285013,114.240448,2.64,108.76,7.42,50.3,11.29,135.37,1
2026-03-04 05:15:34+00:00,22.284398,114.24119,3.11,131.85,7.36,50.3,8.1,113.47,1
2026-03-04 05:16:50+00:00,22.283393,114.242073,3.68,140.89,7.29,50.31,7.97,116.93,1
2026-03-04 05:17:48+00:00,22.282409,114.243079,5.05,136.59,7.24,50.33,9.12,127.37,1
2026-03-04 05:21:28+00:00,22.278704,114.247305,5.29,133.45,7.2,50.4,9.29,131.04,1
2026-03-04 05:23:55+00:00,22.275988,114.250171,5.58,135.68,7.17,50.45,8.98,130.94,1
2026-03-04 05:25:35+00:00,22.274309,114.25168,4.72,140.25,7.15,50.47,8.6,120.94,1
2026-03-04 05:27:04+00:00,22.272763,114.252957,4.73,142.61,7.12,50.49,8.08,123.2,1
2026-03-04 05:30:12+00:00,22.269824,114.255227,4.15,144.44,7.1,50.53,8.12,118.65,1
2026-03-04 05:31:48+00:00,22.268432,114.256129,3.65,149.05,7.07,50.54,7.18,111.83,1
2026-03-04 05:35:55+00:00,22.264896,114.259349,4.05,139.88,7.03,50.57,8.62,122.34,1
2026-03-04 05:38:36+00:00,22.263093,114.260646,2.91,146.35,6.99,50.58,7.06,108.79,1
2026-03-04 05:39:45+00:00,22.262264,114.26096,2.75,160.68,6.96,50.59,6.45,92.33,1
2026-03-04 05:41:45+00:00,22.26071,114.261876,3.19,151.39,6.93,50.6,7.31,105.38,1
2026-03-04 05:43:39+00:00,22.259317,114.262552,2.9,155.81,6.9,50.61,6.38,99.43,1
2026-03-04 05:45:13+00:00,22.258304,114.262901,2.44,162.32,6.88,50.61,6.46,89.33,1
2026-03-04 05:46:26+00:00,22.25709,114.263467,3.91,156.66,6.85,50.63,7.28,109.06,1
2026-03-04 05:48:16+00:00,22.255175,114.264606,4.3,151.17,6.83,50.65,6.89,115.7,1
2026-03-04 05:49:46+00:00,22.253797,114.265205,3.57,158.08,6.81,50.67,6.73,107.39,1
2026-03-04 05:51:39+00:00,22.252389,114.265975,3.02,153.15,6.79,50.68,6.89,107.58,1
2026-03-04 05:54:43+00:00,22.250249,114.266941,2.72,157.33,6.78,50.69,6.77,97.05,1
2026-03-04 05:56:21+00:00,22.248905,114.267396,3.11,162.6,6.76,50.7,5.93,87.65,1
2026-03-04 05:57:20+00:00,22.248047,114.267885,3.55,152.19,6.74,50.7,6.57,110.97,1
2026-03-04 05:57:47+00:00,22.247588,114.268006,3.78,166.29,6.73,50.71,6.29,97.13,1
2026-03-04 05:59:44+00:00,22.245705,114.268789,3.73,158.95,6.72,50.72,6.67,102.69,1
2026-03-04 06:00:58+00:00,22.244461,114.269693,4.38,146.07,6.71,50.64,7.73,118.49,1
2026-03-04 06:02:00+00:00,22.243298,114.270391,4.64,150.95,6.7,50.55,7.53,116.62,1
2026-03-04 06:04:57+00:00,22.241251,114.271316,2.71,157.3,6.69,50.27,9.52,97.93,1
2026-03-04 06:07:39+00:00,22.239303,114.271914,2.7,164.14,6.68,50.02,6.16,86.63,1
2026-03-04 06:08:20+00:00,22.23877,114.272181,3.1,155.12,6.67,49.96,6.67,99.71,1
2026-03-04 06:10:59+00:00,22.236332,114.273105,3.51,160.67,6.67,49.72,6.11,100.96,1
2026-03-04 06:12:18+00:00,22.235198,114.273793,3.56,150.68,6.67,49.61,7.49,110.42,1
2026-03-04 06:13:31+00:00,22.233675,114.27504,5.66,142.84,6.68,49.51,8.64,129.58,1
2026-03-04 06:14:17+00:00,22.233035,114.276073,5.41,123.79,6.71,49.44,9.32,136.6,1
2026-03-04 06:14:46+00:00,22.232581,114.27664,5.17,130.86,6.73,49.4,9.28,130.87,1
2026-03-04 06:16:26+00:00,22.231239,114.277766,3.67,142.16,6.77,49.25,7.25,115.19,1
2026-03-04 06:17:32+00:00,22.23022,114.278814,4.61,136.41,6.82,49.16,8.65,126.41,1
2026-03-04 06:18:23+00:00,22.229233,114.279699,5.44,140.31,6.87,49.09,9.02,130.59,1
2026-03-04 06:18:45+00:00,22.228777,114.279987,5.19,149.69,6.91,49.06,7.6,115.85,1
2026-03-04 06:19:49+00:00,22.227438,114.28099,5.5,145.26,6.96,48.98,8.67,124.01,1
2026-03-04 06:20:25+00:00,22.226751,114.281565,5.22,142.23,6.99,48.93,8.6,121.95,1
2026-03-04 06:21:08+00:00,22.225946,114.282315,5.34,139.22,7.02,48.88,9.04,123.76,1
2026-03-04 06:21:49+00:00,22.225256,114.283074,5.19,134.48,7.04,48.82,9.63,131.12,1
2026-03-04 06:22:41+00:00,22.224356,114.283785,4.63,143.82,7.06,48.75,8.02,120.77,1
2026-03-04 06:23:30+00:00,22.223682,114.284535,4.27,134.15,7.08,48.68,8.33,125.26,1
2026-03-04 06:25:51+00:00,22.221741,114.286329,3.92,139.45,7.1,48.47,47.69,66.21,3
2026-03-04 06:26:41+00:00,22.220921,114.286932,4.29,145.75,7.11,48.4,7.57,114.64,1
2026-03-04 06:27:00+00:00,22.220611,114.28728,5.09,133.9,7.12,48.38,9.04,127.61,1
2026-03-04 06:27:30+00:00,22.220004,114.287733,5.32,145.36,7.13,48.34,8.46,126.49,1
2026-03-04 06:28:01+00:00,22.219516,114.288283,4.92,133.78,7.15,48.3,9.07,127.07,1
2026-03-04 06:29:22+00:00,22.218297,114.289237,4.02,144.08,7.17,48.18,8.1,116.18,1
2026-03-04 06:30:20+00:00,22.217399,114.290156,4.61,136.55,7.2,48.1,8.65,123.75,1
2026-03-04 06:31:05+00:00,22.216696,114.291115,5.44,128.37,7.23,48.04,10.19,129.33,1
2026-03-04 06:32:22+00:00,22.21513,114.292519,5.71,140.31,7.27,47.94,8.98,122.59,1
2026-03-04 06:33:34+00:00,22.213943,114.293956,5.35,131.74,7.32,47.85,,,0
2026-03-04 06:34:44+00:00,22.212279,114.295364,6.53,141.93,7.37,47.76,,,0
2026-03-04 06:35:09+00:00,22.211836,114.295927,5.91,130.36,7.43,47.73,,,0
2026-03-04 06:36:07+00:00,22.210579,114.297208,6.44,136.67,7.49,47.66,,,0
2026-03-04 06:36:48+00:00,22.209611,114.297911,6.15,146.08,7.55,47.62,,,0
2026-03-04 06:37:29+00:00,22.208709,114.298636,5.93,143.35,7.61,47.57,9.1,127.5,1
2026-03-04 06:38:17+00:00,22.207608,114.29942,5.94,146.6,7.67,47.51,9.14,120.02,1
2026-03-04 06:38:42+00:00,22.206987,114.299781,6.1,151.71,7.73,47.48,8.73,119.68,1
2026-03-04 06:39:50+00:00,22.205543,114.300984,5.8,142.36,7.78,47.4,9.27,123.44,1
2026-03-04 06:40:07+00:00,22.205162,114.301222,5.6,149.96,7.83,47.38,8.32,116.64,1
2026-03-04 06:40:47+00:00,22.204318,114.302052,6.17,137.68,7.87,47.33,9.52,130.53,1
2026-03-04 06:41:08+00:00,22.203777,114.302477,6.89,143.97,7.92,47.31,9.74,125.75,1
2026-03-04 06:41:27+00:00,22.203322,114.302729,5.82,152.85,7.98,47.29,8.78,112.85,1
2026-03-04 06:42:10+00:00,22.202542,114.303398,5.01,141.55,8.04,47.23,9.21,118.8,1
2026-03-04 06:42:57+00:00,22.201604,114.304247,5.63,140.04,8.1,47.17,9.26,122.04,1
2026-03-04 06:43:20+00:00,22.201077,114.304895,7.5,131.3,8.16,47.15,11.69,142.51,1
2026-03-04 06:43:43+00:00,22.200452,114.305429,7.49,141.65,8.22,47.12,10.79,131.2,1
2026-03-04 06:43:58+00:00,22.200022,114.305708,7.23,149.01,8.28,47.11,9.54,123.47,1
2026-03-04 06:44:26+00:00,22.199264,114.306044,6.33,157.69,8.33,47.08,8.55,111.4,1
2026-03-04 06:45:17+00:00,22.19812,114.306874,5.84,146.11,8.39,47.02,9.45,114.85,1
2026-03-04 06:46:02+00:00,22.197214,114.307792,5.97,136.83,8.44,46.97,10.0,123.31,1
2026-03-04 06:46:24+00:00,22.196779,114.308412,7.08,127.15,8.48,46.94,12.04,135.79,1
2026-03-04 06:47:02+00:00,22.19594,114.30937,6.94,133.41,8.5,46.9,11.47,134.18,1
2026-03-04 06:47:31+00:00,22.195298,114.309825,5.72,146.73,8.52,46.86,9.74,119.17,1
2026-03-04 06:48:20+00:00,22.194261,114.31079,6.04,139.25,8.54,46.81,10.56,124.09,1
2026-03-04 06:49:12+00:00,22.193173,114.311591,5.47,145.72,8.55,46.74,8.99,115.48,1
2026-03-04 06:50:06+00:00,22.192167,114.312778,5.96,132.47,8.55,46.68,10.5,128.24,1
2026-03-04 06:50:42+00:00,22.191369,114.313489,6.21,140.48,8.55,46.64,10.38,122.41,1
2026-03-04 06:51:09+00:00,22.190814,114.31388,5.3,146.88,8.56,46.6,9.38,117.6,1
2026-03-04 06:52:10+00:00,22.189743,114.315293,5.99,129.3,8.56,46.53,11.2,129.4,1
2026-03-04 06:53:02+00:00,22.188688,114.316271,5.78,139.36,8.55,46.47,11.23,121.87,1
2026-03-04 06:53:51+00:00,22.187659,114.31707,5.59,144.28,8.55,46.41,9.72,113.13,1
2026-03-04 06:54:28+00:00,22.187113,114.317842,5.25,127.37,8.54,46.36,11.05,127.59,1
2026-03-04 06:54:56+00:00,22.186863,114.318595,5.72,109.73,8.53,46.32,12.5,143.01,1
2026-03-04 06:55:06+00:00,22.18672,114.318838,5.76,122.44,8.52,46.31,11.57,131.2,1
2026-03-04 06:55:38+00:00,22.186157,114.319567,5.94,129.83,8.5,46.27,10.81,127.69,1
2026-03-04 06:56:14+00:00,22.185414,114.320278,5.96,138.46,8.49,46.23,10.41,125.17,1
2026-03-04 06:57:04+00:00,22.184434,114.320966,5.05,146.97,8.47,46.17,8.78,109.66,1
2026-03-04 06:57:37+00:00,22.18371,114.321287,5.13,157.68,8.45,46.13,8.05,106.54,1
2026-03-04 06:58:35+00:00,22.182616,114.32229,5.35,139.67,8.43,46.06,9.55,118.71,1
2026-03-04 06:59:06+00:00,22.181965,114.322553,4.85,159.49,8.42,46.02,7.89,100.18,1
2026-03-04 07:00:07+00:00,22.180545,114.323386,5.73,151.49,8.4,45.95,9.5,111.01,1
2026-03-04 07:01:01+00:00,22.179578,114.324353,5.28,137.2,8.38,45.88,9.24,122.0,1
2026-03-04 07:01:22+00:00,22.179108,114.324693,5.82,146.18,8.36,45.85,9.5,122.65,1
2026-03-04 07:01:42+00:00,22.178657,114.324911,5.34,155.89,8.34,45.83,7.73,109.12,1
2026-03-04 07:02:13+00:00,22.177956,114.325119,5.07,164.64,8.32,45.78,7.22,96.48,1
2026-03-04 07:02:46+00:00,22.177324,114.325688,5.39,140.18,8.31,45.74,9.88,122.07,1
2026-03-04 07:03:14+00:00,22.176881,114.326199,5.0,133.11,8.3,45.7,9.91,122.33,1
2026-03-04 07:03:35+00:00,22.17656,114.326441,4.03,145.08,8.3,45.67,8.29,110.83,1
2026-03-04 07:04:27+00:00,22.175694,114.327378,5.1,134.94,8.29,45.6,9.57,123.66,1
2026-03-04 07:05:18+00:00,22.174465,114.328056,5.85,152.94,8.29,45.53,8.8,107.18,1
2026-03-04 07:05:56+00:00,22.173692,114.328851,6.07,136.4,8.29,45.48,9.98,123.62,1
2026-03-04 07:06:31+00:00,22.172867,114.329396,5.97,148.54,8.29,45.44,9.12,118.77,1
2026-03-04 07:07:25+00:00,22.171647,114.329997,5.37,155.48,8.29,45.37,8.2,108.2,1
2026-03-04 07:08:57+00:00,22.169622,114.331267,5.5,149.85,8.31,45.25,8.53,110.93,1
2026-03-04 07:09:49+00:00,22.168698,114.332288,5.5,134.34,8.33,45.18,10.69,122.74,1
2026-03-04 07:10:36+00:00,22.167759,114.332874,4.99,149.97,8.36,45.11,8.76,105.58,1
2026-03-04 07:10:53+00:00,22.167436,114.333201,5.63,136.85,8.41,45.09,9.37,122.4,1
2026-03-04 07:11:21+00:00,22.166755,114.333586,5.93,152.37,8.48,45.05,8.84,117.27,1
2026-03-04 07:12:22+00:00,22.165397,114.334783,6.21,140.78,8.58,44.98,9.87,123.68,1
2026-03-04 07:12:55+00:00,22.164368,114.335429,7.8,149.83,8.7,44.94,14.61,127.87,1
2026-03-04 07:13:39+00:00,22.16301,114.336613,8.57,141.08,8.85,44.9,12.28,132.68,1
2026-03-04 07:14:07+00:00,22.161994,114.337173,8.81,152.96,9.02,44.87,10.44,127.05,1
2026-03-04 07:14:33+00:00,22.161027,114.337656,8.86,155.18,9.23,44.85,10.49,127.1,1
2026-03-04 07:14:52+00:00,22.160289,114.337959,8.98,159.18,9.91,44.83,10.53,119.22,1
2026-03-04 07:15:44+00:00,22.158427,114.33915,9.0,149.36,10.75,44.78,11.8,120.79,1
2026-03-04 07:16:17+00:00,22.157256,114.339778,8.56,153.59,11.53,44.75,11.84,115.98,1
2026-03-04 07:16:45+00:00,22.15642,114.340566,8.57,138.88,12.27,44.72,14.3,125.01,1
2026-03-04 07:17:03+00:00,22.155829,114.341008,8.63,145.29,12.96,44.7,14.0,115.17,1
2026-03-04 07:17:48+00:00,22.154175,114.341741,8.59,157.68,13.62,44.66,13.48,103.14,1
2026-03-04 07:19:06+00:00,22.151248,114.342673,8.46,163.57,14.23,44.59,12.67,97.42,1
2026-03-04 07:19:21+00:00,22.150692,114.342793,8.17,168.7,14.81,44.57,11.88,91.02,1
2026-03-04 07:20:19+00:00,22.14845,114.343548,8.75,162.68,15.35,44.52,13.89,97.95,1
2026-03-04 07:20:33+00:00,22.147922,114.343813,8.99,155.07,15.86,44.51,15.88,100.11,1
2026-03-04 07:21:19+00:00,22.146316,114.344944,9.01,146.88,16.34,44.46,17.74,112.82,1
2026-03-04 07:21:43+00:00,22.145427,114.345445,9.03,152.44,16.79,44.44,18.99,102.25,1
2026-03-04 07:22:39+00:00,22.143548,114.346919,8.96,144.0,17.22,44.39,20.21,109.2,1
2026-03-04 07:23:23+00:00,22.141885,114.347544,8.65,160.81,17.62,44.34,16.17,91.1,1
2026-03-04 07:23:37+00:00,22.141362,114.347805,8.9,155.19,17.99,44.33,16.79,103.81,1
2026-03-04 07:24:05+00:00,22.140463,114.348583,8.89,141.28,18.35,44.3,19.53,110.58,1
2026-03-04 07:24:36+00:00,22.139525,114.349274,7.92,145.69,18.68,44.27,19.02,101.27,1
2026-03-04 07:25:04+00:00,22.138755,114.350111,8.44,134.8,18.99,44.24,20.43,115.2,1
2026-03-04 07:25:41+00:00,22.137439,114.350896,8.78,151.08,19.29,44.2,18.71,101.33,1
2026-03-04 07:26:38+00:00,22.135579,114.352432,8.88,142.59,19.56,44.14,19.29,106.87,1
2026-03-04 07:27:06+00:00,22.134551,114.35305,9.08,150.89,19.83,44.12,18.97,101.73,1
2026-03-04 07:27:38+00:00,22.13352,114.35393,8.88,141.67,20.07,44.08,20.77,105.73,1
2026-03-04 07:27:56+00:00,22.13288,114.354309,8.77,151.25,20.3,44.07,19.22,97.13,1
2026-03-04 07:28:24+00:00,22.131991,114.354963,8.3,145.73,20.52,44.04,21.01,97.64,1
2026-03-04 07:29:05+00:00,22.13079,114.356179,8.68,136.84,20.72,43.99,21.64,107.64,1
2026-03-04 07:29:38+00:00,22.129691,114.357099,9.11,142.21,20.92,43.96,21.45,110.06,1
2026-03-04 07:30:02+00:00,22.128999,114.357857,8.88,134.58,21.1,43.93,22.84,115.55,1
2026-03-04 07:31:04+00:00,22.126753,114.359219,8.98,150.67,21.27,43.87,20.99,98.05,1
2026-03-04 07:31:46+00:00,22.125364,114.359942,7.94,154.26,21.43,43.83,19.66,94.63,1
2026-03-04 07:31:53+00:00,22.12514,114.360117,8.54,144.11,21.58,43.82,22.1,102.12,1
2026-03-04 07:32:10+00:00,22.124747,114.3607,8.49,126.04,21.73,43.8,24.37,117.47,1
2026-03-04 07:32:22+00:00,22.124399,114.361033,8.38,138.44,21.86,43.79,22.47,106.97,1
2026-03-04 07:32:54+00:00,22.123284,114.361658,8.49,152.56,21.99,43.76,21.0,93.6,1
2026-03-04 07:33:56+00:00,22.121331,114.363329,8.69,141.6,22.11,43.69,22.67,104.03,1
2026-03-04 07:34:41+00:00,22.11982,114.364294,8.43,149.39,22.22,43.65,21.34,98.7,1
2026-03-04 07:35:32+00:00,22.118157,114.365689,8.93,142.15,22.33,43.59,22.8,104.54,1
2026-03-04 07:36:07+00:00,22.116944,114.366462,8.7,149.44,22.43,43.56,21.61,98.19,1
2026-03-04 07:36:46+00:00,22.115734,114.367629,8.99,138.22,22.53,43.52,23.59,109.72,1
2026-03-04 07:37:22+00:00,22.114557,114.36848,8.51,146.18,22.62,43.48,22.54,99.87,1
2026-03-04 07:38:02+00:00,22.113419,114.369716,8.72,134.82,22.7,43.44,24.6,107.87,1
2026-03-04 07:38:27+00:00,22.112654,114.370365,8.41,141.83,22.63,43.41,22.58,100.13,1
2026-03-04 07:39:14+00:00,22.111188,114.371233,7.69,151.25,22.06,43.36,21.65,92.79,1
2026-03-04 07:39:25+00:00,22.110814,114.371371,7.77,161.13,21.52,43.35,18.59,82.88,1
2026-03-04 07:39:58+00:00,22.109707,114.371517,7.3,173.03,21.0,43.31,17.23,69.43,1
2026-03-04 07:40:39+00:00,22.108491,114.372222,7.28,151.76,20.51,43.26,19.65,92.23,1
2026-03-04 07:40:50+00:00,22.108148,114.372485,8.27,144.61,20.05,43.25,20.21,107.56,1
2026-03-04 07:41:12+00:00,22.107526,114.373126,8.45,136.33,19.61,43.23,20.75,108.01,1
2026-03-04 07:42:12+00:00,22.105499,114.374508,8.64,147.72,19.21,43.17,18.92,97.6,1
2026-03-04 07:42:48+00:00,22.104518,114.375626,8.57,133.44,18.85,43.13,20.51,114.84,1
2026-03-04 07:42:57+00:00,22.104225,114.375843,8.53,145.54,18.53,43.12,18.48,103.36,1
2026-03-04 07:43:06+00:00,22.103928,114.375988,7.83,155.66,18.86,43.11,17.69,92.59,1
2026-03-04 07:43:38+00:00,22.102783,114.376145,7.8,172.76,19.18,43.08,89.75,22.18,3
2026-03-04 07:43:51+00:00,22.102331,114.376373,8.3,154.95,19.48,43.06,17.9,95.84,1
2026-03-04 07:44:07+00:00,22.101729,114.376565,8.48,163.54,19.76,43.05,17.37,81.8,1
2026-03-04 07:44:32+00:00,22.100874,114.377085,8.49,150.6,19.38,43.02,18.75,97.0,1
2026-03-04 07:44:44+00:00,22.100497,114.377395,8.54,142.7,19.02,43.01,19.73,106.75,1
2026-03-04 07:45:15+00:00,22.099758,114.378367,8.12,129.37,18.67,42.97,21.01,118.05,1
2026-03-04 07:45:29+00:00,22.099331,114.378711,8.23,143.26,18.35,42.96,18.47,109.7,1
2026-03-04 07:45:48+00:00,22.098664,114.378927,7.92,163.3,18.07,42.94,15.47,87.48,1
2026-03-04 07:46:06+00:00,22.098082,114.379229,7.75,154.32,18.34,42.92,170.36,-67.58,3
2026-03-04 07:46:56+00:00,22.096592,114.380477,8.15,142.19,18.7,42.86,19.33,103.74,1
2026-03-04 07:47:32+00:00,22.095201,114.381072,8.98,158.38,19.03,42.83,17.18,91.47,1
2026-03-04 07:47:54+00:00,22.094372,114.381514,9.08,153.71,19.34,42.81,18.23,95.72,1
2026-03-04 07:48:06+00:00,22.093994,114.381841,8.73,141.29,19.63,42.8,20.65,108.02,1
2026-03-04 07:48:14+00:00,22.093705,114.381965,8.4,158.32,19.56,42.79,17.47,90.43,1
2026-03-04 07:48:33+00:00,22.093066,114.382406,8.63,147.4,19.27,42.77,19.19,98.75,1
2026-03-04 07:48:54+00:00,22.092479,114.382976,8.13,138.02,19.57,42.75,20.43,107.12,1
2026-03-04 07:49:28+00:00,22.091345,114.383668,8.28,150.51,19.38,42.71,18.54,99.03,1
2026-03-04 07:50:10+00:00,22.089976,114.384886,9.13,140.5,19.09,42.67,20.34,109.76,1
2026-03-04 07:50:21+00:00,22.089536,114.38505,9.15,160.95,18.8,42.66,16.81,91.96,1
2026-03-04 07:50:37+00:00,22.089023,114.385437,8.46,145.05,19.13,42.64,19.43,103.86,1
2026-03-04 07:50:51+00:00,22.088511,114.385445,7.91,179.17,19.44,42.63,15.13,68.36,1
2026-03-04 07:51:13+00:00,22.087783,114.385678,7.46,163.48,19.72,42.61,17.14,81.54,1
2026-03-04 07:52:27+00:00,22.085235,114.387182,8.48,151.32,20.0,42.53,19.25,95.38,1
2026-03-04 07:52:40+00:00,22.084739,114.38741,8.96,156.93,20.25,42.52,18.36,90.02,1
2026-03-04 07:53:01+00:00,22.084038,114.387876,8.47,148.37,20.49,42.5,20.02,98.79,1
2026-03-04 07:53:14+00:00,22.08363,114.388239,8.79,140.5,20.72,42.49,21.31,101.17,1
2026-03-04 07:53:33+00:00,22.083184,114.388872,8.38,127.25,20.93,42.46,23.27,115.89,1
2026-03-04 07:54:02+00:00,22.082343,114.389695,8.46,137.8,21.13,42.43,22.2,106.72,1
2026-03-04 07:54:19+00:00,22.081729,114.390108,9.2,148.06,21.32,42.42,20.57,96.8,1
2026-03-04 07:54:32+00:00,22.081201,114.390326,9.4,159.06,21.5,42.41,19.84,87.41,1
2026-03-04 07:54:45+00:00,22.080728,114.39064,9.23,148.4,21.67,42.39,20.78,100.51,1
2026-03-04 07:55:04+00:00,22.079974,114.390903,9.01,162.09,21.82,42.38,18.67,85.03,1
2026-03-04 07:55:25+00:00,22.079365,114.391512,8.55,137.18,21.97,42.35,23.24,107.21,1
2026-03-04 07:55:45+00:00,22.078603,114.391951,9.34,151.9,22.11,42.34,21.16,95.91,1
2026-03-04 07:56:42+00:00,22.076679,114.393266,8.64,147.65,22.24,42.28,21.81,97.47,1
2026-03-04 07:56:52+00:00,22.076308,114.393481,9.1,151.76,22.36,42.27,21.33,96.93,1
2026-03-04 07:57:22+00:00,22.075164,114.393853,8.61,163.23,22.48,42.24,19.49,81.5,1
2026-03-04 07:57:37+00:00,22.074629,114.394102,8.4,156.67,22.59,42.23,20.32,84.43,1
2026-03-04 07:58:13+00:00,22.073358,114.394913,8.87,149.4,22.69,42.19,21.81,98.93,1
2026-03-04 07:58:42+00:00,22.072232,114.395315,8.84,161.69,22.79,42.17,19.77,83.86,1
2026-03-04 07:58:54+00:00,22.071818,114.395575,8.63,149.8,22.88,42.15,22.16,93.26,1
2026-03-04 07:59:15+00:00,22.071175,114.396176,8.76,139.1,22.97,42.13,23.52,102.16,1
2026-03-04 07:59:40+00:00,22.070318,114.396818,9.02,145.23,23.05,42.11,22.52,100.37,1
2026-03-04 08:00:03+00:00,22.069511,114.397173,8.19,157.82,23.13,42.09,20.82,84.69,1
2026-03-04 08:00:25+00:00,22.068745,114.397661,8.74,149.44,23.2,42.11,22.35,97.87,1
2026-03-04 08:00:49+00:00,22.067903,114.39795,7.96,162.35,23.27,42.13,20.29,78.73,1
2026-03-04 08:01:06+00:00,22.06744,114.398429,8.16,136.21,23.33,42.15,23.92,103.94,1
2026-03-04 08:01:39+00:00,22.066388,114.399241,8.47,144.42,23.4,42.18,23.2,100.52,1
2026-03-04 08:02:21+00:00,22.065127,114.400438,8.64,138.66,23.45,42.21,24.14,106.31,1
2026-03-04 08:03:08+00:00,22.0635,114.401619,9.02,146.07,23.51,42.26,22.93,98.82,1
2026-03-04 08:03:51+00:00,22.062119,114.402771,8.77,142.29,23.56,42.3,23.53,102.77,1
2026-03-04 08:04:18+00:00,22.061295,114.403496,8.51,140.8,23.61,42.32,23.96,102.07,1
2026-03-04 08:04:25+00:00,22.061041,114.403627,8.69,154.45,23.66,42.33,21.48,89.9,1
2026-03-04 08:04:48+00:00,22.060291,114.404256,8.93,142.14,23.7,42.35,23.44,104.16,1
2026-03-04 08:05:08+00:00,22.059567,114.40472,9.1,149.29,23.75,42.36,22.61,96.75,1
2026-03-04 08:05:40+00:00,22.058477,114.405577,9.11,143.92,23.79,42.39,23.65,100.25,1
2026-03-04 08:06:10+00:00,22.057292,114.405969,8.93,162.95,23.82,42.42,20.86,83.92,1
2026-03-04 08:07:02+00:00,22.055491,114.406759,8.08,157.88,23.86,42.47,22.1,79.56,1
2026-03-04 08:07:24+00:00,22.054784,114.407291,8.47,145.11,23.89,42.49,23.8,102.03,1
2026-03-04 08:07:52+00:00,22.053951,114.408118,8.74,137.38,23.93,42.51,24.72,102.3,1
2026-03-04 08:08:34+00:00,22.052484,114.409128,8.96,147.46,23.96,42.55,23.31,95.62,1
2026-03-04 08:08:53+00:00,22.051848,114.40967,9.22,141.7,23.99,42.56,23.99,102.79,1
2026-03-04 08:09:11+00:00,22.051164,114.410057,9.27,152.33,24.02,42.58,22.63,92.65,1
2026-03-04 08:09:26+00:00,22.050708,114.410524,9.06,136.49,24.04,42.59,25.02,109.21,1
2026-03-04 08:09:36+00:00,22.05035,114.410636,8.06,163.83,24.07,42.6,21.15,75.76,1
2026-03-04 08:09:46+00:00,22.049935,114.410629,8.97,180.9,24.09,42.61,18.14,61.18,1
2026-03-04 08:09:54+00:00,22.049637,114.410702,8.26,167.21,24.11,42.62,20.74,73.54,1
2026-03-04 08:10:13+00:00,22.048984,114.411068,8.37,152.55,24.14,42.63,23.15,90.97,1
2026-03-04 08:10:41+00:00,22.048043,114.411725,8.65,147.09,24.16,42.66,23.51,96.29,1
2026-03-04 08:11:05+00:00,22.047345,114.412362,8.23,139.77,24.18,42.68,24.68,102.52,1
2026-03-04 08:11:30+00:00,22.046568,114.412943,8.17,145.28,24.19,42.7,24.0,95.91,1
2026-03-04 08:12:02+00:00,22.045702,114.413974,8.71,132.18,24.21,42.72,25.69,109.24,1
2026-03-04 08:12:57+00:00,22.043939,114.415599,9.11,139.49,24.23,42.76,24.94,105.19,1
2026-03-04 08:13:35+00:00,22.04285,114.416828,8.96,133.71,24.25,42.79,25.72,111.37,1
2026-03-04 08:14:53+00:00,22.040221,114.418657,8.67,147.18,24.26,42.86,23.69,95.27,1
2026-03-04 08:15:13+00:00,22.039469,114.418999,8.82,157.14,24.28,42.88,21.93,85.26,1
2026-03-04 08:15:31+00:00,22.038833,114.419381,8.74,150.89,24.3,42.89,23.15,94.28,1
2026-03-04 08:16:04+00:00,22.037915,114.420324,8.3,136.4,24.31,42.91,25.36,105.64,1
2026-03-04 08:16:25+00:00,22.037353,114.421011,8.74,131.43,24.33,42.93,26.5,112.75,1
2026-03-04 08:17:01+00:00,22.036227,114.421979,8.64,141.45,24.34,42.96,24.89,100.04,1
2026-03-04 08:17:23+00:00,22.035438,114.422413,8.7,152.98,24.35,42.98,23.53,87.36,1
2026-03-04 08:17:41+00:00,22.034855,114.422893,8.81,142.65,24.37,42.99,24.25,100.05,1
2026-03-04 08:18:08+00:00,22.033894,114.423476,8.83,150.65,24.38,43.01,23.54,92.01,1
2026-03-04 08:18:20+00:00,22.033506,114.423802,8.86,142.09,24.39,43.02,24.66,101.6,1
2026-03-04 08:18:46+00:00,22.03257,114.424285,8.63,154.44,24.4,43.04,23.38,88.03,1
2026-03-04 08:19:12+00:00,22.031601,114.424839,9.12,152.08,24.41,43.07,22.87,94.37,1
2026-03-04 08:19:57+00:00,22.030042,114.425993,9.08,145.54,24.43,43.1,23.9,98.52,1
2026-03-04 08:20:13+00:00,22.029418,114.426276,9.14,157.2,24.44,43.12,22.15,88.18,1
2026-03-04 08:20:29+00:00,22.0288,114.42642,8.54,167.81,24.45,43.13,20.17,75.36,1
2026-03-04 08:20:48+00:00,22.028098,114.426702,8.52,159.58,24.46,43.14,21.87,84.23,1
2026-03-04 08:21:25+00:00,22.026904,114.427704,8.84,142.12,24.47,43.17,24.46,101.71,1
2026-03-04 08:21:54+00:00,22.025895,114.428403,8.94,147.29,24.48,43.2,23.97,98.17,1
2026-03-04 08:22:39+00:00,22.024438,114.429685,9.03,140.8,24.49,43.23,25.06,101.86,1
2026-03-04 08:22:58+00:00,22.023752,114.43012,9.05,149.55,24.5,43.25,24.17,98.08,1
2026-03-04 08:23:10+00:00,22.023353,114.430472,9.28,140.72,24.51,43.25,25.34,103.62,1
2026-03-04 08:23:57+00:00,22.021638,114.431459,8.94,151.92,24.51,43.29,23.08,90.11,1
2026-03-04 08:25:15+00:00,22.019319,114.433711,8.65,138.0,24.52,43.35,25.06,105.61,1
2026-03-04 08:25:30+00:00,22.01877,114.43405,9.12,150.21,24.53,43.36,23.71,93.17,1
2026-03-04 08:25:53+00:00,22.018019,114.434707,9.09,140.96,24.54,43.38,24.63,104.85,1
2026-03-04 08:26:09+00:00,22.01737,114.434935,9.22,161.96,24.55,43.39,22.26,87.75,1
2026-03-04 08:26:24+00:00,22.016856,114.435267,8.63,149.09,24.56,43.4,24.08,93.25,1
2026-03-04 08:27:24+00:00,22.014932,114.436968,8.96,140.66,24.57,43.44,24.93,104.22,1
2026-03-04 08:27:47+00:00,22.014094,114.437466,8.99,151.15,24.58,43.46,22.95,90.22,1
2026-03-04 08:27:56+00:00,22.013714,114.437551,9.32,168.28,24.59,43.47,21.13,77.76,1
2026-03-04 08:28:07+00:00,22.013306,114.43777,8.95,153.54,24.59,43.48,23.07,89.51,1
2026-03-04 08:28:22+00:00,22.012778,114.438183,9.4,144.05,24.6,43.49,25.04,100.18,1
2026-03-04 08:28:37+00:00,22.012331,114.438647,8.94,136.1,24.61,43.5,25.32,105.45,1
2026-03-04 08:29:03+00:00,22.011342,114.439229,9.37,151.38,24.61,43.52,23.32,95.9,1
2026-03-04 08:29:28+00:00,22.010534,114.439917,8.9,141.71,24.62,43.54,24.96,104.51,1
2026-03-04 08:29:59+00:00,22.009308,114.440558,9.5,154.14,24.63,43.56,23.09,92.14,1
2026-03-04 08:30:21+00:00,22.008488,114.441085,9.38,149.21,24.64,43.58,31.81,94.86,1
2026-03-04 08:30:33+00:00,22.00799,114.441286,9.58,159.48,24.64,43.59,25.41,90.12,1
2026-03-04 08:31:17+00:00,22.006481,114.442441,9.09,144.64,24.65,43.62,25.77,98.76,1
2026-03-04 08:31:45+00:00,22.005335,114.44286,9.34,161.27,24.66,43.65,21.9,80.2,1
2026-03-04 08:31:59+00:00,22.004856,114.443193,8.8,147.2,24.66,43.66,24.2,98.11,1
2026-03-04 08:32:24+00:00,22.003938,114.443652,8.75,155.13,24.67,43.68,23.12,87.11,1
2026-03-04 08:32:38+00:00,22.003464,114.444024,9.05,143.96,24.68,43.69,24.94,102.82,1
2026-03-04 08:33:26+00:00,22.001997,114.44532,8.54,140.68,24.68,43.72,24.78,101.99,1
2026-03-04 08:34:23+00:00,22.000238,114.446923,8.73,139.8,24.69,43.76,24.85,105.23,1
2026-03-04 08:34:40+00:00,21.99958,114.447191,8.94,159.31,24.7,43.76,22.73,88.42,1
2026-03-04 08:35:28+00:00,21.998043,114.44843,8.64,143.22,24.7,43.78,24.9,98.24,1
2026-03-04 08:35:45+00:00,21.99745,114.448804,8.73,149.68,24.71,43.79,23.62,93.6,1
2026-03-04 08:36:13+00:00,21.996372,114.449345,9.18,155.05,24.72,43.8,23.5,90.39,1
2026-03-04 08:36:57+00:00,21.994863,114.450431,8.91,146.28,24.72,43.81,25.58,101.49,1
2026-03-04 08:37:19+00:00,21.994072,114.450828,8.57,155.04,24.73,43.82,26.18,87.73,1
2026-03-04 08:37:32+00:00,21.99364,114.451152,8.75,145.18,24.74,43.82,26.02,97.89,1
2026-03-04 08:38:07+00:00,21.992454,114.451905,8.5,149.51,24.74,43.83,24.51,95.31,1
2026-03-04 08:38:27+00:00,21.991723,114.452269,8.7,155.22,24.75,43.84,23.58,88.05,1
2026-03-04 08:39:01+00:00,21.990646,114.452948,7.93,149.69,24.76,43.85,23.77,93.13,1
2026-03-04 08:39:34+00:00,21.989625,114.45372,8.17,144.97,24.76,43.86,24.83,94.86,1
2026-03-04 08:40:00+00:00,21.988841,114.454417,8.45,140.5,24.77,43.87,25.42,107.22,1
2026-03-04 08:40:52+00:00,21.986961,114.455389,8.67,154.39,24.77,43.88,23.61,87.28,1
2026-03-04 08:41:04+00:00,21.986566,114.455693,8.74,144.49,24.78,43.89,24.42,99.1,1
2026-03-04 08:41:23+00:00,21.986032,114.456254,8.48,135.75,24.78,43.89,,,0
2026-03-04 08:41:35+00:00,21.985647,114.456473,7.84,152.19,24.79,43.9,23.85,93.97,1
2026-03-04 08:41:46+00:00,21.985373,114.456769,7.62,134.95,24.8,43.9,25.28,103.47,1
2026-03-04 08:41:55+00:00,21.98506,114.456947,8.5,152.2,24.8,43.9,23.2,95.7,1
2026-03-04 08:42:27+00:00,21.984195,114.457703,7.52,140.98,24.72,43.91,24.32,101.86,1
2026-03-04 08:42:53+00:00,21.983341,114.458179,7.99,152.67,24.04,43.92,22.69,91.5,1
2026-03-04 08:43:34+00:00,21.982141,114.459199,8.06,141.75,23.4,43.93,23.9,99.89,1
2026-03-04 08:43:53+00:00,21.98167,114.45973,7.75,133.73,22.79,43.93,24.55,110.11,1
2026-03-04 08:44:05+00:00,21.981258,114.459962,8.37,152.43,22.22,43.94,21.14,92.15,1
2026-03-04 08:44:41+00:00,21.980271,114.460876,7.81,139.35,21.69,43.95,22.84,107.49,1
2026-03-04 08:44:57+00:00,21.979748,114.461176,8.0,151.99,21.19,43.95,19.79,92.15,1
2026-03-04 08:45:36+00:00,21.978678,114.462237,8.06,137.4,20.72,43.96,21.27,108.0,1
2026-03-04 08:46:18+00:00,21.977529,114.463447,8.26,135.68,20.29,43.97,21.66,109.58,1
2026-03-04 08:46:30+00:00,21.977124,114.46366,8.12,154.0,19.88,43.97,18.84,92.03,1
2026-03-04 08:46:52+00:00,21.976512,114.464197,7.75,140.86,20.19,43.98,20.73,106.38,1
2026-03-04 08:47:06+00:00,21.976059,114.46446,7.94,151.7,20.48,43.98,18.96,96.08,1
2026-03-04 08:47:14+00:00,21.975834,114.46467,8.04,139.12,20.75,43.99,21.54,109.07,1
2026-03-04 08:47:36+00:00,21.975093,114.465129,8.4,150.13,21.0,43.99,19.94,93.67,1
2026-03-04 08:48:13+00:00,21.973954,114.466156,8.67,140.1,21.24,44.0,22.27,109.03,1
2026-03-04 08:48:44+00:00,21.973147,114.467083,8.22,133.19,21.46,44.01,23.2,116.68,1
2026-03-04 08:49:27+00:00,21.971729,114.468018,8.35,148.55,21.67,44.02,20.9,97.01,1
2026-03-04 08:49:53+00:00,21.970969,114.468718,8.31,139.5,21.87,44.03,22.49,109.74,1
2026-03-04 08:50:18+00:00,21.970039,114.469177,8.84,155.41,22.06,44.03,20.24,91.71,1
2026-03-04 08:50:53+00:00,21.969156,114.470188,7.95,133.28,22.24,44.04,23.7,107.61,1
2026-03-04 08:51:17+00:00,21.968406,114.470814,8.54,142.26,22.4,44.05,23.09,102.94,1
2026-03-04 08:51:29+00:00,21.967948,114.470947,8.54,164.93,22.56,44.05,19.3,83.19,1
2026-03-04 08:52:06+00:00,21.966899,114.47189,7.98,140.18,22.7,44.06,23.4,102.15,1
2026-03-04 08:52:32+00:00,21.966012,114.472305,8.04,156.54,22.84,44.06,20.96,86.91,1
2026-03-04 08:52:44+00:00,21.965638,114.472559,7.96,147.8,22.97,44.07,22.22,97.6,1
2026-03-04 08:53:00+00:00,21.965271,114.473061,8.01,128.25,23.09,44.07,25.17,114.26,1
2026-03-04 08:53:28+00:00,21.964511,114.473754,7.68,139.78,23.21,44.08,23.4,104.28,1
2026-03-04 08:53:56+00:00,21.963645,114.474375,8.03,146.37,22.65,44.08,,,0
2026-03-04 08:54:22+00:00,21.962725,114.474833,8.42,155.22,22.42,44.09,20.55,91.9,1
2026-03-04 08:54:51+00:00,21.961859,114.475672,8.68,138.06,22.58,44.09,24.21,106.67,1
2026-03-04 08:55:20+00:00,21.961226,114.476553,7.7,127.77,22.72,44.1,24.8,114.79,1
2026-03-04 08:55:57+00:00,21.959983,114.477402,8.6,147.65,22.86,44.11,22.25,96.45,1
2026-03-04 08:56:17+00:00,21.959426,114.477937,8.06,138.3,22.99,44.11,23.87,108.13,1
2026-03-04 08:56:31+00:00,21.958927,114.478215,8.67,152.67,23.11,44.12,21.92,92.16,1
2026-03-04 08:56:43+00:00,21.958481,114.478366,8.42,162.57,23.23,44.12,20.53,84.88,1
2026-03-04 08:57:03+00:00,21.957789,114.478773,8.52,151.39,23.34,44.12,22.53,93.62,1
2026-03-04 08:57:23+00:00,21.957358,114.47937,7.58,127.9,23.44,44.13,25.64,113.89,1
2026-03-04 08:57:38+00:00,21.956932,114.479711,7.65,143.41,23.54,44.13,23.39,98.42,1
2026-03-04 08:58:25+00:00,21.955648,114.481033,8.16,136.32,23.63,44.14,24.53,105.07,1
2026-03-04 08:58:47+00:00,21.954967,114.481552,8.19,144.75,23.71,44.14,23.54,95.84,1
2026-03-04 08:59:04+00:00,21.954591,114.482031,7.4,130.24,23.79,44.15,24.7,108.69,1
2026-03-04 08:59:18+00:00,21.954151,114.482381,8.44,143.58,23.87,44.15,23.52,100.24,1
2026-03-04 08:59:46+00:00,21.953416,114.483209,8.21,133.74,23.94,44.15,25.77,109.71,1
2026-03-04 09:00:00+00:00,21.952958,114.483573,8.78,143.6,24.01,44.16,24.67,103.58,1
2026-03-04 09:00:32+00:00,21.95214,114.484563,8.31,131.7,24.07,44.24,25.74,110.4,1
2026-03-04 09:01:11+00:00,21.950927,114.485565,8.47,142.54,24.13,44.33,24.58,100.11,1
2026-03-04 09:01:47+00:00,21.949737,114.486505,8.86,143.77,24.19,44.43,24.46,98.78,1
2026-03-04 09:02:10+00:00,21.948905,114.487034,9.08,149.47,24.24,44.48,24.51,97.8,1
2026-03-04 09:02:56+00:00,21.947264,114.48785,8.49,155.24,24.29,44.6,23.07,92.59,1
2026-03-04 09:03:20+00:00,21.946567,114.48847,8.14,140.48,24.34,44.66,24.83,105.72,1
2026-03-04 09:03:36+00:00,21.946,114.488788,8.63,152.52,24.38,44.7,22.96,94.32,1
2026-03-04 09:04:03+00:00,21.94538,114.489541,7.48,131.6,24.42,44.77,25.45,111.18,1
2026-03-04 09:04:36+00:00,21.944511,114.490422,7.81,136.76,24.46,44.85,25.49,109.37,1
2026-03-04 09:05:08+00:00,21.943534,114.491251,8.4,141.8,24.5,44.93,24.7,103.34,1
2026-03-04 09:06:00+00:00,21.94185,114.492534,8.57,144.75,24.53,45.07,24.16,101.7,1
2026-03-04 09:06:09+00:00,21.941542,114.492723,8.51,150.35,24.57,45.09,23.59,94.29,1
2026-03-04 09:06:21+00:00,21.941208,114.493072,8.38,135.9,24.6,45.12,25.55,105.39,1
2026-03-04 09:06:38+00:00,21.940611,114.49342,8.63,151.6,24.63,45.16,24.18,92.65,1
2026-03-04 09:07:03+00:00,21.939948,114.494094,7.88,136.68,24.65,45.23,25.96,106.38,1
2026-03-04 09:07:23+00:00,21.939578,114.494706,7.32,123.1,24.68,45.28,27.18,117.57,1
2026-03-04 09:07:37+00:00,21.939267,114.495067,7.06,132.88,24.7,45.31,26.42,112.02,1
2026-03-04 09:08:01+00:00,21.93862,114.495707,7.91,137.46,24.73,45.37,25.71,105.99,1
2026-03-04 09:08:18+00:00,21.938079,114.496133,8.52,143.86,24.75,45.41,24.71,103.64,1
2026-03-04 09:08:31+00:00,21.937732,114.496528,8.39,133.44,24.77,45.45,26.89,109.63,1
2026-03-04 09:08:56+00:00,21.936917,114.497095,8.39,147.16,24.79,45.51,24.67,97.3,1
2026-03-04 09:09:24+00:00,21.936094,114.497887,8.52,138.25,24.81,45.58,25.54,103.89,1
2026-03-04 09:09:39+00:00,21.935571,114.498218,8.74,149.58,24.82,45.62,24.19,95.03,1
2026-03-04 09:10:06+00:00,21.934745,114.498938,8.5,141.04,24.84,45.69,,,0
2026-03-04 09:10:40+00:00,21.933591,114.499647,8.44,150.32,24.85,45.78,,,0
2026-03-04 09:11:01+00:00,21.932978,114.500145,7.9,143.0,24.87,45.83,,,0
2026-03-04 09:11:22+00:00,21.932455,114.500735,7.79,133.7,24.88,45.89,,,0
2026-03-04 09:11:42+00:00,21.932103,114.501385,7.55,120.28,24.9,45.94,,,0
2026-03-04 09:12:00+00:00,21.931672,114.501972,8.34,128.36,24.91,45.98,,,0
2026-03-04 09:12:33+00:00,21.931147,114.503015,7.21,118.49,24.92,46.07,,,0
2026-03-04 09:13:39+00:00,21.929643,114.505064,7.94,128.35,24.93,46.24,27.03,117.03,1
2026-03-04 09:14:22+00:00,21.928446,114.506323,8.41,135.7,24.94,46.35,26.23,108.4,1
2026-03-04 09:14:35+00:00,21.928147,114.506751,8.26,126.98,24.95,46.38,27.28,118.04,1
2026-03-04 09:15:07+00:00,21.927186,114.50757,8.27,141.67,24.96,46.47,25.59,105.45,1
2026-03-04 09:15:26+00:00,21.926654,114.508159,8.68,134.24,24.97,46.52,26.51,111.6,1
2026-03-04 09:16:07+00:00,21.925276,114.509249,9.01,143.73,24.98,46.62,25.56,98.73,1
2026-03-04 09:16:40+00:00,21.924129,114.509996,8.78,148.86,24.98,46.71,24.66,98.23,1
2026-03-04 09:17:19+00:00,21.923212,114.511276,8.31,127.68,24.99,46.81,27.49,118.92,1
2026-03-04 09:17:39+00:00,21.922486,114.511664,8.76,153.63,25.0,46.86,23.71,94.75,1
2026-03-04 09:17:59+00:00,21.921758,114.511937,8.33,160.82,25.01,46.91,22.76,86.38,1
2026-03-04 09:18:13+00:00,21.921336,114.512235,7.79,146.77,25.01,46.95,25.12,94.69,1
2026-03-04 09:18:42+00:00,21.920282,114.512684,8.45,158.44,25.02,47.02,166.87,-75.27,3
2026-03-04 09:18:55+00:00,21.920031,114.51307,7.27,125.03,25.02,47.06,27.18,117.85,1
2026-03-04 09:19:17+00:00,21.919507,114.513658,7.43,133.85,25.03,47.11,26.54,110.33,1
2026-03-04 09:19:33+00:00,21.919022,114.51403,8.04,144.57,25.04,47.15,25.51,103.4,1
2026-03-04 09:19:54+00:00,21.91829,114.514426,8.43,153.35,25.04,47.21,23.6,93.2,1
2026-03-04 09:20:08+00:00,21.917818,114.514768,8.78,146.09,25.05,47.24,25.4,102.07,1
2026-03-04 09:20:33+00:00,21.917173,114.515539,8.33,132.04,25.05,47.31,26.91,113.11,1
2026-03-04 09:20:44+00:00,21.916825,114.515803,8.36,144.86,25.05,47.34,25.52,99.59,1
2026-03-04 09:21:27+00:00,21.915752,114.516975,7.68,134.62,25.06,47.45,26.34,105.09,1
2026-03-04 09:21:47+00:00,21.91531,114.517607,7.94,127.01,25.06,47.5,27.09,117.75,1
2026-03-04 09:22:02+00:00,21.914829,114.517968,8.45,145.15,25.07,47.54,24.88,102.0,1
2026-03-04 09:22:40+00:00,21.913734,114.519013,8.32,138.48,25.07,47.64,26.31,106.36,1
2026-03-04 09:22:49+00:00,21.913425,114.519218,8.71,148.39,25.07,47.66,25.04,96.09,1
2026-03-04 09:23:14+00:00,21.912491,114.519727,9.05,153.18,25.08,47.72,24.02,96.85,1
2026-03-04 09:24:09+00:00,21.910701,114.521146,8.73,143.67,25.08,47.87,25.9,103.42,1
2026-03-04 09:24:27+00:00,21.910004,114.52131,8.57,167.69,25.08,47.91,21.62,80.98,1
2026-03-04 09:24:48+00:00,21.90938,114.521778,7.82,145.17,25.09,47.96,25.31,104.37,1
2026-03-04 09:24:57+00:00,21.909061,114.521972,8.8,150.57,25.09,47.99,24.35,93.47,1
2026-03-04 09:25:09+00:00,21.908726,114.522286,8.0,138.99,25.09,48.02,26.01,105.39,1
2026-03-04 09:25:23+00:00,21.908421,114.522703,7.61,128.25,25.1,48.05,27.45,115.24,1
2026-03-04 09:25:40+00:00,21.907904,114.52311,8.14,143.86,25.1,48.1,25.34,105.6,1
2026-03-04 09:25:58+00:00,21.907383,114.523668,8.82,135.18,25.1,48.14,26.92,108.71,1
2026-03-04 09:26:15+00:00,21.906864,114.52406,8.06,144.98,25.1,48.19,25.74,105.41,1
2026-03-04 09:26:30+00:00,21.906534,114.524539,7.98,126.6,25.11,48.23,27.66,118.2,1
2026-03-04 09:27:07+00:00,21.905244,114.525376,8.8,148.95,25.11,48.32,25.28,99.39,1
2026-03-04 09:27:35+00:00,21.904295,114.525887,8.19,153.45,25.11,48.39,23.97,93.53,1
2026-03-04 09:28:01+00:00,21.90349,114.526509,8.23,144.36,25.11,48.46,25.77,101.87,1
2026-03-04 09:28:27+00:00,21.902771,114.527195,7.98,138.48,25.12,48.53,26.79,109.77,1
2026-03-04 09:28:38+00:00,21.902515,114.527541,8.07,128.57,25.12,48.55,26.94,114.53,1
2026-03-04 09:28:56+00:00,21.901922,114.527936,8.37,148.28,25.12,48.6,24.87,100.2,1
2026-03-04 09:29:14+00:00,21.901552,114.528521,7.89,124.28,25.12,48.65,28.31,119.36,1
2026-03-04 09:29:40+00:00,21.900855,114.529305,8.38,133.78,25.13,48.71,27.1,111.3,1
2026-03-04 09:29:48+00:00,21.900599,114.52954,9.09,139.58,25.13,48.73,26.7,114.3,1
2026-03-04 09:30:24+00:00,21.899354,114.530412,8.91,146.98,25.13,48.83,25.26,102.98,1
2026-03-04 09:30:57+00:00,21.898071,114.531043,9.24,155.47,25.13,48.91,24.2,96.15,1
2026-03-04 09:31:39+00:00,21.896881,114.532169,8.15,138.72,25.13,49.02,26.42,110.51,1
2026-03-04 09:31:59+00:00,21.896215,114.532695,8.92,143.77,25.14,49.07,26.33,102.48,1
2026-03-04 09:32:28+00:00,21.895095,114.533153,8.93,159.22,25.14,49.14,23.69,94.23,1
2026-03-04 09:32:45+00:00,21.894555,114.533613,8.75,141.68,25.14,49.19,26.36,101.94,1
2026-03-04 09:32:59+00:00,21.894247,114.534072,8.11,125.87,25.14,49.22,28.02,118.1,1
2026-03-04 09:33:17+00:00,21.893779,114.534597,8.11,133.85,25.14,49.27,26.99,111.81,1
2026-03-04 09:34:08+00:00,21.892337,114.536018,8.28,137.56,25.15,49.4,26.6,111.04,1
2026-03-04 09:34:14+00:00,21.89213,114.536136,8.44,152.12,25.15,49.41,24.82,97.19,1
2026-03-04 09:34:26+00:00,21.891627,114.536177,9.09,175.67,25.15,49.44,20.97,73.77,1
2026-03-04 09:34:40+00:00,21.891094,114.53636,8.64,162.33,25.15,49.48,23.29,87.18,1
2026-03-04 09:35:13+00:00,21.890175,114.537249,8.09,138.09,25.15,49.56,27.24,107.2,1
2026-03-04 09:35:45+00:00,21.889289,114.538214,8.51,134.7,25.16,49.64,27.5,110.08,1
2026-03-04 09:36:01+00:00,21.88874,114.538561,8.6,149.61,25.16,49.69,25.05,101.21,1
2026-03-04 09:36:13+00:00,21.888389,114.538899,8.48,138.22,25.16,49.72,27.12,111.35,1
2026-03-04 09:36:31+00:00,21.887696,114.539181,8.9,159.31,25.16,49.76,23.59,94.31,1
2026-03-04 09:36:40+00:00,21.887387,114.539398,8.86,146.91,25.16,49.78,25.01,101.36,1
2026-03-04 09:36:59+00:00,21.886896,114.53999,8.38,131.79,25.17,49.83,27.31,116.92,1
2026-03-04 09:37:18+00:00,21.886296,114.540519,8.82,140.71,25.17,49.88,25.99,108.0,1
2026-03-04 09:37:44+00:00,21.885419,114.541108,8.59,148.07,25.17,49.95,28.75,103.8,1
2026-03-04 09:38:20+00:00,21.884072,114.541851,9.09,152.89,25.17,50.04,24.79,100.12,1
2026-03-04 09:38:42+00:00,21.883252,114.542442,9.69,146.23,25.17,50.09,26.49,106.05,1
2026-03-04 09:38:59+00:00,21.882638,114.542742,8.57,155.61,25.17,50.14,24.43,93.69,1
2026-03-04 09:39:44+00:00,21.881092,114.543929,9.12,144.53,25.18,50.25,26.06,108.0,1
2026-03-04 09:39:59+00:00,21.880519,114.544204,9.04,155.99,25.18,50.29,24.59,96.53,1
2026-03-04 09:40:32+00:00,21.879504,114.545148,8.78,139.2,25.18,50.37,26.17,108.89,1
2026-03-04 09:41:38+00:00,21.877124,114.5466,8.96,150.48,25.18,50.54,25.3,97.86,1
2026-03-04 09:43:01+00:00,21.874884,114.549029,8.28,134.82,25.19,50.74,27.54,112.89,1
2026-03-04 09:43:19+00:00,21.87423,114.549432,9.05,150.24,25.19,50.79,24.88,104.21,1
2026-03-04 09:43:49+00:00,21.873163,114.550236,9.38,145.04,25.19,50.86,26.58,109.01,1
2026-03-04 09:44:07+00:00,21.872702,114.550829,8.62,129.95,25.19,50.91,28.24,116.24,1
2026-03-04 09:44:12+00:00,21.872528,114.550936,8.66,150.29,25.2,50.92,25.15,98.06,1
2026-03-04 09:44:24+00:00,21.872258,114.551334,8.24,126.17,25.2,50.95,28.63,123.6,1
2026-03-04 09:44:33+00:00,21.871983,114.551592,8.76,138.96,25.2,50.97,27.65,108.68,1
2026-03-04 09:44:55+00:00,21.871408,114.552311,8.65,130.75,25.2,51.03,28.12,118.95,1
2026-03-04 09:45:23+00:00,21.870712,114.553251,8.61,128.58,25.2,51.1,28.42,118.54,1
2026-03-04 09:46:14+00:00,21.86904,114.554613,8.88,142.91,25.21,51.23,26.34,111.14,1
2026-03-04 09:46:27+00:00,21.868668,114.555003,8.63,135.79,25.21,51.26,27.16,112.19,1
2026-03-04 09:46:47+00:00,21.868224,114.555713,8.59,123.97,25.21,51.31,29.2,126.07,1
2026-03-04 09:47:09+00:00,21.867549,114.556381,9.0,137.43,25.21,51.36,27.09,113.47,1
2026-03-04 09:47:23+00:00,21.867046,114.556677,8.85,151.36,25.22,51.4,25.26,100.74,1
2026-03-04 09:47:58+00:00,21.866074,114.557775,8.7,133.65,25.22,51.48,27.63,111.97,1
2026-03-04 09:48:28+00:00,21.865109,114.558504,8.49,144.97,25.22,51.56,27.01,101.12,1
2026-03-04 09:48:58+00:00,21.864143,114.559326,8.87,141.7,25.22,51.63,33.18,108.87,1
2026-03-04 09:49:37+00:00,21.862965,114.560488,8.85,137.53,25.23,51.73,27.65,113.53,1
2026-03-04 09:50:01+00:00,21.862108,114.561082,9.18,147.25,25.23,51.79,25.86,102.85,1
2026-03-04 09:50:09+00:00,21.861869,114.561291,8.32,140.94,25.23,51.81,26.6,106.85,1
2026-03-04 09:50:54+00:00,21.860158,114.562144,9.06,155.17,25.23,51.92,24.48,98.71,1
2026-03-04 09:51:07+00:00,21.85976,114.562502,8.62,140.14,25.24,51.95,26.79,111.6,1
2026-03-04 09:51:18+00:00,21.859326,114.562668,9.05,160.46,25.24,51.98,24.07,92.24,1
2026-03-04 09:51:31+00:00,21.858899,114.562954,8.36,148.13,25.24,52.01,25.95,104.28,1
2026-03-04 09:51:58+00:00,21.858152,114.56379,8.62,133.91,25.24,52.07,27.53,113.69,1
2026-03-04 09:52:26+00:00,21.857242,114.564493,8.64,144.36,25.24,52.14,26.63,106.19,1
2026-03-04 09:52:47+00:00,21.856599,114.565129,8.98,137.45,25.25,52.19,27.9,117.05,1
2026-03-04 09:53:02+00:00,21.856129,114.565532,8.66,141.49,25.25,52.23,26.92,109.72,1
2026-03-04 09:53:31+00:00,21.855064,114.566259,9.4,147.64,25.25,52.3,26.67,105.91,1
2026-03-04 09:53:41+00:00,21.854689,114.566427,8.78,157.42,25.25,52.33,24.25,99.77,1
2026-03-04 09:53:52+00:00,21.854354,114.566766,9.03,136.8,25.26,52.35,27.26,111.74,1
2026-03-04 09:54:22+00:00,21.85331,114.56752,9.06,146.17,25.26,52.43,25.74,107.97,1
2026-03-04 09:54:50+00:00,21.852529,114.568288,8.16,137.61,25.26,52.49,27.65,115.61,1
2026-03-04 09:55:30+00:00,21.851079,114.569289,9.31,147.35,25.26,52.59,26.38,105.33,1
2026-03-04 09:55:51+00:00,21.850311,114.569722,8.92,152.38,25.27,52.64,25.31,102.29,1
2026-03-04 09:56:10+00:00,21.84978,114.570272,8.38,136.13,25.27,52.69,27.6,112.21,1
2026-03-04 09:56:38+00:00,21.848866,114.571037,8.93,142.16,25.27,52.75,26.55,108.63,1
2026-03-04 09:57:04+00:00,21.848143,114.571831,8.58,134.45,25.27,52.82,28.58,116.89,1
2026-03-04 09:57:22+00:00,21.847497,114.572256,9.09,148.59,25.27,52.86,26.03,106.23,1
2026-03-04 09:57:29+00:00,21.847289,114.572488,9.24,134.01,25.28,52.88,28.25,120.0,1
2026-03-04 09:57:33+00:00,21.847137,114.572541,8.63,162.07,25.28,52.89,24.1,93.93,1
2026-03-04 09:58:17+00:00,21.845772,114.573741,8.65,140.79,25.28,52.99,27.18,110.73,1
2026-03-04 09:58:36+00:00,21.845186,114.574313,9.0,137.82,25.28,53.04,27.66,116.55,1
2026-03-04 09:59:06+00:00,21.844033,114.574951,9.34,152.81,25.29,53.11,25.2,100.83,1
2026-03-04 09:59:27+00:00,21.843308,114.575511,9.18,144.36,25.29,53.16,26.86,110.69,1
2026-03-04 09:59:54+00:00,21.842275,114.57608,9.29,152.92,25.29,53.22,26.0,101.82,1
2026-03-04 10:00:05+00:00,21.841825,114.57628,9.57,157.58,25.29,53.23,25.13,98.56,1
2026-03-04 10:00:22+00:00,21.841434,114.576816,8.05,128.16,25.3,53.23,28.94,121.75,1
2026-03-04 10:00:49+00:00,21.840634,114.577571,8.51,138.78,25.3,53.21,27.15,109.33,1
2026-03-04 10:01:10+00:00,21.840051,114.578185,8.39,135.65,25.3,53.2,27.39,112.79,1
2026-03-04 10:01:18+00:00,21.839723,114.578354,9.82,154.44,25.3,53.19,25.26,101.35,1
2026-03-04 10:01:27+00:00,21.839315,114.578393,9.84,174.93,25.31,53.19,21.82,77.45,1
2026-03-04 10:01:42+00:00,21.838691,114.578588,9.36,163.82,25.31,53.18,24.01,92.73,1
2026-03-04 10:02:01+00:00,21.837981,114.578972,9.04,153.34,25.31,53.17,24.82,102.13,1
2026-03-04 10:02:09+00:00,21.837675,114.579209,10.18,144.29,25.31,53.16,27.56,111.6,1
2026-03-04 10:02:24+00:00,21.837262,114.579681,8.68,133.31,25.31,53.15,28.08,115.3,1
2026-03-04 10:02:39+00:00,21.836758,114.580044,8.74,146.23,25.32,53.14,26.2,109.02,1
2026-03-04 10:02:51+00:00,21.836437,114.58042,8.54,132.61,25.32,53.14,27.86,121.96,1
2026-03-04 10:03:48+00:00,21.834415,114.581869,9.21,146.37,25.32,53.1,25.95,107.37,1
2026-03-04 10:04:05+00:00,21.833845,114.582354,9.24,141.7,25.32,53.09,27.41,112.29,1
2026-03-04 10:04:10+00:00,21.833642,114.582462,9.79,153.72,25.33,53.09,25.43,102.02,1
2026-03-04 10:04:27+00:00,21.832939,114.582627,9.15,167.71,25.33,53.08,22.68,87.56,1
2026-03-04 10:04:43+00:00,21.832357,114.582917,8.66,155.18,25.33,53.07,24.61,97.46,1
2026-03-04 10:04:55+00:00,21.831855,114.583024,9.22,168.81,25.33,53.06,22.79,85.45,1
2026-03-04 10:05:06+00:00,21.831455,114.583244,8.82,152.95,25.34,53.06,25.86,101.97,1
2026-03-04 10:05:23+00:00,21.830722,114.58327,9.32,178.11,25.34,53.05,21.31,80.53,1
2026-03-04 10:05:38+00:00,21.830279,114.583641,8.09,142.14,25.34,53.04,26.27,105.71,1
2026-03-04 10:06:03+00:00,21.829588,114.584414,8.61,133.92,25.34,53.02,27.95,116.56,1
2026-03-04 10:06:22+00:00,21.82894,114.58492,9.1,144.06,25.35,53.01,26.69,106.47,1
2026-03-04 10:06:30+00:00,21.828632,114.585088,9.33,153.14,25.35,53.01,24.61,104.22,1
2026-03-04 10:06:43+00:00,21.828082,114.58512,9.16,176.91,25.35,53.0,21.61,75.5,1
2026-03-04 10:06:56+00:00,21.827573,114.585324,9.03,159.59,24.59,52.99,23.78,91.98,1
2026-03-04 10:07:10+00:00,21.827295,114.585794,7.99,122.5,23.83,52.98,31.65,127.46,1
2026-03-04 10:07:20+00:00,21.827284,114.585996,4.06,93.36,23.08,52.98,31.59,148.85,1
2026-03-04 10:07:49+00:00,21.827165,114.586247,1.95,117.05,22.34,52.97,23.59,121.56,1
2026-03-04 10:07:59+00:00,21.827095,114.5862,1.78,211.94,21.61,52.96,19.88,23.27,1
2026-03-04 10:08:06+00:00,21.82697,114.586272,4.38,151.87,20.9,52.96,20.35,93.98,1
2026-03-04 10:08:24+00:00,21.826735,114.586686,5.41,121.44,20.23,52.95,23.55,127.1,1
2026-03-04 10:08:45+00:00,21.826608,114.587084,4.02,108.97,19.59,52.94,22.11,130.9,1
2026-03-04 10:09:00+00:00,21.82637,114.587422,5.67,127.18,19.02,52.93,21.27,120.4,1
2026-03-04 10:09:17+00:00,21.826302,114.58772,3.62,103.81,18.5,52.92,20.97,135.91,1
2026-03-04 10:10:06+00:00,21.825181,114.58875,6.5,139.54,18.03,52.89,19.58,110.43,1
2026-03-04 10:10:23+00:00,21.82466,114.589107,7.85,147.54,17.62,52.88,18.65,109.43,1
2026-03-04 10:10:42+00:00,21.824031,114.589424,7.9,154.93,17.26,52.87,17.25,106.49,1
2026-03-04 10:10:51+00:00,21.823848,114.589659,6.84,129.99,16.99,52.87,19.51,123.82,1
2026-03-04 10:10:56+00:00,21.823678,114.589738,8.0,156.66,17.5,52.86,17.41,103.99,1
2026-03-04 10:11:07+00:00,21.823519,114.590019,6.0,121.36,17.97,52.86,20.77,127.26,1
2026-03-04 10:11:14+00:00,21.823299,114.590145,7.69,152.0,18.43,52.85,18.59,105.72,1
2026-03-04 10:11:38+00:00,21.822348,114.590467,8.98,162.55,18.85,52.84,17.97,96.8,1
2026-03-04 10:12:11+00:00,21.821181,114.591104,8.57,153.13,18.53,52.82,18.9,105.46,1
2026-03-04 10:12:36+00:00,21.820197,114.591279,8.62,170.62,18.21,52.81,16.56,90.82,1
2026-03-04 10:12:43+00:00,21.820011,114.59147,7.93,136.37,17.91,52.8,19.59,119.74,1
2026-03-04 10:13:22+00:00,21.819556,114.592341,5.14,119.37,17.62,52.78,20.55,127.55,1
2026-03-04 10:13:38+00:00,21.81926,114.592678,5.82,133.41,17.34,52.77,19.54,116.51,1
2026-03-04 10:13:52+00:00,21.818904,114.592938,6.64,145.86,17.06,52.76,17.35,107.8,1
2026-03-04 10:14:24+00:00,21.817884,114.593306,7.27,161.48,16.78,52.75,15.9,103.04,1
2026-03-04 10:14:45+00:00,21.817171,114.593405,7.4,172.65,16.51,52.73,14.22,88.47,1
2026-03-04 10:15:03+00:00,21.816596,114.593603,7.25,162.27,16.24,52.72,14.99,97.58,1
2026-03-04 10:15:23+00:00,21.815913,114.593587,7.38,181.25,16.0,52.71,12.55,77.86,1
2026-03-04 10:15:39+00:00,21.81548,114.593821,6.54,153.36,15.78,52.7,15.6,102.26,1
2026-03-04 10:15:52+00:00,21.815067,114.593882,6.93,172.19,15.59,52.7,14.11,86.6,1
2026-03-04 10:16:21+00:00,21.814136,114.594321,7.57,156.36,15.4,52.68,15.76,105.31,1
2026-03-04 10:16:35+00:00,21.813688,114.594404,7.02,170.24,15.23,52.67,13.88,86.1,1
2026-03-04 10:17:07+00:00,21.8126,114.594991,8.22,153.39,15.07,52.65,15.98,106.94,1
2026-03-04 10:17:24+00:00,21.812028,114.595142,7.49,166.23,14.91,52.64,13.41,95.08,1
2026-03-04 10:18:05+00:00,21.810914,114.596079,7.45,142.01,14.75,52.62,16.44,117.7,1
2026-03-04 10:18:33+00:00,21.810017,114.596581,7.8,152.54,14.59,52.6,15.46,109.71,1
2026-03-04 10:18:48+00:00,21.809645,114.596887,6.74,142.63,14.43,52.59,15.56,117.97,1
2026-03-04 10:19:14+00:00,21.809092,114.597481,6.49,135.08,14.27,52.58,16.64,117.6,1
2026-03-04 10:19:36+00:00,21.808544,114.597928,6.75,142.86,14.11,52.57,15.54,113.83,1
2026-03-04 10:19:45+00:00,21.808419,114.598162,6.02,119.91,13.96,52.56,17.09,134.53,1
2026-03-04 10:19:57+00:00,21.808444,114.598325,2.76,80.62,13.83,52.56,16.53,156.77,1
2026-03-04 10:20:37+00:00,21.807703,114.599021,5.31,138.91,13.71,52.53,15.15,116.08,1
2026-03-04 10:21:07+00:00,21.80677,114.599408,7.2,158.94,13.6,52.52,13.36,108.54,1
2026-03-04 10:21:58+00:00,21.805305,114.600486,7.52,145.66,13.51,52.49,,,0
2026-03-04 10:22:28+00:00,21.804402,114.601082,7.63,148.5,13.43,52.47,14.41,114.77,1
2026-03-04 10:23:00+00:00,21.803427,114.601663,7.53,151.05,13.37,52.45,14.51,112.15,1
2026-03-04 10:23:21+00:00,21.802905,114.602179,7.29,137.45,13.32,52.44,15.91,118.58,1
2026-03-04 10:23:56+00:00,21.801862,114.602795,7.35,151.26,13.28,52.42,14.06,111.39,1
2026-03-04 10:24:12+00:00,21.801464,114.603177,7.2,138.29,13.25,52.41,15.62,123.44,1
2026-03-04 10:24:48+00:00,21.800416,114.603911,7.51,146.96,13.21,52.39,14.29,117.18,1
2026-03-04 10:25:21+00:00,21.799433,114.604445,7.21,153.23,13.18,52.37,14.06,111.3,1
2026-03-04 10:25:59+00:00,21.798571,114.605264,6.54,138.58,13.16,52.35,15.02,118.66,1
2026-03-04 10:26:16+00:00,21.798091,114.605605,7.31,146.59,13.13,52.34,14.39,114.52,1
2026-03-04 10:26:49+00:00,21.797076,114.606241,7.69,149.81,13.09,52.32,14.61,117.29,1
2026-03-04 10:27:18+00:00,21.796146,114.606622,7.42,159.17,13.02,52.3,12.77,105.28,1
2026-03-04 10:27:32+00:00,21.79573,114.606895,7.52,148.64,12.92,52.29,13.79,115.96,1
2026-03-04 10:27:48+00:00,21.795352,114.607238,6.68,139.88,12.81,52.29,14.22,119.74,1
2026-03-04 10:27:56+00:00,21.795287,114.607449,5.58,108.35,12.68,52.28,16.64,143.18,1
2026-03-04 10:28:13+00:00,21.795317,114.607577,1.56,75.83,12.53,52.27,13.59,160.94,1
2026-03-04 10:28:31+00:00,21.795122,114.60766,2.52,158.44,12.38,52.27,12.46,82.94,1
2026-03-04 10:28:59+00:00,21.794912,114.608136,3.78,115.41,12.24,52.25,13.72,128.05,1
2026-03-04 10:29:16+00:00,21.794677,114.608409,4.39,132.83,12.11,52.24,14.05,119.25,1
2026-03-04 10:29:34+00:00,21.794509,114.608736,4.17,118.96,12.0,52.24,14.24,128.82,1
2026-03-04 10:30:43+00:00,21.793347,114.610073,5.33,133.11,11.92,52.2,13.77,120.59,1
2026-03-04 10:31:14+00:00,21.79255,114.610777,7.19,140.64,11.88,52.18,13.88,124.34,1
2026-03-04 10:31:37+00:00,21.791715,114.611164,8.54,156.72,11.86,52.17,12.87,116.24,1
2026-03-04 10:31:49+00:00,21.791329,114.611444,8.38,146.04,11.85,52.16,14.04,122.77,1
2026-03-04 10:32:09+00:00,21.790643,114.611738,7.98,158.3,11.88,52.15,12.66,113.85,1
2026-03-04 10:32:17+00:00,21.790446,114.611946,7.45,135.57,11.9,52.14,14.78,125.96,1
2026-03-04 10:32:34+00:00,21.790235,114.612388,5.87,117.21,11.96,52.14,15.43,138.3,1
2026-03-04 10:32:44+00:00,21.79002,114.612617,6.54,135.32,12.02,52.13,14.24,122.13,1
2026-03-04 10:32:59+00:00,21.78991,114.612998,5.34,107.27,12.08,52.12,15.74,142.31,1
2026-03-04 10:33:30+00:00,21.789231,114.613706,6.59,135.93,12.15,52.11,14.53,126.04,1
2026-03-04 10:33:51+00:00,21.788582,114.614234,8.37,142.93,12.97,52.09,14.82,119.5,1
2026-03-04 10:33:59+00:00,21.788239,114.614345,9.68,163.27,13.73,52.09,13.24,109.54,1
2026-03-04 10:34:12+00:00,21.787694,114.614366,9.07,177.95,14.45,52.08,11.94,95.23,1
2026-03-04 10:34:23+00:00,21.787443,114.614649,7.14,133.69,15.12,52.08,17.69,124.32,1
2026-03-04 10:34:35+00:00,21.7871,114.614956,8.03,140.27,15.75,52.07,17.85,118.1,1
2026-03-04 10:35:11+00:00,21.78574,114.615792,9.4,150.28,16.35,52.05,17.66,112.11,1
2026-03-04 10:35:38+00:00,21.784869,114.61659,9.15,139.61,16.91,52.03,19.67,122.21,1
2026-03-04 10:35:52+00:00,21.784352,114.616901,9.14,150.81,17.43,52.02,18.24,112.98,1
2026-03-04 10:36:08+00:00,21.783863,114.617375,8.89,138.01,17.92,52.01,20.32,117.23,1
2026-03-04 10:36:45+00:00,21.782467,114.618068,8.98,155.25,18.39,51.99,18.58,102.49,1
2026-03-04 10:37:26+00:00,21.781155,114.619215,8.91,140.93,18.82,51.97,20.68,116.62,1
2026-03-04 10:37:40+00:00,21.780682,114.6195,8.37,150.77,19.23,51.96,19.89,107.18,1
2026-03-04 10:37:48+00:00,21.780359,114.61961,9.15,162.45,19.62,51.95,18.01,96.48,1
2026-03-04 10:38:25+00:00,21.779073,114.62059,9.2,144.71,19.98,51.93,21.9,113.77,1
2026-03-04 10:38:43+00:00,21.778337,114.62089,9.45,159.27,20.32,51.92,19.83,98.49,1
2026-03-04 10:38:54+00:00,21.77798,114.621158,8.55,145.12,20.64,51.91,21.97,105.51,1
2026-03-04 10:39:31+00:00,21.776869,114.622299,8.97,136.36,20.94,51.89,23.86,116.95,1
2026-03-04 10:39:40+00:00,21.776565,114.622532,8.96,144.56,21.23,51.88,23.15,110.73,1
2026-03-04 10:39:53+00:00,21.776061,114.622782,9.23,155.27,21.49,51.88,21.64,100.94,1
2026-03-04 10:40:07+00:00,21.775492,114.622909,8.97,168.29,21.74,51.87,18.93,85.61,1
2026-03-04 10:40:14+00:00,21.775251,114.623048,8.44,151.83,21.98,51.86,21.75,98.47,1
2026-03-04 10:40:29+00:00,21.774819,114.623452,8.24,139.03,22.2,51.86,23.87,111.82,1
2026-03-04 10:40:50+00:00,21.77405,114.623893,8.97,151.96,22.4,51.84,22.63,104.64,1
2026-03-04 10:41:20+00:00,21.773119,114.624773,8.93,138.72,22.6,51.82,24.9,116.72,1
2026-03-04 10:41:45+00:00,21.772138,114.625284,9.42,154.19,22.78,51.81,22.49,103.9,1
2026-03-04 10:41:56+00:00,21.77175,114.625611,9.68,141.95,22.96,51.8,24.95,111.11,1
2026-03-04 10:42:27+00:00,21.770718,114.626314,8.51,147.68,23.12,51.78,23.58,102.64,1
2026-03-04 10:42:32+00:00,21.77051,114.626375,9.32,164.76,23.27,51.78,21.24,91.61,1
2026-03-04 10:42:51+00:00,21.769804,114.626796,9.18,151.02,23.42,51.77,219.4,140.89,3
2026-03-04 10:43:18+00:00,21.768922,114.627554,9.03,141.41,23.55,51.75,25.0,112.09,1
2026-03-04 10:43:58+00:00,21.767465,114.628549,9.32,147.62,23.68,51.73,24.14,102.29,1
2026-03-04 10:44:29+00:00,21.766236,114.629136,9.37,156.08,23.8,51.71,23.02,96.82,1
2026-03-04 10:44:44+00:00,21.765771,114.629517,8.42,142.73,23.91,51.7,25.52,108.42,1
2026-03-04 10:45:07+00:00,21.764955,114.629934,8.49,154.61,24.02,51.69,23.33,98.56,1
2026-03-04 10:45:22+00:00,21.764519,114.630257,7.63,145.47,24.12,51.68,25.6,105.6,1
2026-03-04 10:45:42+00:00,21.763792,114.630445,8.08,166.5,24.21,51.67,22.22,84.86,1
2026-03-04 10:45:48+00:00,21.763675,114.630592,6.48,130.6,24.3,51.66,26.38,115.7,1
2026-03-04 10:46:02+00:00,21.763266,114.630895,7.66,145.47,24.38,51.66,24.81,104.12,1
2026-03-04 10:46:06+00:00,21.763119,114.630923,8.07,169.97,24.46,51.65,22.03,82.05,1
2026-03-04 10:46:18+00:00,21.762779,114.631238,8.08,139.29,24.53,51.65,25.97,110.97,1
2026-03-04 10:46:47+00:00,21.761759,114.631789,8.51,153.36,24.6,51.63,24.38,98.41,1
2026-03-04 10:47:12+00:00,21.760964,114.63239,8.4,144.93,24.67,51.61,26.36,105.27,1
2026-03-04 10:47:20+00:00,21.760674,114.632525,8.54,156.62,24.73,51.61,23.95,95.26,1
2026-03-04 10:47:42+00:00,21.760022,114.633138,8.5,138.87,24.79,51.6,26.93,112.33,1
2026-03-04 10:47:55+00:00,21.759499,114.633329,9.18,161.26,24.84,51.59,23.2,92.54,1
2026-03-04 10:48:28+00:00,21.758254,114.634032,9.21,152.33,24.89,51.57,24.87,101.33,1
2026-03-04 10:48:56+00:00,21.757545,114.634854,8.04,132.88,24.94,51.55,27.87,118.26,1
2026-03-04 10:49:08+00:00,21.757116,114.635113,8.86,150.72,24.99,51.55,24.96,101.71,1
2026-03-04 10:49:25+00:00,21.756591,114.635608,8.87,138.79,25.03,51.54,27.5,110.64,1
2026-03-04 10:49:44+00:00,21.755841,114.635969,9.35,155.91,25.07,51.52,24.7,99.08,1
2026-03-04 10:49:54+00:00,21.75564,114.636343,8.67,120.06,25.11,51.52,29.25,124.66,1
2026-03-04 10:50:07+00:00,21.755303,114.636686,7.71,136.61,25.15,51.51,27.12,109.32,1
2026-03-04 10:50:20+00:00,21.754799,114.636927,9.17,156.05,25.18,51.5,24.83,97.32,1
2026-03-04 10:50:33+00:00,21.754406,114.637268,8.39,141.14,25.21,51.5,26.81,109.77,1
2026-03-04 10:50:48+00:00,21.753796,114.637485,9.26,161.72,25.25,51.49,23.22,88.79,1
2026-03-04 10:50:58+00:00,21.753408,114.637701,9.44,152.66,25.27,51.48,24.99,99.61,1
2026-03-04 10:51:14+00:00,21.752995,114.63812,7.67,136.7,25.3,51.47,26.97,109.97,1
2026-03-04 10:51:34+00:00,21.752324,114.638544,8.41,149.59,25.33,51.46,25.51,99.92,1
2026-03-04 10:51:41+00:00,21.752035,114.638646,9.39,161.85,25.35,51.46,23.95,93.23,1
2026-03-04 10:52:00+00:00,21.751539,114.639155,7.8,136.37,25.37,51.45,27.25,113.07,1
2026-03-04 10:52:28+00:00,21.750568,114.639846,8.99,146.54,25.4,51.43,25.77,104.85,1
2026-03-04 10:52:43+00:00,21.749998,114.640155,9.2,153.27,25.42,51.42,25.3,97.99,1
2026-03-04 10:52:59+00:00,21.749591,114.640656,8.35,131.17,25.44,51.41,28.33,114.52,1
2026-03-04 10:53:29+00:00,21.748693,114.641487,8.53,139.32,25.45,51.4,27.3,113.23,1
2026-03-04 10:53:47+00:00,21.748137,114.641879,7.98,146.78,25.47,51.39,26.29,103.61,1
2026-03-04 10:54:01+00:00,21.747776,114.64229,8.11,133.4,25.49,51.38,28.05,113.36,1
2026-03-04 10:54:22+00:00,21.74698,114.642665,8.94,156.37,25.5,51.37,24.88,96.87,1
2026-03-04 10:54:45+00:00,21.746027,114.642873,9.14,168.54,25.52,51.35,22.82,83.52,1
2026-03-04 10:55:01+00:00,21.745407,114.643194,9.29,154.32,25.53,51.34,24.64,97.57,1
2026-03-04 10:55:16+00:00,21.744856,114.643581,9.48,146.88,25.55,51.33,26.5,106.29,1
2026-03-04 10:55:29+00:00,21.744309,114.643797,9.69,159.86,25.56,51.33,24.35,92.21,1
2026-03-04 10:55:45+00:00,21.743681,114.644173,9.71,150.92,25.57,51.32,25.87,101.49,1
2026-03-04 10:56:20+00:00,21.742245,114.644712,9.39,160.78,25.58,51.3,23.75,92.28,1
2026-03-04 10:57:08+00:00,21.740627,114.6458,8.59,148.01,25.59,51.27,25.7,101.4,1
2026-03-04 10:57:28+00:00,21.739864,114.64613,8.89,158.11,25.61,51.26,24.86,94.76,1
2026-03-04 10:57:39+00:00,21.739512,114.646396,8.45,144.93,25.62,51.25,26.44,108.65,1
2026-03-04 10:57:48+00:00,21.739159,114.64652,8.92,161.93,25.63,51.25,24.18,88.18,1
2026-03-04 10:57:54+00:00,21.73895,114.646712,9.9,139.52,25.63,51.25,27.76,109.27,1
2026-03-04 10:58:17+00:00,21.738059,114.647179,9.31,154.04,25.64,51.23,25.28,94.25,1
2026-03-04 10:59:08+00:00,21.736235,114.648313,8.93,149.99,25.65,51.21,195.86,-66.03,3
2026-03-04 10:59:40+00:00,21.735107,114.649096,9.07,147.19,25.66,51.19,26.15,102.72,1
2026-03-04 11:00:17+00:00,21.733883,114.650102,9.0,142.64,25.67,51.18,27.01,108.43,1
2026-03-04 11:00:28+00:00,21.733495,114.650323,8.63,152.12,25.68,51.18,25.35,98.73,1
2026-03-04 11:00:52+00:00,21.732781,114.65096,8.35,140.35,25.68,51.18,26.99,105.55,1
2026-03-04 11:01:14+00:00,21.731914,114.651356,9.25,157.01,25.69,51.17,24.72,91.56,1
2026-03-04 11:01:26+00:00,21.731486,114.651632,8.99,149.08,25.7,51.17,26.1,102.68,1
2026-03-04 11:01:40+00:00,21.730922,114.651832,9.17,161.77,25.7,51.17,23.92,90.57,1
2026-03-04 11:01:50+00:00,21.730561,114.652072,9.17,148.3,25.71,51.17,26.58,102.34,1
2026-03-04 11:01:58+00:00,21.730348,114.652308,8.26,134.17,25.72,51.17,27.68,110.73,1
2026-03-04 11:02:07+00:00,21.730008,114.652421,8.55,162.84,25.72,51.17,23.87,88.66,1
2026-03-04 11:02:36+00:00,21.728984,114.65309,8.93,148.75,25.73,51.17,25.96,104.79,1
2026-03-04 11:03:02+00:00,21.728006,114.653602,9.04,154.07,25.73,51.16,25.73,98.04,1
2026-03-04 11:03:10+00:00,21.727682,114.653694,9.05,165.22,25.74,51.16,23.6,84.8,1
2026-03-04 11:03:27+00:00,21.727068,114.654039,8.81,152.44,25.74,51.16,25.84,98.59,1
2026-03-04 11:03:35+00:00,21.726796,114.654278,9.49,140.78,25.75,51.16,27.05,107.83,1
2026-03-04 11:03:53+00:00,21.726098,114.654582,9.04,157.97,25.75,51.16,24.78,95.81,1
2026-03-04 11:04:15+00:00,21.725423,114.65519,8.65,140.08,25.76,51.15,27.59,109.69,1
2026-03-04 11:04:33+00:00,21.724737,114.655598,9.41,151.08,25.76,51.15,25.88,97.55,1
2026-03-04 11:05:12+00:00,21.72347,114.656598,8.71,143.75,25.76,51.15,27.14,105.72,1
2026-03-04 11:05:33+00:00,21.72271,114.656976,8.62,155.2,25.77,51.15,24.95,96.32,1
2026-03-04 11:05:58+00:00,21.721997,114.657625,8.07,139.78,25.77,51.14,27.61,107.96,1
2026-03-04 11:06:11+00:00,21.721493,114.657857,9.11,156.85,25.78,51.14,25.6,94.37,1
2026-03-04 11:06:30+00:00,21.720849,114.658329,8.86,145.75,25.78,51.14,26.47,102.35,1
2026-03-04 11:07:01+00:00,21.719701,114.658971,9.02,152.55,25.78,51.14,25.44,99.95,1
2026-03-04 11:07:16+00:00,21.719278,114.659392,8.3,137.24,25.79,51.13,28.06,110.04,1
2026-03-04 11:07:41+00:00,21.718393,114.660001,9.08,147.41,25.79,51.13,26.86,99.41,1
2026-03-04 11:07:57+00:00,21.717751,114.660246,9.2,160.48,25.8,51.13,24.19,90.8,1
2026-03-04 11:08:06+00:00,21.717367,114.660275,9.24,175.99,25.8,51.13,21.75,77.4,1
2026-03-04 11:08:31+00:00,21.716453,114.660885,9.3,148.2,25.8,51.12,26.24,102.67,1
2026-03-04 11:08:57+00:00,21.715488,114.661472,9.21,150.53,25.81,51.12,25.54,104.58,1
2026-03-04 11:09:07+00:00,21.715061,114.661586,9.51,166.07,25.81,51.12,23.17,87.49,1
2026-03-04 11:09:40+00:00,21.713722,114.662144,9.4,158.84,25.81,51.11,24.33,94.28,1
2026-03-04 11:09:51+00:00,21.713387,114.662447,8.6,139.96,25.82,51.11,27.14,109.2,1
2026-03-04 11:10:08+00:00,21.712768,114.662787,8.84,152.96,25.82,51.11,25.5,97.82,1
2026-03-04 11:10:22+00:00,21.71229,114.663156,9.08,144.35,25.82,51.11,26.95,105.94,1
2026-03-04 11:10:50+00:00,21.711154,114.663684,9.55,156.64,25.82,51.1,25.48,95.44,1
2026-03-04 11:11:03+00:00,21.710848,114.664061,7.73,131.14,25.83,51.1,27.91,116.69,1
2026-03-04 11:11:16+00:00,21.710309,114.664241,9.38,162.76,25.83,51.1,24.3,87.77,1
2026-03-04 11:11:25+00:00,21.709939,114.664275,8.92,175.12,25.83,51.1,22.05,73.35,1
2026-03-04 11:11:39+00:00,21.709398,114.664524,9.08,156.85,25.84,51.1,24.94,92.51,1
2026-03-04 11:11:46+00:00,21.709184,114.664696,8.25,143.25,25.84,51.1,27.03,109.83,1
2026-03-04 11:11:55+00:00,21.708984,114.664997,8.26,125.57,25.84,51.1,28.82,122.42,1
2026-03-04 11:12:04+00:00,21.708612,114.665144,9.52,159.84,25.84,51.09,24.62,93.44,1
2026-03-04 11:12:18+00:00,21.708202,114.665512,8.24,140.18,25.85,51.09,27.3,106.4,1
2026-03-04 11:12:31+00:00,21.70766,114.665559,9.04,175.39,25.85,51.09,22.2,76.74,1
2026-03-04 11:12:38+00:00,21.707386,114.665676,9.1,158.36,25.85,51.09,24.81,93.08,1
2026-03-04 11:12:50+00:00,21.706957,114.665937,8.88,150.52,25.85,51.09,26.66,100.74,1
2026-03-04 11:13:06+00:00,21.706463,114.666358,8.51,141.63,25.85,51.09,26.95,105.78,1
2026-03-04 11:13:19+00:00,21.70593,114.666596,9.59,157.47,25.86,51.08,24.75,95.62,1
2026-03-04 11:13:30+00:00,21.705575,114.6669,8.91,141.49,25.86,51.08,27.1,107.81,1
2026-03-04 11:14:02+00:00,21.704341,114.667554,9.29,153.78,25.86,51.08,25.32,96.6,1
2026-03-04 11:14:21+00:00,21.703623,114.667788,8.53,163.15,25.86,51.08,23.81,88.63,1
2026-03-04 11:14:35+00:00,21.703154,114.66815,8.91,144.35,25.87,51.07,27.23,102.98,1
2026-03-04 11:14:45+00:00,21.702768,114.668312,8.96,158.7,25.87,51.07,25.11,93.74,1
2026-03-04 11:15:12+00:00,21.701797,114.668946,9.09,148.76,25.87,51.07,26.08,103.76,1
2026-03-04 11:15:29+00:00,21.701133,114.669238,9.12,157.78,25.87,51.07,178.56,-29.34,3
2026-03-04 11:15:48+00:00,21.700527,114.669684,8.35,145.64,25.87,51.06,26.69,102.06,1
2026-03-04 11:16:24+00:00,21.699231,114.670441,8.85,151.51,25.88,51.06,25.62,98.84,1
2026-03-04 11:16:29+00:00,21.699107,114.670604,8.46,129.31,25.88,51.06,29.01,119.02,1
2026-03-04 11:16:52+00:00,21.698311,114.671195,9.09,145.4,25.88,51.05,26.83,105.13,1
2026-03-04 11:17:11+00:00,21.697615,114.671562,8.82,153.9,25.88,51.05,24.97,97.79,1
2026-03-04 11:17:23+00:00,21.697238,114.6719,8.84,140.2,25.89,51.05,27.94,113.13,1
2026-03-04 11:17:31+00:00,21.696943,114.672035,8.66,156.96,25.89,51.05,25.48,92.57,1
2026-03-04 11:17:41+00:00,21.69665,114.672336,8.76,136.33,25.89,51.05,27.82,109.44,1
2026-03-04 11:17:54+00:00,21.696145,114.672585,9.24,155.39,25.89,51.05,25.13,98.07,1
2026-03-04 11:18:10+00:00,21.695599,114.672994,8.99,145.16,25.89,51.04,26.88,108.79,1
2026-03-04 11:18:33+00:00,21.694745,114.673469,9.03,152.67,25.9,51.04,25.75,99.34,1
2026-03-04 11:19:15+00:00,21.693363,114.674519,8.71,144.78,25.9,51.03,26.98,103.01,1
2026-03-04 11:19:21+00:00,21.693196,114.674707,8.71,133.71,25.9,51.03,28.96,114.8,1
2026-03-04 11:20:03+00:00,21.691577,114.675493,9.14,155.72,25.9,51.03,25.13,93.62,1
2026-03-04 11:20:38+00:00,21.690377,114.676393,9.03,145.13,25.91,51.02,26.58,106.81,1
2026-03-04 11:20:49+00:00,21.689934,114.676567,9.27,159.95,25.91,51.02,24.11,89.31,1
2026-03-04 11:21:11+00:00,21.689255,114.677161,8.6,140.89,25.91,51.02,27.1,107.87,1
2026-03-04 11:21:30+00:00,21.688628,114.677651,8.82,144.01,25.91,51.01,26.92,104.07,1
2026-03-04 11:22:00+00:00,21.687585,114.678341,8.82,148.42,25.92,51.01,26.82,102.29,1
2026-03-04 11:22:10+00:00,21.687222,114.678557,8.97,151.06,25.92,51.01,25.75,99.14,1
2026-03-04 11:22:21+00:00,21.686771,114.678687,9.17,165.01,25.92,51.0,23.79,87.04,1
2026-03-04 11:22:30+00:00,21.686503,114.678938,8.53,138.97,25.92,51.0,27.57,110.09,1
2026-03-04 11:22:48+00:00,21.685765,114.679208,9.36,161.22,25.93,51.0,24.69,88.96,1
2026-03-04 11:23:11+00:00,21.685012,114.679773,8.63,145.11,25.93,51.0,27.49,105.91,1
2026-03-04 11:23:40+00:00,21.683929,114.680335,8.96,154.26,25.93,50.99,25.26,96.71,1
2026-03-04 11:23:54+00:00,21.683431,114.68073,9.55,143.61,25.93,50.99,27.08,105.92,1
2026-03-04 11:24:23+00:00,21.682406,114.68138,8.87,149.49,25.94,50.98,26.45,105.58,1
2026-03-04 11:24:34+00:00,21.682065,114.681713,9.05,137.78,25.94,50.98,28.15,113.02,1
2026-03-04 11:24:56+00:00,21.68124,114.682297,9.7,146.66,25.94,50.98,27.33,105.14,1
2026-03-04 11:25:10+00:00,21.680682,114.682469,8.96,164.02,25.94,50.98,24.08,89.97,1
2026-03-04 11:25:46+00:00,21.679298,114.683278,9.46,151.49,25.95,50.97,25.83,104.17,1
2026-03-04 11:26:10+00:00,21.678468,114.683742,8.42,152.55,25.95,50.97,25.8,96.92,1
2026-03-04 11:26:25+00:00,21.677867,114.683987,9.26,159.25,25.95,50.96,25.0,93.29,1
2026-03-04 11:26:36+00:00,21.677532,114.684298,8.69,139.22,25.95,50.96,27.87,108.11,1
2026-03-04 11:26:54+00:00,21.67682,114.684647,9.39,155.51,25.96,50.96,25.44,96.23,1
2026-03-04 11:27:27+00:00,21.675622,114.685472,9.32,147.38,25.96,50.95,26.9,103.55,1
2026-03-04 11:27:37+00:00,21.67522,114.685651,9.4,157.52,25.96,50.95,25.31,94.96,1
2026-03-04 11:28:02+00:00,21.67438,114.686305,8.96,144.11,25.96,50.95,27.41,106.86,1
2026-03-04 11:28:07+00:00,21.67418,114.686372,9.06,162.71,25.97,50.95,24.32,89.76,1
2026-03-04 11:28:42+00:00,21.672994,114.68732,9.12,143.39,25.97,50.94,33.82,107.64,1
2026-03-04 11:28:59+00:00,21.672346,114.687691,9.33,151.98,25.97,50.94,29.64,97.28,1
2026-03-04 11:29:33+00:00,21.671281,114.688579,8.57,142.23,25.97,50.93,27.53,105.2,1
2026-03-04 11:29:59+00:00,21.670516,114.689272,8.31,139.91,25.98,50.93,27.17,107.58,1
2026-03-04 11:30:47+00:00,21.669156,114.690583,8.22,138.14,25.98,50.92,27.74,109.51,1
2026-03-04 11:31:07+00:00,21.668715,114.691209,7.89,127.16,25.98,50.92,28.78,121.24,1
2026-03-04 11:31:27+00:00,21.668231,114.691797,7.89,131.53,25.99,50.92,28.37,112.99,1
2026-03-04 11:31:49+00:00,21.667568,114.692434,8.73,138.24,25.99,50.91,28.18,110.25,1
2026-03-04 11:32:05+00:00,21.6672,114.692965,8.32,126.71,25.99,50.91,29.22,122.15,1
2026-03-04 11:32:14+00:00,21.666934,114.693217,8.51,138.64,25.99,50.91,27.68,109.57,1
2026-03-04 11:33:07+00:00,21.665702,114.694897,8.11,128.28,26.0,50.9,28.47,119.46,1
2026-03-04 11:33:27+00:00,21.665114,114.695477,8.62,137.49,26.0,50.9,28.1,111.11,1
2026-03-04 11:33:53+00:00,21.664496,114.696364,8.56,126.86,26.0,50.9,29.48,121.03,1
2026-03-04 11:34:25+00:00,21.66389,114.697415,7.76,121.82,26.01,50.89,30.12,123.04,1
2026-03-04 11:34:53+00:00,21.663058,114.698166,8.38,140.01,26.01,50.89,27.36,110.0,1
2026-03-04 11:35:03+00:00,21.662806,114.69847,8.18,131.73,26.01,50.89,,,0
2026-03-04 11:35:12+00:00,21.662488,114.698689,9.07,147.38,26.01,50.88,26.64,102.61,1
2026-03-04 11:35:30+00:00,21.66201,114.699258,8.56,132.11,26.02,50.88,29.07,116.57,1
2026-03-04 11:35:47+00:00,21.661466,114.699691,8.6,143.51,26.02,50.88,27.0,106.98,1
2026-03-04 11:35:56+00:00,21.661281,114.699977,7.78,124.84,26.02,50.88,29.23,123.89,1
2026-03-04 11:36:35+00:00,21.660328,114.701086,7.78,132.76,26.02,50.87,28.38,113.19,1
2026-03-04 11:36:45+00:00,21.660067,114.701325,7.41,139.6,26.03,50.87,27.27,110.02,1
2026-03-04 11:37:59+00:00,21.658615,114.703436,7.13,126.5,26.03,50.86,28.51,116.99,1
2026-03-04 11:38:27+00:00,21.657952,114.704178,7.38,133.87,26.03,50.86,27.97,114.87,1
2026-03-04 11:38:35+00:00,21.657826,114.704408,6.7,120.52,26.04,50.86,29.38,124.47,1
2026-03-04 11:39:25+00:00,21.656555,114.705681,7.51,137.05,26.04,50.85,27.26,107.74,1
2026-03-04 11:39:58+00:00,21.655565,114.706513,8.23,142.01,26.04,50.84,27.19,107.09,1
2026-03-04 11:40:25+00:00,21.654958,114.707327,7.76,128.74,26.04,50.84,28.48,117.34,1
2026-03-04 11:40:41+00:00,21.65448,114.707731,8.21,141.85,26.05,50.84,27.53,107.83,1
2026-03-04 11:40:52+00:00,21.654023,114.707924,9.65,158.57,26.05,50.84,24.41,93.5,1
2026-03-04 11:41:11+00:00,21.653408,114.708388,8.54,144.96,26.05,50.83,26.66,103.78,1
2026-03-04 11:41:55+00:00,21.65222,114.709658,8.23,135.18,26.06,50.83,28.2,115.33,1
2026-03-04 11:42:10+00:00,21.651923,114.710135,7.69,123.82,26.06,50.82,29.72,121.37,1
2026-03-04 11:42:25+00:00,21.651436,114.710531,8.8,142.92,26.06,50.82,27.18,108.41,1
2026-03-04 11:42:41+00:00,21.650825,114.710842,9.13,154.68,26.06,50.82,25.3,96.05,1
2026-03-04 11:42:58+00:00,21.650272,114.711317,9.0,141.4,26.07,50.81,28.05,111.85,1
2026-03-04 11:43:03+00:00,21.650078,114.711401,9.04,158.08,26.07,50.81,24.49,91.64,1
2026-03-04 11:43:18+00:00,21.649473,114.711456,8.75,175.17,26.07,50.81,21.68,73.28,1
2026-03-04 11:43:32+00:00,21.64886,114.71146,9.46,179.65,26.08,50.81,21.58,74.31,1
2026-03-04 11:43:37+00:00,21.648658,114.711592,10.22,148.73,26.08,50.81,26.51,103.49,1
2026-03-04 11:43:45+00:00,21.648347,114.71167,8.63,166.88,26.08,50.8,23.29,86.3,1
2026-03-04 11:43:56+00:00,21.647992,114.711914,8.28,147.43,26.08,50.8,26.65,103.28,1
2026-03-04 11:44:25+00:00,21.647129,114.712742,8.62,138.27,26.08,50.8,27.9,110.24,1
2026-03-04 11:45:18+00:00,21.645896,114.714356,7.92,129.42,26.09,50.79,28.55,113.43,1
2026-03-04 11:46:08+00:00,21.644338,114.715743,8.74,140.39,26.09,50.78,27.19,108.83,1
2026-03-04 11:46:16+00:00,21.644209,114.715996,7.25,118.75,26.09,50.78,29.85,125.36,1
2026-03-04 11:46:54+00:00,21.643195,114.717068,8.09,135.5,26.1,50.77,28.22,114.31,1
2026-03-04 11:47:04+00:00,21.642984,114.717415,8.33,123.19,26.1,50.77,29.67,126.27,1
2026-03-04 11:47:23+00:00,21.642487,114.717999,8.37,132.48,26.1,50.77,29.09,113.8,1
2026-03-04 11:47:47+00:00,21.641721,114.718573,8.41,145.14,26.1,50.76,26.49,105.45,1
2026-03-04 11:48:01+00:00,21.641411,114.718961,7.34,130.68,26.11,50.76,27.87,116.39,1
2026-03-04 11:48:13+00:00,21.641086,114.719231,7.4,142.32,26.11,50.76,26.73,106.51,1
2026-03-04 11:48:35+00:00,21.64054,114.719792,7.42,136.32,26.11,50.76,27.68,110.93,1
2026-03-04 11:48:51+00:00,21.640115,114.720261,8.22,134.27,26.11,50.75,28.32,109.41,1
2026-03-04 11:49:02+00:00,21.639914,114.720631,7.83,120.3,26.12,50.75,29.7,124.4,1
2026-03-04 11:49:17+00:00,21.639593,114.721028,7.05,131.02,26.12,50.75,267.1,72.53,3
2026-03-04 11:49:39+00:00,21.638917,114.72156,8.23,143.81,26.12,50.75,26.59,104.27,1
2026-03-04 11:49:51+00:00,21.63858,114.721928,8.65,134.57,26.12,50.74,28.82,115.76,1
2026-03-04 11:50:16+00:00,21.637719,114.722586,9.13,144.61,26.13,50.74,27.06,106.39,1
2026-03-04 11:50:34+00:00,21.637088,114.723053,9.2,145.47,26.13,50.73,27.31,107.42,1
2026-03-04 11:51:13+00:00,21.635701,114.723966,9.01,148.54,26.13,50.73,26.56,102.59,1
2026-03-04 11:52:03+00:00,21.634183,114.725425,8.8,138.22,26.13,50.72,28.07,108.24,1
2026-03-04 11:52:14+00:00,21.633756,114.725667,9.48,152.22,26.14,50.71,26.14,94.42,1
2026-03-04 11:52:42+00:00,21.632822,114.726443,9.11,142.32,26.14,50.71,27.57,108.07,1
2026-03-04 11:52:50+00:00,21.632521,114.726615,9.21,152.02,26.14,50.71,26.15,98.61,1
2026-03-04 11:53:38+00:00,21.631191,114.728048,8.48,134.96,26.15,50.7,28.68,111.14,1
2026-03-04 11:54:06+00:00,21.630269,114.728844,9.13,141.25,26.15,50.69,27.67,105.34,1
2026-03-04 11:54:31+00:00,21.629578,114.729679,8.98,131.68,26.15,50.69,29.17,115.39,1
2026-03-04 11:55:09+00:00,21.6284,114.730696,8.59,141.25,26.16,50.68,27.42,107.28,1
2026-03-04 11:55:23+00:00,21.628017,114.731079,8.07,137.09,26.16,50.68,28.29,111.73,1
2026-03-04 11:55:30+00:00,21.627904,114.731287,6.92,120.3,26.16,50.68,29.09,123.53,1
2026-03-04 11:55:56+00:00,21.627022,114.731901,8.73,147.09,26.16,50.67,27.89,105.81,1
2026-03-04 11:56:18+00:00,21.626326,114.73252,8.87,140.42,26.17,50.67,31.67,106.88,1
2026-03-04 11:56:39+00:00,21.625789,114.733181,8.4,131.15,26.17,50.66,35.52,118.0,1
2026-03-04 11:56:56+00:00,21.625259,114.733635,8.61,141.47,26.17,50.66,33.67,107.58,1
2026-03-04 11:57:16+00:00,21.624684,114.734262,8.85,134.61,26.18,50.65,31.48,115.42,1
2026-03-04 11:57:27+00:00,21.624319,114.734567,9.08,142.16,26.18,50.65,29.26,106.91,1
2026-03-04 11:57:50+00:00,21.623463,114.735072,9.17,151.26,26.18,50.65,25.9,101.74,1
2026-03-04 11:58:16+00:00,21.622743,114.735854,8.51,134.72,26.19,50.64,28.22,113.87,1
2026-03-04 11:58:34+00:00,21.622164,114.736333,8.77,142.44,26.19,50.64,26.79,105.53,1
2026-03-04 11:59:14+00:00,21.620657,114.73719,9.21,152.14,26.19,50.63,25.84,98.8,1
2026-03-04 11:59:34+00:00,21.620081,114.73781,8.81,134.98,26.19,50.63,27.72,113.11,1
2026-03-04 11:59:48+00:00,21.619585,114.738149,9.07,147.57,26.2,50.62,26.19,103.77,1
2026-03-04 12:00:20+00:00,21.618609,114.739075,8.79,138.59,26.2,50.61,28.16,107.99,1
2026-03-04 12:00:33+00:00,21.618144,114.739419,9.38,145.48,26.2,50.6,27.31,105.26,1
2026-03-04 12:00:36+00:00,21.618012,114.739431,9.54,175.17,26.21,50.6,22.35,76.92,1
2026-03-04 12:00:41+00:00,21.617856,114.739576,8.91,139.17,26.21,50.59,27.6,110.12,1
2026-03-04 12:00:51+00:00,21.617467,114.739761,9.19,156.15,26.21,50.59,25.33,97.59,1
2026-03-04 12:01:12+00:00,21.616758,114.740301,8.94,144.7,26.21,50.57,27.08,106.65,1
2026-03-04 12:01:25+00:00,21.616401,114.740739,9.0,131.24,26.22,50.56,28.72,117.11,1
2026-03-04 12:01:39+00:00,21.61595,114.741188,9.49,137.21,26.22,50.55,28.85,113.26,1
2026-03-04 12:02:39+00:00,21.614101,114.742878,8.74,139.64,26.22,50.52,28.03,109.81,1
2026-03-04 12:02:55+00:00,21.61366,114.743306,8.02,137.94,26.23,50.51,27.7,110.15,1
2026-03-04 12:03:19+00:00,21.612985,114.744052,8.72,134.22,26.23,50.49,28.54,110.3,1
2026-03-04 12:03:45+00:00,21.612123,114.744777,9.1,141.98,26.23,50.47,27.6,107.18,1
2026-03-04 12:03:48+00:00,21.611999,114.744818,9.35,162.91,26.23,50.47,23.64,85.45,1
2026-03-04 12:04:13+00:00,21.611195,114.745543,9.07,140.03,26.24,50.45,27.75,112.01,1
2026-03-04 12:04:47+00:00,21.610247,114.746622,8.77,133.38,26.24,50.43,28.47,114.61,1
2026-03-04 12:05:25+00:00,21.608984,114.747623,8.92,143.62,26.24,50.41,26.94,105.5,1
2026-03-04 12:05:31+00:00,21.608765,114.747729,8.65,155.77,26.24,50.4,25.28,95.63,1
2026-03-04 12:05:58+00:00,21.608151,114.748577,8.0,127.91,26.25,50.39,29.58,118.92,1
2026-03-04 12:06:28+00:00,21.607222,114.749357,8.49,142.02,26.25,50.37,27.55,104.16,1
2026-03-04 12:06:55+00:00,21.606181,114.749841,9.08,156.62,26.25,50.35,25.09,93.77,1
2026-03-04 12:07:06+00:00,21.605922,114.750195,8.23,128.2,26.25,50.34,29.29,117.51,1
2026-03-04 12:07:35+00:00,21.60502,114.751031,8.87,139.25,26.26,50.32,28.29,106.15,1
2026-03-04 12:07:52+00:00,21.604513,114.751596,9.28,133.98,26.26,50.31,29.08,113.63,1
2026-03-04 12:08:27+00:00,21.603218,114.752545,9.68,145.73,26.26,50.29,27.13,105.0,1
2026-03-04 12:08:52+00:00,21.602602,114.753355,8.41,129.28,26.27,50.27,28.87,117.26,1
2026-03-04 12:09:32+00:00,21.601287,114.754559,9.33,139.59,26.27,50.24,28.19,107.17,1
2026-03-04 12:10:09+00:00,21.600204,114.755714,8.91,135.24,26.27,50.22,28.58,115.45,1
2026-03-04 12:10:18+00:00,21.599874,114.755924,9.21,149.39,26.27,50.21,26.69,100.75,1
2026-03-04 12:10:33+00:00,21.599443,114.756361,8.54,136.69,26.28,50.2,28.31,111.22,1
2026-03-04 12:10:44+00:00,21.59907,114.756629,8.81,146.26,26.28,50.2,27.14,103.82,1
2026-03-04 12:11:05+00:00,21.598491,114.757289,8.68,133.34,26.28,50.18,28.49,112.79,1
2026-03-04 12:11:28+00:00,21.597642,114.757849,9.36,148.48,26.28,50.17,26.99,102.98,1
2026-03-04 12:11:42+00:00,21.597223,114.758312,9.27,134.22,26.29,50.16,28.82,113.9,1
2026-03-04 12:11:50+00:00,21.596907,114.758499,9.74,151.18,26.29,50.15,26.85,98.56,1
2026-03-04 12:12:02+00:00,21.596504,114.758872,9.58,139.29,26.29,50.14,27.91,111.92,1
2026-03-04 12:12:13+00:00,21.596174,114.759293,10.06,130.13,26.29,50.13,30.26,122.44,1
2026-03-04 12:12:33+00:00,21.595542,114.7599,9.16,138.23,26.3,50.12,28.19,112.32,1
2026-03-04 12:12:56+00:00,21.594941,114.76069,8.92,129.29,26.3,50.11,29.12,120.05,1
2026-03-04 12:13:11+00:00,21.594444,114.761137,9.34,140.1,26.3,50.09,27.76,108.5,1
2026-03-04 12:13:46+00:00,21.593531,114.762279,8.65,130.69,26.3,50.07,28.9,113.3,1
2026-03-04 12:13:55+00:00,21.593198,114.76259,10.59,139.03,26.31,50.06,28.66,115.8,1
2026-03-04 12:14:25+00:00,21.592137,114.763357,9.21,146.09,26.31,50.04,154.36,42.23,3
2026-03-04 12:15:14+00:00,21.590668,114.764863,8.95,136.37,26.31,50.01,28.15,115.11,1
2026-03-04 12:15:52+00:00,21.589607,114.766043,8.68,134.04,26.31,49.98,28.54,112.88,1
2026-03-04 12:16:14+00:00,21.589112,114.76673,7.94,127.77,26.32,49.97,29.69,115.38,1
2026-03-04 12:16:43+00:00,21.588276,114.767618,8.76,135.35,26.32,49.95,28.91,110.37,1
2026-03-04 12:17:12+00:00,21.58754,114.768608,8.78,128.64,26.32,49.93,29.46,115.0,1
2026-03-04 12:17:51+00:00,21.586437,114.769867,8.91,133.29,26.32,49.9,28.76,114.33,1
2026-03-04 12:18:09+00:00,21.586013,114.7705,8.71,125.77,26.33,49.89,29.71,123.87,1
2026-03-04 12:18:29+00:00,21.585417,114.77112,8.96,135.95,26.33,49.88,28.57,112.0,1
2026-03-04 12:18:38+00:00,21.585071,114.771313,9.36,152.58,26.33,49.87,25.62,98.51,1
2026-03-04 12:18:47+00:00,21.584751,114.771554,9.38,145.0,26.33,49.86,27.07,107.75,1
2026-03-04 12:19:04+00:00,21.584191,114.772099,9.6,137.86,26.33,49.85,27.84,110.98,1
2026-03-04 12:19:17+00:00,21.58373,114.772436,9.27,145.79,26.34,49.84,27.12,108.08,1
2026-03-04 12:19:52+00:00,21.582376,114.773193,9.42,152.53,26.34,49.82,26.14,102.02,1
2026-03-04 12:20:17+00:00,21.581548,114.773842,8.86,143.91,26.34,49.8,27.04,104.59,1
2026-03-04 12:20:36+00:00,21.580972,114.774394,8.78,138.29,26.34,49.78,28.46,108.61,1
2026-03-04 12:21:04+00:00,21.579865,114.775008,9.62,152.72,26.35,49.76,25.57,99.62,1
2026-03-04 12:21:25+00:00,21.579191,114.77557,8.78,142.21,26.35,49.75,26.97,105.5,1
2026-03-04 12:21:53+00:00,21.578405,114.776398,8.49,135.59,26.35,49.73,28.33,109.27,1
2026-03-04 12:22:19+00:00,21.577404,114.777081,9.86,147.6,26.35,49.71,27.15,106.0,1
2026-03-04 12:22:41+00:00,21.576645,114.777696,9.34,143.0,26.36,49.69,27.95,108.98,1
2026-03-04 12:22:55+00:00,21.57616,114.777974,8.49,151.94,26.36,49.68,25.78,96.71,1
2026-03-04 12:23:05+00:00,21.575829,114.778314,9.89,136.31,26.36,49.68,29.02,110.97,1
2026-03-04 12:23:23+00:00,21.5752,114.778751,8.99,147.13,26.36,49.66,26.71,99.56,1
2026-03-04 12:23:45+00:00,21.574582,114.779463,8.9,133.03,26.36,49.65,28.73,114.72,1
2026-03-04 12:24:01+00:00,21.574004,114.77988,9.4,146.14,26.37,49.64,27.24,102.76,1
2026-03-04 12:24:19+00:00,21.573312,114.780233,9.2,154.62,26.37,49.62,25.78,94.64,1
2026-03-04 12:24:23+00:00,21.573206,114.780369,8.92,129.97,26.37,49.62,28.75,119.21,1
2026-03-04 12:24:36+00:00,21.572721,114.780684,9.42,148.87,26.37,49.61,26.98,102.72,1
2026-03-04 12:24:56+00:00,21.572096,114.781306,9.2,137.22,26.37,49.6,28.71,114.1,1
2026-03-04 12:25:12+00:00,21.571516,114.781718,9.39,146.55,26.38,49.58,26.72,101.32,1
2026-03-04 12:25:17+00:00,21.571314,114.781779,9.07,164.31,26.38,49.58,24.16,84.62,1
2026-03-04 12:25:30+00:00,21.570895,114.782142,8.95,141.14,26.38,49.57,27.77,108.84,1
2026-03-04 12:26:01+00:00,21.570139,114.783155,8.42,128.75,26.38,49.55,29.24,118.18,1
2026-03-04 12:26:13+00:00,21.569747,114.783493,9.05,141.28,26.38,49.54,27.47,110.44,1
2026-03-04 12:27:01+00:00,21.567955,114.784709,9.54,147.75,26.39,49.5,26.54,103.28,1
2026-03-04 12:27:25+00:00,21.567054,114.785348,9.72,146.59,26.39,49.49,26.96,107.55,1
2026-03-04 12:27:30+00:00,21.566905,114.785528,9.69,131.67,26.39,49.48,29.67,118.0,1
2026-03-04 12:27:47+00:00,21.566336,114.785898,8.45,148.84,26.39,49.47,26.53,101.2,1
2026-03-04 12:28:10+00:00,21.565581,114.786573,9.23,140.26,26.39,49.45,27.73,107.9,1
2026-03-04 12:28:41+00:00,21.564315,114.787323,10.08,151.15,26.4,49.43,26.5,100.37,1
2026-03-04 12:28:46+00:00,21.564187,114.787473,8.18,132.54,26.4,49.43,27.7,115.24,1
2026-03-04 12:29:06+00:00,21.563449,114.787977,9.45,147.58,26.4,49.41,27.09,105.53,1
2026-03-04 12:29:24+00:00,21.562868,114.788542,9.41,137.87,26.4,49.4,27.74,112.42,1
2026-03-04 12:29:36+00:00,21.562412,114.788808,9.34,151.52,26.4,49.39,25.98,98.2,1
2026-03-04 12:29:50+00:00,21.561927,114.789171,9.12,145.16,26.4,49.38,26.72,106.58,1
2026-03-04 12:30:33+00:00,21.560641,114.790465,8.85,136.9,26.41,49.35,27.82,106.34,1
2026-03-04 12:31:11+00:00,21.559596,114.791694,8.81,132.43,26.41,49.32,29.17,111.7,1
2026-03-04 12:31:30+00:00,21.559037,114.792245,8.63,137.49,26.41,49.3,27.9,111.09,1
2026-03-04 12:31:47+00:00,21.558438,114.7927,9.32,144.76,26.41,49.29,27.26,104.54,1
2026-03-04 12:32:11+00:00,21.557547,114.793335,9.63,146.46,26.41,49.27,26.94,104.77,1
2026-03-04 12:32:50+00:00,21.556306,114.794552,9.31,137.63,26.42,49.24,28.4,110.97,1
2026-03-04 12:33:03+00:00,21.555832,114.794878,9.36,147.39,26.42,49.23,26.77,103.24,1
2026-03-04 12:33:10+00:00,21.555626,114.795111,9.23,133.55,26.42,49.23,28.45,112.63,1
2026-03-04 12:33:13+00:00,21.555506,114.795142,8.89,166.49,26.42,49.22,24.0,83.35,1
2026-03-04 12:33:39+00:00,21.554629,114.795942,9.56,139.69,26.42,49.2,27.88,111.45,1
2026-03-04 12:33:48+00:00,21.554275,114.796163,9.83,149.86,26.43,49.2,25.97,103.22,1
2026-03-04 12:33:52+00:00,21.554108,114.796164,9.02,179.68,26.43,49.19,21.55,72.0,1
2026-03-04 12:34:06+00:00,21.553551,114.796318,8.88,165.58,26.43,49.18,24.3,83.58,1
2026-03-04 12:34:14+00:00,21.55326,114.796444,8.48,158.06,26.43,49.18,25.26,90.37,1
2026-03-04 12:34:44+00:00,21.552238,114.797262,9.18,143.33,26.43,49.16,27.24,102.34,1
2026-03-04 12:35:26+00:00,21.551042,114.798554,8.73,134.86,26.43,49.12,28.34,111.01,1
2026-03-04 12:36:15+00:00,21.549081,114.799698,9.84,151.52,26.44,49.09,26.05,98.75,1
2026-03-04 12:36:26+00:00,21.548715,114.80006,9.77,137.39,26.44,49.08,29.08,113.87,1
2026-03-04 12:36:31+00:00,21.548513,114.800162,9.65,154.84,26.44,49.07,25.68,94.31,1
2026-03-04 12:36:57+00:00,21.547706,114.800998,9.32,136.06,26.44,49.05,28.62,113.64,1
2026-03-04 12:37:00+00:00,21.547586,114.801026,8.85,167.76,26.44,49.05,23.82,80.57,1
2026-03-04 12:37:11+00:00,21.547223,114.801335,9.1,141.63,26.44,49.04,27.65,106.3,1
2026-03-04 12:37:48+00:00,21.545634,114.80205,10.06,157.29,26.45,49.01,26.79,94.53,1
2026-03-04 12:38:02+00:00,21.545105,114.802443,9.93,145.36,26.45,49.0,30.18,104.13,1
2026-03-04 12:38:11+00:00,21.544741,114.802621,9.6,155.54,26.45,49.0,27.91,93.81,1
2026-03-04 12:38:28+00:00,21.54418,114.803114,9.21,140.74,26.45,48.98,28.58,104.22,1
2026-03-04 12:38:57+00:00,21.542986,114.803763,9.97,153.18,26.45,48.96,26.09,97.22,1
2026-03-04 12:39:13+00:00,21.542313,114.803942,9.37,166.1,26.45,48.95,23.71,82.47,1
2026-03-04 12:39:28+00:00,21.541651,114.80422,10.24,158.66,26.46,48.93,25.16,91.98,1
2026-03-04 12:40:15+00:00,21.539868,114.80547,9.79,146.89,26.46,48.9,26.88,103.96,1
2026-03-04 12:40:26+00:00,21.539478,114.805792,9.66,142.48,26.46,48.89,27.62,108.18,1
2026-03-04 12:40:42+00:00,21.539019,114.806331,9.18,132.47,26.46,48.88,28.36,115.23,1
2026-03-04 12:41:06+00:00,21.538177,114.806989,9.37,143.99,26.46,48.86,27.55,106.88,1
2026-03-04 12:41:30+00:00,21.537487,114.807788,9.13,132.87,26.46,48.84,28.98,115.45,1
2026-03-04 12:41:42+00:00,21.537264,114.808219,8.26,119.08,26.47,48.83,30.57,124.04,1
2026-03-04 12:42:16+00:00,21.536163,114.80917,8.98,141.22,26.47,48.8,26.72,105.63,1
2026-03-04 12:42:50+00:00,21.535216,114.810338,9.16,131.08,26.47,48.78,29.77,116.48,1
2026-03-04 12:43:07+00:00,21.534627,114.810865,9.74,140.23,26.47,48.76,27.93,110.06,1
2026-03-04 12:43:46+00:00,21.53319,114.812019,9.94,143.24,26.47,48.73,27.87,109.38,1
2026-03-04 12:44:04+00:00,21.532612,114.812559,9.2,139.01,26.47,48.72,27.67,111.28,1
2026-03-04 12:44:13+00:00,21.532382,114.812858,8.67,129.59,26.48,48.71,29.32,115.12,1
2026-03-04 12:44:30+00:00,21.531766,114.813264,9.19,148.49,26.48,48.7,26.19,99.97,1
2026-03-04 12:44:48+00:00,21.531183,114.813812,9.3,138.83,26.48,48.68,27.85,110.56,1
2026-03-04 12:45:03+00:00,21.530682,114.814238,9.2,141.66,26.48,48.67,28.15,108.62,1
2026-03-04 12:45:18+00:00,21.530149,114.814626,9.28,145.9,26.48,48.66,26.88,104.62,1
2026-03-04 12:45:36+00:00,21.529391,114.81506,10.31,151.96,26.48,48.65,26.18,99.16,1
2026-03-04 12:46:19+00:00,21.527856,114.816224,9.44,144.8,26.49,48.61,27.4,101.54,1
2026-03-04 12:46:27+00:00,21.527521,114.816376,9.82,157.12,26.49,48.6,25.31,91.23,1
2026-03-04 12:46:46+00:00,21.526797,114.816875,9.78,147.33,26.49,48.59,26.85,102.95,1
2026-03-04 12:46:59+00:00,21.526367,114.817255,9.26,140.58,26.49,48.58,27.86,108.15,1
2026-03-04 12:47:14+00:00,21.525776,114.817639,9.95,148.85,26.49,48.57,27.31,99.13,1
2026-03-04 12:47:33+00:00,21.52503,114.818048,9.53,152.98,26.49,48.55,25.81,96.6,1
2026-03-04 12:47:51+00:00,21.524375,114.818611,10.07,141.35,26.5,48.54,27.94,109.59,1
2026-03-04 12:48:01+00:00,21.523991,114.818851,9.6,149.83,26.5,48.53,26.67,97.33,1
2026-03-04 12:48:09+00:00,21.523766,114.819123,9.15,131.64,26.5,48.52,29.38,117.31,1
2026-03-04 12:48:41+00:00,21.522691,114.820071,9.39,140.64,26.5,48.5,28.14,106.85,1
2026-03-04 12:48:58+00:00,21.522205,114.820633,9.08,132.91,26.5,48.48,29.03,116.34,1
2026-03-04 12:49:43+00:00,21.520546,114.821897,9.77,144.67,26.5,48.45,26.89,103.6,1
2026-03-04 12:49:49+00:00,21.520293,114.822029,10.13,154.11,26.5,48.44,26.18,94.59,1
2026-03-04 12:50:35+00:00,21.518717,114.823359,9.41,141.86,26.51,48.4,27.24,105.54,1
2026-03-04 12:50:40+00:00,21.518612,114.823541,8.61,121.81,26.51,48.4,30.21,122.31,1
2026-03-04 12:51:10+00:00,21.517605,114.824364,9.11,142.75,26.51,48.38,27.14,104.24,1
2026-03-04 12:51:28+00:00,21.517066,114.824938,9.11,135.27,26.51,48.36,28.47,111.28,1
2026-03-04 12:52:04+00:00,21.515905,114.826049,9.33,138.32,26.51,48.33,28.21,110.07,1
2026-03-04 12:52:38+00:00,21.514664,114.827047,9.85,143.2,26.51,48.31,27.58,105.69,1
2026-03-04 12:53:54+00:00,21.512152,114.8295,9.65,137.75,26.52,48.24,29.81,110.31,1
2026-03-04 12:54:46+00:00,21.510335,114.831011,9.55,142.27,26.52,48.2,28.02,102.75,1
2026-03-04 12:55:10+00:00,21.509446,114.83171,9.92,143.81,26.52,48.18,27.52,106.28,1
2026-03-04 12:55:14+00:00,21.50927,114.831783,10.19,158.9,26.52,48.18,24.74,91.69,1
2026-03-04 12:55:58+00:00,21.507652,114.833045,9.82,144.03,26.52,48.14,27.61,108.28,1
2026-03-04 12:56:09+00:00,21.507315,114.833384,9.07,136.9,26.52,48.13,28.57,108.1,1
2026-03-04 12:56:43+00:00,21.506126,114.834322,9.38,143.72,26.53,48.1,26.89,100.79,1
2026-03-04 12:56:51+00:00,21.505917,114.834601,9.0,128.84,26.53,48.1,29.53,118.12,1
2026-03-04 12:57:14+00:00,21.505183,114.835301,9.22,138.42,26.53,48.08,28.25,109.56,1
2026-03-04 12:57:25+00:00,21.504774,114.835566,9.38,148.92,26.53,48.07,26.33,97.55,1
2026-03-04 12:57:54+00:00,21.503757,114.836462,9.8,140.66,26.53,48.05,28.28,104.9,1
2026-03-04 12:58:10+00:00,21.503126,114.836864,9.91,149.34,26.53,48.03,26.4,103.33,1
2026-03-04 12:58:52+00:00,21.501678,114.838005,9.24,143.75,26.54,48.0,27.25,106.82,1
2026-03-04 12:59:29+00:00,21.500316,114.838975,9.54,146.47,26.54,47.97,26.79,97.11,1
2026-03-04 13:00:11+00:00,21.4989,114.840163,9.24,142.02,26.54,47.95,27.48,104.62,1
2026-03-04 13:00:48+00:00,21.497473,114.841046,9.62,150.07,26.54,47.95,25.93,102.19,1
2026-03-04 13:01:04+00:00,21.496966,114.841525,9.12,138.68,26.54,47.95,27.52,107.35,1
2026-03-04 13:01:28+00:00,21.496028,114.842117,9.8,149.58,26.54,47.95,26.85,98.72,1
2026-03-04 13:01:37+00:00,21.495641,114.842272,9.92,159.56,26.55,47.95,24.42,89.76,1
2026-03-04 13:02:04+00:00,21.494709,114.843034,9.37,142.74,26.55,47.94,27.11,102.89,1
2026-03-04 13:03:03+00:00,21.492395,114.84449,9.82,149.65,26.55,47.94,25.72,96.27,1
2026-03-04 13:04:30+00:00,21.489485,114.847048,9.34,140.72,26.55,47.93,27.52,108.98,1
2026-03-04 13:04:57+00:00,21.488538,114.847855,9.68,141.59,26.55,47.92,27.28,103.07,1
2026-03-04 13:05:14+00:00,21.487908,114.848319,9.71,145.58,26.55,47.92,27.52,103.69,1
2026-03-04 13:05:25+00:00,21.4875,114.848512,8.76,156.24,26.56,47.92,25.51,92.71,1
2026-03-04 13:05:29+00:00,21.487301,114.848536,10.82,173.6,26.56,47.92,21.86,74.89,1
2026-03-04 13:05:37+00:00,21.487019,114.848758,9.44,143.78,26.56,47.92,27.94,102.45,1
2026-03-04 13:05:54+00:00,21.486604,114.849319,8.48,128.48,26.56,47.91,29.47,118.52,1
2026-03-04 13:06:49+00:00,21.484809,114.850916,9.16,140.38,26.56,47.9,27.62,107.86,1
2026-03-04 13:06:54+00:00,21.484686,114.851099,9.08,125.84,26.56,47.9,29.06,118.16,1
2026-03-04 13:07:04+00:00,21.48434,114.851378,9.35,143.12,26.56,47.9,28.03,107.09,1
2026-03-04 13:07:22+00:00,21.483647,114.851776,9.44,151.88,26.56,47.9,25.54,99.09,1
2026-03-04 13:07:57+00:00,21.482435,114.852765,9.4,142.79,26.57,47.89,26.92,105.61,1
2026-03-04 13:08:05+00:00,21.482127,114.852935,9.36,152.81,26.57,47.89,26.1,93.79,1
2026-03-04 13:08:14+00:00,21.481747,114.853034,9.39,166.37,26.57,47.89,24.31,81.18,1
2026-03-04 13:08:37+00:00,21.480917,114.853711,9.79,142.8,26.57,47.89,27.93,106.42,1
2026-03-04 13:09:02+00:00,21.480161,114.854503,9.13,135.73,26.57,47.88,28.59,110.5,1
2026-03-04 13:09:25+00:00,21.479466,114.85528,9.42,133.87,26.57,47.88,28.99,114.94,1
2026-03-04 13:10:04+00:00,21.478407,114.856643,9.16,129.86,26.57,47.87,29.54,112.98,1
2026-03-04 13:10:32+00:00,21.477508,114.857512,9.33,138.03,26.57,47.86,28.37,106.22,1
2026-03-04 13:10:42+00:00,21.477249,114.857917,9.88,124.5,26.57,47.86,30.5,122.15,1
2026-03-04 13:10:54+00:00,21.476923,114.858245,8.04,136.88,26.58,47.85,27.93,106.74,1
2026-03-04 13:11:14+00:00,21.476433,114.858938,8.75,127.23,26.58,47.85,29.45,116.34,1
2026-03-04 13:11:44+00:00,21.475621,114.8599,8.71,132.21,26.58,47.84,28.54,109.63,1
2026-03-04 13:11:47+00:00,21.475576,114.860034,9.55,109.84,26.58,47.84,32.1,133.22,1
2026-03-04 13:12:08+00:00,21.474999,114.860697,8.69,133.08,26.58,47.83,28.13,112.25,1
2026-03-04 13:12:12+00:00,21.474841,114.860776,9.42,155.05,26.58,47.83,25.41,94.8,1
2026-03-04 13:13:01+00:00,21.473203,114.862247,9.42,140.11,26.58,47.82,27.55,107.6,1
2026-03-04 13:13:14+00:00,21.472799,114.862691,9.61,134.36,26.58,47.82,28.47,112.64,1
2026-03-04 13:13:58+00:00,21.471364,114.864038,9.36,138.86,26.58,47.81,28.07,110.81,1
2026-03-04 13:14:11+00:00,21.470912,114.864378,9.17,145.01,26.58,47.8,27.43,99.86,1
2026-03-04 13:14:23+00:00,21.470557,114.864775,9.23,133.86,26.58,47.8,29.01,113.7,1
2026-03-04 13:14:58+00:00,21.469408,114.865753,9.05,141.62,26.59,47.79,31.28,102.0,1
2026-03-04 13:15:10+00:00,21.469073,114.866168,9.21,130.94,26.59,47.79,35.3,113.45,1
2026-03-04 13:16:12+00:00,21.466942,114.867949,9.41,142.12,26.59,47.77,27.8,103.16,1
2026-03-04 13:17:05+00:00,21.465266,114.869582,9.23,137.8,26.59,47.76,27.84,110.67,1
2026-03-04 13:17:39+00:00,21.464094,114.870555,9.42,142.31,26.59,47.75,27.43,105.27,1
2026-03-04 13:17:48+00:00,21.463845,114.870868,9.2,130.52,26.59,47.75,29.38,115.41,1
2026-03-04 13:18:44+00:00,21.461951,114.872544,9.47,140.53,26.59,47.73,27.5,104.89,1
2026-03-04 13:19:22+00:00,21.460537,114.873624,9.87,144.59,26.59,47.73,27.27,103.62,1
2026-03-04 13:19:34+00:00,21.460079,114.873888,9.36,151.79,26.59,47.72,25.56,94.89,1
2026-03-04 13:19:57+00:00,21.459257,114.874587,9.85,141.64,26.59,47.72,27.54,107.61,1
2026-03-04 13:20:31+00:00,21.458053,114.875435,9.15,146.76,26.59,47.71,26.83,98.73,1
2026-03-04 13:21:15+00:00,21.456509,114.876794,9.8,140.68,26.6,47.7,27.39,110.25,1
2026-03-04 13:21:48+00:00,21.455361,114.877644,9.13,145.43,26.6,47.69,27.06,98.54,1
2026-03-04 13:22:27+00:00,21.454092,114.87876,9.09,140.7,26.6,47.68,27.64,104.53,1
2026-03-04 13:22:59+00:00,21.453071,114.879707,9.11,139.2,26.6,47.67,,,0
2026-03-04 13:23:10+00:00,21.452721,114.880121,10.23,132.25,26.6,47.66,29.45,114.82,1
2026-03-04 13:23:30+00:00,21.451996,114.880647,9.45,145.97,26.6,47.66,27.32,99.4,1
2026-03-04 13:23:35+00:00,21.451851,114.880831,9.7,130.25,26.6,47.66,250.72,-62.71,3
2026-03-04 13:23:40+00:00,21.451633,114.880922,10.11,158.77,26.6,47.65,24.69,90.27,1
2026-03-04 13:23:54+00:00,21.451129,114.881356,9.97,141.29,26.6,47.65,27.85,105.66,1
2026-03-04 13:24:29+00:00,21.449831,114.882224,9.44,148.1,26.6,47.64,26.73,97.81,1
2026-03-04 13:24:56+00:00,21.448877,114.883028,9.71,141.89,26.6,47.63,27.65,111.78,1
2026-03-04 13:25:08+00:00,21.448414,114.883322,9.69,149.42,26.6,47.63,26.4,98.77,1
2026-03-04 13:25:12+00:00,21.448303,114.883477,9.84,127.58,26.61,47.63,29.72,115.08,1
2026-03-04 13:25:15+00:00,21.448124,114.883545,13.68,160.53,26.61,47.63,24.54,100.72,1
2026-03-04 13:25:28+00:00,21.447725,114.883904,8.65,140.06,26.61,47.62,27.21,107.03,1
2026-03-04 13:25:50+00:00,21.446892,114.884436,9.52,149.27,26.61,47.62,26.91,97.51,1
2026-03-04 13:26:07+00:00,21.44625,114.884896,9.81,146.3,26.61,47.61,26.56,100.55,1
2026-03-04 13:26:37+00:00,21.445185,114.885743,9.55,143.49,26.61,47.6,27.12,105.79,1
2026-03-04 13:26:49+00:00,21.444724,114.886021,9.52,150.69,26.61,47.6,25.94,97.18,1
2026-03-04 13:27:10+00:00,21.444039,114.886626,9.13,140.58,26.61,47.59,27.95,102.39,1
2026-03-04 13:27:26+00:00,21.443468,114.887018,9.15,147.42,26.61,47.59,26.53,103.54,1
2026-03-04 13:28:05+00:00,21.442115,114.888138,9.47,142.39,26.61,47.58,27.86,104.39,1
2026-03-04 13:28:34+00:00,21.441073,114.888951,9.6,144.01,26.61,47.57,,,0
2026-03-04 13:28:56+00:00,21.440268,114.889448,9.12,150.12,26.61,47.56,26.27,99.88,1
2026-03-04 13:29:27+00:00,21.439381,114.890344,8.49,136.76,26.61,47.55,27.79,106.4,1
2026-03-04 13:29:48+00:00,21.438632,114.8909,9.37,145.36,26.61,47.54,27.63,104.37,1
2026-03-04 13:29:52+00:00,21.438465,114.89095,9.37,164.43,26.61,47.54,23.53,82.28,1
2026-03-04 13:30:16+00:00,21.437572,114.891559,9.53,147.59,26.62,47.53,26.75,96.81,1
2026-03-04 13:30:49+00:00,21.436436,114.892532,9.52,141.44,26.62,47.52,27.84,105.32,1
2026-03-04 13:31:14+00:00,21.435533,114.893127,9.16,148.48,26.62,47.51,26.57,99.7,1
2026-03-04 13:31:17+00:00,21.435478,114.893232,8.08,119.37,26.62,47.51,30.07,121.98,1
2026-03-04 13:31:32+00:00,21.434948,114.893615,9.2,146.07,26.62,47.5,26.8,100.64,1
2026-03-04 13:31:43+00:00,21.434524,114.893873,9.58,150.47,26.62,47.5,26.2,100.19,1
2026-03-04 13:32:30+00:00,21.432922,114.895224,9.37,141.87,26.62,47.48,27.49,105.65,1
2026-03-04 13:32:59+00:00,21.431847,114.895956,9.49,147.63,26.62,47.47,26.93,98.68,1
2026-03-04 13:33:42+00:00,21.430307,114.897156,9.56,144.04,26.62,47.46,27.9,105.23,1
2026-03-04 13:33:46+00:00,21.430158,114.897209,8.48,161.68,26.62,47.46,24.23,84.65,1
2026-03-04 13:34:07+00:00,21.429413,114.897869,9.94,140.49,26.62,47.45,27.51,102.74,1
2026-03-04 13:34:34+00:00,21.428386,114.898527,9.57,149.19,26.62,47.44,26.37,99.91,1
2026-03-04 13:34:59+00:00,21.427461,114.899182,9.58,146.61,26.62,47.43,27.59,102.25,1
2026-03-04 13:35:16+00:00,21.426903,114.899689,9.29,139.78,26.62,47.42,27.59,107.17,1
2026-03-04 13:35:26+00:00,21.426492,114.899907,9.91,153.72,26.62,47.42,26.16,97.22,1
2026-03-04 13:35:38+00:00,21.426126,114.900284,9.13,136.2,26.62,47.41,28.83,108.67,1
2026-03-04 13:35:51+00:00,21.425634,114.900584,9.41,150.42,26.62,47.41,26.0,98.17,1
2026-03-04 13:36:16+00:00,21.424726,114.9012,9.28,147.73,26.62,47.4,26.75,96.64,1
2026-03-04 13:36:43+00:00,21.423771,114.901978,9.59,142.82,26.62,47.39,27.92,105.75,1
2026-03-04 13:37:00+00:00,21.423146,114.902441,9.65,145.41,26.63,47.38,26.91,106.59,1
2026-03-04 13:37:11+00:00,21.422722,114.902662,9.26,154.12,26.63,47.38,25.49,91.58,1
2026-03-04 13:37:54+00:00,21.421216,114.903852,9.4,143.66,26.63,47.36,27.07,102.23,1
2026-03-04 13:38:09+00:00,21.42074,114.904304,9.15,138.52,26.63,47.35,27.67,106.5,1
2026-03-04 13:38:42+00:00,21.419427,114.905095,9.86,150.72,26.63,47.34,26.77,98.39,1
2026-03-04 13:38:54+00:00,21.419101,114.90545,8.36,134.61,26.63,47.33,30.1,107.77,1
2026-03-04 13:39:45+00:00,21.417375,114.90692,9.34,141.59,26.63,47.31,28.0,106.31,1
2026-03-04 13:39:56+00:00,21.417022,114.907311,9.96,134.12,26.63,47.3,28.71,114.98,1
2026-03-04 13:40:15+00:00,21.416385,114.9078,8.91,144.45,26.63,47.3,27.08,103.02,1
2026-03-04 13:40:38+00:00,21.415671,114.908522,9.22,136.73,26.63,47.28,27.8,106.05,1
2026-03-04 13:40:53+00:00,21.415174,114.908974,9.38,139.75,26.63,47.28,27.95,109.19,1
2026-03-04 13:42:05+00:00,21.412712,114.911103,9.49,141.16,26.63,47.24,27.9,107.97,1
2026-03-04 13:42:15+00:00,21.412356,114.911343,9.08,147.89,26.63,47.24,25.9,100.7,1
2026-03-04 13:43:00+00:00,21.410892,114.912701,9.29,139.19,26.63,47.22,28.01,108.21,1
2026-03-04 13:43:09+00:00,21.410549,114.912916,9.54,149.73,26.63,47.21,26.64,98.68,1
2026-03-04 13:43:30+00:00,21.409916,114.913557,8.95,136.69,26.63,47.2,27.81,111.11,1
2026-03-04 13:43:40+00:00,21.409563,114.913809,9.16,146.39,26.63,47.2,30.04,104.42,1
2026-03-04 13:45:04+00:00,21.406845,114.916297,9.19,139.56,26.63,47.15,27.93,104.96,1
2026-03-04 13:45:16+00:00,21.406488,114.916692,9.23,134.15,26.63,47.14,28.43,113.93,1
2026-03-04 13:45:30+00:00,21.406001,114.917076,9.33,143.72,26.63,47.14,27.17,103.17,1
2026-03-04 13:45:34+00:00,21.405892,114.917239,10.1,125.69,26.63,47.14,30.47,120.25,1
2026-03-04 13:45:48+00:00,21.40542,114.917619,9.11,143.15,26.63,47.13,27.25,100.34,1
2026-03-04 13:46:04+00:00,21.404899,114.918113,9.39,138.56,26.63,47.12,28.18,107.56,1
2026-03-04 13:46:12+00:00,21.40467,114.91841,9.7,129.63,26.63,47.11,29.23,114.51,1
2026-03-04 13:46:30+00:00,21.404018,114.918918,9.67,144.04,26.63,47.11,27.27,102.79,1
2026-03-04 13:46:46+00:00,21.403522,114.919452,9.49,134.93,26.63,47.1,28.19,109.32,1
2026-03-04 13:48:12+00:00,21.400592,114.921932,9.38,141.76,26.63,47.05,27.47,104.25,1
2026-03-04 13:48:50+00:00,21.399328,114.923162,9.7,137.82,26.64,47.03,27.95,108.5,1
2026-03-04 13:49:17+00:00,21.398443,114.923944,9.17,140.56,26.64,47.01,27.41,106.0,1
2026-03-04 13:49:30+00:00,21.397949,114.924266,9.61,148.75,26.64,47.0,26.78,95.89,1
2026-03-04 13:49:46+00:00,21.397438,114.924752,9.22,138.47,26.64,46.99,28.29,104.88,1
2026-03-04 13:50:09+00:00,21.396688,114.92532,8.62,144.81,26.64,46.98,27.04,101.45,1
2026-03-04 13:50:21+00:00,21.396221,114.92558,9.47,152.6,26.64,46.98,25.43,93.53,1
2026-03-04 13:50:39+00:00,21.395521,114.92615,10.55,142.83,26.64,46.97,27.53,108.6,1
2026-03-04 13:50:42+00:00,21.395396,114.926185,9.31,165.39,26.64,46.96,24.03,82.26,1
2026-03-04 13:51:56+00:00,21.39288,114.928188,9.15,143.45,26.64,46.92,27.2,104.23,1
2026-03-04 13:52:15+00:00,21.392147,114.928644,9.64,149.92,26.64,46.91,26.9,100.81,1
2026-03-04 13:53:04+00:00,21.390442,114.929936,9.2,144.79,26.64,46.88,27.08,101.24,1
2026-03-04 13:53:31+00:00,21.389598,114.930692,8.8,140.17,26.64,46.87,27.62,104.13,1
2026-03-04 13:53:40+00:00,21.389241,114.93088,9.55,153.88,26.64,46.86,25.44,95.68,1
2026-03-04 13:54:08+00:00,21.388235,114.93168,9.66,143.48,26.64,46.85,27.31,104.99,1
2026-03-04 13:54:19+00:00,21.387818,114.93193,9.38,150.83,26.64,46.84,25.97,96.12,1
2026-03-04 13:55:48+00:00,21.384712,114.934408,9.4,143.39,26.64,46.78,27.42,106.24,1
2026-03-04 13:56:16+00:00,21.383677,114.935104,9.43,147.95,26.64,46.77,26.77,98.84,1
2026-03-04 13:57:41+00:00,21.38092,114.937664,9.27,139.15,26.64,46.71,27.59,107.06,1
2026-03-04 13:58:30+00:00,21.379167,114.938838,9.11,148.05,26.64,46.68,26.0,98.45,1
2026-03-04 13:58:58+00:00,21.378141,114.93965,9.84,143.61,26.64,46.66,26.71,102.18,1
2026-03-04 13:59:13+00:00,21.377609,114.939967,8.77,150.98,26.64,46.65,26.05,94.97,1
2026-03-04 14:00:05+00:00,21.375763,114.94141,9.49,143.95,26.64,46.62,26.78,105.78,1
2026-03-04 14:01:04+00:00,21.373754,114.943108,9.37,141.79,26.64,46.58,26.78,105.56,1
2026-03-04 14:02:05+00:00,21.371714,114.9449,9.34,140.72,26.64,46.54,27.7,105.62,1
2026-03-04 14:02:42+00:00,21.370306,114.945812,9.61,148.9,26.64,46.51,27.06,98.18,1
2026-03-04 14:03:05+00:00,21.369331,114.946302,10.12,154.92,26.64,46.5,25.33,94.51,1
2026-03-04 14:03:21+00:00,21.368661,114.946748,10.65,148.2,26.64,46.49,26.86,102.86,1
2026-03-04 14:03:37+00:00,21.36799,114.947081,9.99,155.2,26.64,46.48,25.3,94.48,1
2026-03-04 14:03:48+00:00,21.36749,114.947219,10.14,165.59,26.64,46.48,23.41,82.44,1
2026-03-04 14:04:19+00:00,21.36623,114.947937,9.95,152.05,26.64,46.46,26.08,96.85,1
2026-03-04 14:04:38+00:00,21.365466,114.948271,9.38,157.85,26.64,46.45,24.72,90.19,1
2026-03-04 14:04:44+00:00,21.365243,114.948449,10.01,143.37,26.64,46.44,27.38,102.4,1
2026-03-04 14:04:51+00:00,21.364935,114.948528,9.78,166.57,26.64,46.44,23.41,81.48,1
2026-03-04 14:05:16+00:00,21.363923,114.948991,9.51,156.92,26.64,46.43,24.75,86.1,1
2026-03-04 14:05:24+00:00,21.363619,114.949194,9.67,148.12,26.64,46.42,26.73,100.26,1
2026-03-04 14:05:35+00:00,21.363162,114.949326,9.3,164.94,26.64,46.42,23.6,83.0,1
2026-03-04 14:05:40+00:00,21.363031,114.949477,8.31,132.97,26.64,46.41,28.15,111.93,1
2026-03-04 14:05:53+00:00,21.36249,114.949766,10.05,153.55,26.64,46.4,25.71,94.14,1
2026-03-04 14:06:28+00:00,21.361206,114.950647,9.41,147.42,26.63,46.38,26.23,99.98,1
2026-03-04 14:06:58+00:00,21.360175,114.951496,9.36,142.52,26.63,46.36,32.08,106.65,1
2026-03-04 14:07:45+00:00,21.358356,114.952559,9.52,151.44,26.63,46.33,25.84,98.56,1
2026-03-04 14:08:21+00:00,21.357104,114.953552,9.35,143.55,26.63,46.31,27.42,102.71,1
2026-03-04 14:08:50+00:00,21.356016,114.954227,9.37,149.98,26.63,46.29,26.2,97.03,1
2026-03-04 14:09:09+00:00,21.355368,114.954789,9.48,141.07,26.63,46.28,27.5,107.5,1
2026-03-04 14:09:30+00:00,21.35461,114.955259,9.01,149.99,26.63,46.27,26.26,92.93,1
2026-03-04 14:10:04+00:00,21.3535,114.956269,9.25,139.72,26.63,46.24,28.07,105.38,1
2026-03-04 14:10:40+00:00,21.352196,114.957203,9.41,146.29,26.63,46.22,26.81,102.95,1
2026-03-04 14:10:48+00:00,21.351867,114.957322,9.38,161.38,26.63,46.21,24.18,87.34,1
2026-03-04 14:11:03+00:00,21.351424,114.957821,9.25,133.63,26.63,46.2,28.19,112.18,1
2026-03-04 14:11:16+00:00,21.350944,114.958133,9.33,148.81,26.63,46.19,25.9,94.69,1
2026-03-04 14:12:03+00:00,21.349266,114.959533,9.77,142.15,26.63,46.16,27.3,104.7,1
2026-03-04 14:12:34+00:00,21.348299,114.960422,8.88,139.43,26.63,46.14,27.4,104.27,1
2026-03-04 14:12:55+00:00,21.347575,114.960975,9.15,144.57,26.63,46.13,26.8,101.9,1
2026-03-04 14:13:03+00:00,21.347279,114.961122,8.81,155.18,26.63,46.12,25.18,88.65,1
2026-03-04 14:13:18+00:00,21.346745,114.961543,9.55,143.71,26.63,46.11,27.23,100.81,1
2026-03-04 14:13:34+00:00,21.346211,114.962078,9.87,136.98,26.63,46.1,28.23,105.43,1
2026-03-04 14:13:58+00:00,21.345409,114.962663,8.73,145.81,26.62,46.08,26.73,101.61,1
2026-03-04 14:14:23+00:00,21.344597,114.96342,9.3,139.03,26.62,46.07,27.76,105.79,1
2026-03-04 14:14:44+00:00,21.343805,114.964011,9.93,145.2,26.62,46.05,26.3,102.54,1
2026-03-04 14:15:00+00:00,21.343218,114.964346,8.98,152.01,26.62,46.04,25.37,93.7,1
2026-03-04 14:15:39+00:00,21.341904,114.965497,9.4,140.79,26.62,46.01,27.44,103.01,1
2026-03-04 14:16:01+00:00,21.341066,114.966015,9.5,150.07,26.62,46.0,25.64,94.17,1
2026-03-04 14:16:36+00:00,21.339868,114.966941,9.12,144.25,26.62,45.98,27.05,99.34,1
2026-03-04 14:16:54+00:00,21.339241,114.967494,9.74,140.6,26.62,45.96,28.06,104.53,1
2026-03-04 14:17:01+00:00,21.33897,114.96763,9.24,154.95,26.62,45.96,25.54,92.04,1
2026-03-04 14:17:05+00:00,21.33886,114.967767,9.1,130.76,26.62,45.96,28.84,111.89,1
2026-03-04 14:17:36+00:00,21.337746,114.968548,9.28,146.85,26.62,45.94,26.92,102.7,1
2026-03-04 14:17:55+00:00,21.337087,114.968929,8.51,151.7,26.62,45.92,25.69,94.91,1
2026-03-04 14:18:39+00:00,21.33576,114.970116,8.48,140.2,26.62,45.89,27.22,105.35,1
2026-03-04 14:19:45+00:00,21.333659,114.971899,8.77,141.67,26.62,45.85,26.98,102.67,1
2026-03-04 14:20:17+00:00,21.332521,114.972716,9.25,146.23,26.61,45.83,26.46,102.66,1
2026-03-04 14:20:38+00:00,21.331787,114.973323,9.54,142.39,26.61,45.81,27.11,103.35,1
2026-03-04 14:20:41+00:00,21.331715,114.973446,9.75,122.15,26.61,45.81,30.48,121.74,1
2026-03-04 14:21:01+00:00,21.331013,114.973967,9.22,145.34,26.61,45.8,26.73,100.72,1
2026-03-04 14:21:30+00:00,21.330098,114.974886,9.34,136.91,26.61,45.77,28.03,109.73,1
2026-03-04 14:21:40+00:00,21.32975,114.975127,8.95,147.17,26.61,45.77,26.48,99.32,1
2026-03-04 14:21:53+00:00,21.329358,114.975552,9.26,134.72,26.61,45.76,28.69,109.17,1
2026-03-04 14:22:12+00:00,21.328718,114.976064,9.08,143.31,26.61,45.75,27.25,100.88,1
2026-03-04 14:22:37+00:00,21.327971,114.976875,9.19,134.68,26.61,45.73,27.86,111.26,1
2026-03-04 14:22:41+00:00,21.327802,114.976948,9.84,158.08,26.61,45.72,23.84,90.78,1
2026-03-04 14:23:05+00:00,21.327055,114.977692,9.18,137.15,26.61,45.71,28.21,106.95,1
2026-03-04 14:23:21+00:00,21.326569,114.97813,8.57,139.99,26.61,45.7,26.93,100.76,1
2026-03-04 14:23:27+00:00,21.326344,114.978247,9.01,154.15,26.61,45.69,25.18,90.9,1
2026-03-04 14:24:06+00:00,21.325029,114.979448,9.57,139.61,26.6,45.66,27.3,107.5,1
2026-03-04 14:24:18+00:00,21.324601,114.979779,9.5,144.23,26.6,45.66,26.34,105.49,1
2026-03-04 14:24:34+00:00,21.323986,114.980113,9.31,153.16,26.6,45.65,25.57,90.54,1
2026-03-04 14:25:17+00:00,21.322539,114.98137,9.36,141.02,26.6,45.61,,,0
2026-03-04 14:25:40+00:00,21.321735,114.98195,9.1,146.1,26.6,45.6,,,0
2026-03-04 14:25:48+00:00,21.321486,114.982205,9.3,136.35,26.6,45.59,,,0
2026-03-04 14:26:21+00:00,21.32026,114.983022,9.45,148.17,26.6,45.57,,,0
2026-03-04 14:26:43+00:00,21.319463,114.983575,9.32,147.12,26.6,45.56,,,0
2026-03-04 14:27:09+00:00,21.318404,114.984018,9.45,158.71,26.6,45.54,,,0
2026-03-04 14:27:51+00:00,21.316656,114.984379,9.16,169.11,26.6,45.52,,,0
2026-03-04 14:28:12+00:00,21.315853,114.984773,9.09,155.44,26.6,45.5,,,0
2026-03-04 14:28:52+00:00,21.31443,114.985768,9.18,146.92,26.6,45.48,,,0
2026-03-04 14:29:09+00:00,21.313885,114.986255,9.02,140.22,26.6,45.46,27.4,107.88,1
2026-03-04 14:29:25+00:00,21.313525,114.986782,8.22,126.25,26.59,45.45,28.77,116.19,1
2026-03-04 14:29:36+00:00,21.31313,114.987052,9.2,147.51,26.59,45.45,26.62,98.19,1
2026-03-04 14:29:51+00:00,21.312646,114.987529,9.47,137.44,26.59,45.43,27.87,107.31,1
2026-03-04 14:30:31+00:00,21.311508,114.988882,9.18,132.08,26.59,45.4,28.62,112.57,1
2026-03-04 14:30:47+00:00,21.311011,114.989368,9.08,137.67,26.59,45.39,27.48,107.37,1
2026-03-04 14:31:14+00:00,21.310086,114.990106,9.23,143.38,26.59,45.37,26.77,102.43,1
2026-03-04 14:31:23+00:00,21.309734,114.990279,9.3,155.4,26.59,45.37,24.72,90.67,1
2026-03-04 14:31:36+00:00,21.309296,114.990667,9.44,140.47,26.59,45.36,27.36,106.69,1
2026-03-04 14:31:53+00:00,21.308667,114.991011,8.98,153.0,26.59,45.35,25.87,92.11,1
2026-03-04 14:32:05+00:00,21.30821,114.991229,9.01,156.04,26.59,45.34,24.46,87.15,1
2026-03-04 14:32:24+00:00,21.307527,114.991718,9.34,146.3,26.59,45.33,,,0
2026-03-04 14:32:55+00:00,21.306486,114.992636,9.39,140.59,26.59,45.3,27.81,100.74,1
2026-03-04 14:33:16+00:00,21.305914,114.993394,9.35,129.01,26.58,45.29,29.07,118.95,1
2026-03-04 14:33:35+00:00,21.305248,114.993827,8.86,148.8,26.58,45.27,25.78,97.56,1
2026-03-04 14:34:02+00:00,21.304358,114.994546,8.92,143.03,26.58,45.26,27.18,99.76,1
2026-03-04 14:34:14+00:00,21.304059,114.994961,8.8,127.72,26.58,45.25,28.89,114.43,1
2026-03-04 14:34:57+00:00,21.302739,114.996345,9.28,135.67,26.58,45.21,28.63,107.56,1
2026-03-04 14:35:05+00:00,21.302454,114.996546,9.21,146.69,26.58,45.21,26.55,101.65,1
2026-03-04 14:35:52+00:00,21.301102,114.998042,8.93,134.13,26.58,45.17,28.05,106.67,1
2026-03-04 14:36:14+00:00,21.300541,114.998837,9.13,127.14,26.58,45.16,29.93,116.23,1
2026-03-04 14:36:19+00:00,21.300362,114.998918,8.4,157.14,26.58,45.15,24.51,86.18,1
2026-03-04 14:36:35+00:00,21.299906,114.999402,8.66,135.32,26.58,45.14,28.15,109.55,1
2026-03-04 14:37:07+00:00,21.298806,115.000278,9.25,143.43,26.58,45.12,26.94,101.42,1
2026-03-04 14:37:29+00:00,21.298114,115.000955,9.2,137.65,26.57,45.11,28.12,103.29,1
2026-03-04 14:37:42+00:00,21.29764,115.001278,9.34,147.59,26.57,45.1,26.66,97.37,1
2026-03-04 14:37:54+00:00,21.297279,115.00167,9.25,134.67,26.57,45.1,28.21,107.63,1
2026-03-04 14:38:27+00:00,21.29589,115.002177,9.61,161.22,26.57,45.08,23.72,85.13,1
2026-03-04 14:38:55+00:00,21.29486,115.002801,9.13,150.56,26.57,45.06,25.82,97.41,1
2026-03-04 14:39:17+00:00,21.294207,115.003501,9.07,135.03,26.57,45.05,27.87,105.38,1
2026-03-04 14:39:30+00:00,21.293781,115.003806,8.51,146.29,26.57,45.04,26.88,95.68,1
2026-03-04 14:39:50+00:00,21.293236,115.004456,8.81,131.98,26.57,45.03,28.47,109.96,1
2026-03-04 14:40:02+00:00,21.292823,115.004732,8.76,148.09,26.57,45.03,25.92,95.32,1
2026-03-04 14:40:37+00:00,21.291725,115.005848,9.34,136.56,26.57,45.01,27.98,109.46,1
2026-03-04 14:41:12+00:00,21.290489,115.006808,9.42,144.11,26.57,44.99,,,0
2026-03-04 14:41:15+00:00,21.290353,115.006849,10.18,164.31,26.57,44.98,,,0
2026-03-04 14:41:19+00:00,21.290241,115.007005,9.92,127.62,26.56,44.98,,,0
2026-03-04 14:41:28+00:00,21.289908,115.007191,9.02,152.51,26.56,44.98,,,0
2026-03-04 14:41:38+00:00,21.28963,115.007529,9.08,131.44,26.56,44.97,,,0
2026-03-04 14:41:55+00:00,21.289079,115.008008,9.02,140.99,26.56,44.96,,,0
2026-03-04 14:42:22+00:00,21.288168,115.008738,9.1,143.25,26.56,44.95,,,0
2026-03-04 14:42:27+00:00,21.287966,115.008816,9.28,160.21,26.56,44.94,,,0
2026-03-04 14:42:41+00:00,21.287527,115.00925,9.22,137.35,26.56,44.94,,,0
2026-03-04 14:43:03+00:00,21.286723,115.009854,9.64,145.01,26.56,44.92,,,0
2026-03-04 14:43:19+00:00,21.286237,115.010397,9.48,133.85,26.56,44.91,,,0
2026-03-04 14:44:04+00:00,21.284623,115.0116,9.44,145.22,26.56,44.89,,,0
2026-03-04 14:44:35+00:00,21.283467,115.012373,9.5,148.07,26.56,44.87,25.98,97.37,1
2026-03-04 14:44:43+00:00,21.283141,115.012527,9.62,156.24,26.56,44.87,24.65,90.39,1
2026-03-04 14:45:19+00:00,21.281851,115.013475,9.39,145.6,26.56,44.85,26.86,100.72,1
2026-03-04 14:45:36+00:00,21.281173,115.013846,9.68,152.98,26.55,44.84,25.44,90.69,1
2026-03-04 14:46:02+00:00,21.280202,115.014541,9.7,146.3,26.55,44.82,26.53,102.51,1
2026-03-04 14:46:24+00:00,21.279327,115.014955,9.4,156.21,26.55,44.81,25.37,85.6,1
2026-03-04 14:46:38+00:00,21.278852,115.015395,9.69,139.2,26.55,44.8,27.36,104.75,1
2026-03-04 14:47:16+00:00,21.277556,115.016416,9.14,143.72,26.55,44.78,26.98,100.65,1
2026-03-04 14:47:38+00:00,21.276718,115.016974,9.69,148.18,26.55,44.77,26.08,98.61,1
2026-03-04 14:48:14+00:00,21.275286,115.017785,9.72,152.18,26.55,44.75,25.47,97.15,1
2026-03-04 14:48:27+00:00,21.274858,115.018122,8.83,143.73,26.55,44.74,27.09,96.4,1
2026-03-04 14:48:43+00:00,21.274221,115.018447,9.53,154.57,26.55,44.73,25.13,90.17,1
2026-03-04 14:48:58+00:00,21.273656,115.018869,9.92,145.16,26.55,44.72,26.76,96.82,1
2026-03-04 14:49:44+00:00,21.271859,115.01975,9.28,155.45,26.55,44.69,25.15,89.78,1
2026-03-04 14:49:50+00:00,21.271656,115.019939,9.68,139.05,26.55,44.69,27.45,106.69,1
2026-03-04 14:50:28+00:00,21.270258,115.0208,9.17,150.15,26.54,44.67,25.41,97.84,1
2026-03-04 14:51:02+00:00,21.269117,115.021767,9.24,141.7,26.54,44.65,26.7,103.04,1
2026-03-04 14:51:07+00:00,21.268997,115.021951,9.05,124.99,26.54,44.65,,,0
2026-03-04 14:51:26+00:00,21.268347,115.022475,9.25,143.08,26.54,44.64,27.41,102.68,1
2026-03-04 14:51:37+00:00,21.268017,115.022847,9.4,133.59,26.54,44.63,27.99,109.56,1
2026-03-04 14:51:55+00:00,21.267415,115.023345,9.13,142.37,26.54,44.62,26.81,99.09,1
2026-03-04 14:52:00+00:00,21.267211,115.023442,9.65,156.1,26.54,44.62,189.4,162.65,3
2026-03-04 14:52:25+00:00,21.266383,115.024246,9.65,137.86,26.54,44.6,27.81,104.11,1
2026-03-04 14:52:37+00:00,21.265915,115.024505,9.48,152.72,26.54,44.59,25.5,95.38,1
2026-03-04 14:52:42+00:00,21.265751,115.024698,10.52,132.36,26.54,44.59,29.18,113.22,1
2026-03-04 14:52:57+00:00,21.265154,115.024911,9.07,161.61,26.54,44.58,23.65,85.18,1
2026-03-04 14:53:10+00:00,21.264743,115.025263,8.74,141.41,26.54,44.57,26.88,101.01,1
2026-03-04 14:53:27+00:00,21.264109,115.025642,9.23,150.88,26.53,44.56,25.61,94.52,1
2026-03-04 14:53:44+00:00,21.263494,115.026123,9.68,143.91,26.53,44.55,26.65,101.99,1
2026-03-04 14:54:09+00:00,21.262697,115.026914,9.39,137.23,26.53,44.54,28.21,106.98,1
2026-03-04 14:54:30+00:00,21.261912,115.027444,9.55,147.82,26.53,44.53,26.2,96.73,1
2026-03-04 14:54:53+00:00,21.261092,115.028132,9.78,141.98,26.53,44.51,27.28,104.33,1
2026-03-04 14:55:08+00:00,21.260514,115.028479,9.54,150.77,26.53,44.5,25.75,92.89,1
2026-03-04 14:55:48+00:00,21.259134,115.029667,9.56,141.26,26.53,44.48,27.47,101.29,1
2026-03-04 14:56:05+00:00,21.258533,115.030235,10.18,138.63,26.53,44.47,27.77,109.82,1
2026-03-04 14:56:17+00:00,21.258063,115.03051,9.64,151.4,26.53,44.46,25.06,95.77,1
2026-03-04 14:56:37+00:00,21.257378,115.031091,9.44,141.67,26.53,44.45,27.13,103.18,1
2026-03-04 14:57:07+00:00,21.256251,115.031796,9.4,149.76,26.53,44.43,25.5,98.66,1
2026-03-04 14:57:12+00:00,21.256129,115.031979,9.06,125.58,26.53,44.43,29.16,116.1,1
2026-03-04 14:57:35+00:00,21.255386,115.032641,9.08,140.29,26.52,44.42,27.32,106.2,1
2026-03-04 14:57:46+00:00,21.254997,115.032927,9.27,145.58,26.52,44.41,26.72,99.36,1
2026-03-04 14:58:04+00:00,21.254443,115.033489,9.15,136.61,26.52,44.4,27.73,105.01,1
2026-03-04 14:59:04+00:00,21.25228,115.035409,10.11,140.4,26.52,44.36,27.47,109.21,1
2026-03-04 15:00:04+00:00,21.250117,115.037329,10.11,140.4,26.52,44.32,27.88,107.47,1
2026-03-04 15:01:04+00:00,21.247955,115.039249,10.11,140.4,26.52,44.29,27.43,105.21,1
2026-03-04 15:02:04+00:00,21.245792,115.041169,10.11,140.4,26.52,44.26,28.13,106.88,1
2026-03-04 15:03:04+00:00,21.243629,115.043089,10.11,140.4,26.52,44.22,27.52,104.59,1
2026-03-04 15:04:04+00:00,21.241466,115.045009,10.11,140.4,26.52,44.19,26.81,107.03,1
2026-03-04 15:05:37+00:00,21.239303,115.046928,6.52,140.4,26.52,44.12,26.83,93.05,1
2026-03-04 15:05:47+00:00,21.239008,115.047287,9.63,131.47,26.51,44.11,28.74,110.24,1
2026-03-04 15:06:47+00:00,21.236773,115.049293,10.5,140.08,26.51,44.08,27.86,108.29,1
2026-03-04 15:07:47+00:00,21.234539,115.051299,10.5,140.08,26.51,44.04,27.67,105.8,1
2026-03-04 15:08:47+00:00,21.232304,115.053306,10.5,140.08,26.51,44.01,27.42,106.69,1
2026-03-04 15:09:47+00:00,21.230069,115.055312,10.5,140.08,26.51,43.97,27.09,103.55,1
2026-03-04 15:10:47+00:00,21.227834,115.057319,10.5,140.08,26.51,43.94,27.38,109.91,1
2026-03-04 15:11:47+00:00,21.225599,115.059325,10.5,140.07,26.51,43.9,27.18,108.56,1
2026-03-04 15:12:47+00:00,21.223364,115.061331,10.5,140.07,26.5,43.86,27.26,105.75,1
2026-03-04 15:13:47+00:00,21.22113,115.063338,10.5,140.07,26.5,43.83,27.6,105.31,1
2026-03-04 15:15:46+00:00,21.218895,115.065344,5.29,140.07,26.5,43.73,26.95,97.19,1
2026-03-04 15:16:46+00:00,21.216508,115.067135,10.49,145.02,26.5,43.69,26.63,105.47,1
2026-03-04 15:17:46+00:00,21.214121,115.068927,10.49,145.02,26.5,43.66,26.15,103.38,1
2026-03-04 15:18:46+00:00,21.211734,115.070718,10.49,145.02,26.5,43.62,26.63,105.78,1
2026-03-04 15:19:46+00:00,21.209348,115.072509,10.49,145.02,26.49,43.58,26.85,99.56,1
2026-03-04 15:20:46+00:00,21.206961,115.074301,10.49,145.02,26.49,43.55,26.3,99.74,1
2026-03-04 15:21:46+00:00,21.204574,115.076092,10.49,145.02,26.49,43.51,26.44,98.97,1
2026-03-04 15:22:46+00:00,21.202187,115.077883,10.49,145.02,26.49,43.47,26.47,102.19,1
2026-03-04 15:23:46+00:00,21.1998,115.079674,10.49,145.02,26.49,43.43,29.12,101.63,1
2026-03-04 15:25:28+00:00,21.197413,115.081466,6.17,145.02,26.49,43.35,26.15,91.5,1
2026-03-04 15:25:53+00:00,21.196482,115.082387,10.96,137.32,26.48,43.34,27.91,110.66,1
2026-03-04 15:26:53+00:00,21.194211,115.084278,10.36,142.17,26.48,43.3,27.03,105.94,1
2026-03-04 15:27:53+00:00,21.19194,115.08617,10.36,142.17,26.48,43.26,26.63,100.39,1
2026-03-04 15:28:53+00:00,21.18967,115.088061,10.36,142.17,26.48,43.22,26.76,102.22,1
2026-03-04 15:29:53+00:00,21.187399,115.089952,10.36,142.17,26.48,43.18,27.1,105.02,1
2026-03-04 15:30:53+00:00,21.185128,115.091843,10.36,142.17,26.48,43.14,26.76,102.41,1
2026-03-04 15:31:53+00:00,21.182858,115.093734,10.36,142.17,26.47,43.1,27.38,101.71,1
2026-03-04 15:32:53+00:00,21.180587,115.095625,10.36,142.17,26.47,43.06,26.74,105.31,1
2026-03-04 15:33:53+00:00,21.178317,115.097517,10.36,142.17,26.47,43.02,26.91,100.66,1
2026-03-04 15:35:30+00:00,21.176046,115.099408,6.41,142.17,26.47,42.94,26.49,94.13,1
2026-03-04 15:35:54+00:00,21.175241,115.100294,10.39,134.26,26.47,42.92,27.78,110.93,1
2026-03-04 15:36:54+00:00,21.173007,115.10219,10.26,141.64,26.46,42.88,26.36,102.26,1
2026-03-04 15:37:54+00:00,21.170772,115.104087,10.26,141.64,26.46,42.84,26.42,104.94,1
2026-03-04 15:38:54+00:00,21.168538,115.105983,10.26,141.64,26.46,42.8,27.25,102.2,1
2026-03-04 15:39:54+00:00,21.166304,115.107879,10.27,141.64,26.46,42.75,26.7,106.12,1
2026-03-04 15:40:54+00:00,21.16407,115.109776,10.27,141.64,26.46,42.71,27.62,103.01,1
2026-03-04 15:41:54+00:00,21.161835,115.111672,10.27,141.64,26.46,42.67,26.68,104.57,1
2026-03-04 15:42:54+00:00,21.159601,115.113569,10.27,141.64,26.45,42.63,26.89,104.68,1
2026-03-04 15:43:54+00:00,21.157367,115.115465,10.27,141.64,26.45,42.59,27.29,101.9,1
2026-03-04 15:45:29+00:00,21.155132,115.117362,6.48,141.64,26.45,42.51,26.82,90.9,1
2026-03-04 15:45:34+00:00,21.155049,115.117589,9.86,111.44,26.45,42.51,31.99,128.85,1
2026-03-04 15:45:51+00:00,21.154499,115.118304,10.99,129.53,26.45,42.5,,,0
2026-03-04 15:46:51+00:00,21.152368,115.120397,10.41,137.51,26.44,42.45,,,0
2026-03-04 15:47:51+00:00,21.150238,115.12249,10.41,137.51,26.44,42.41,,,0
2026-03-04 15:48:51+00:00,21.148107,115.124582,10.41,137.51,26.44,42.37,,,0
2026-03-04 15:49:51+00:00,21.145977,115.126675,10.41,137.51,26.44,42.33,27.36,110.96,1
2026-03-04 15:50:51+00:00,21.143846,115.128768,10.41,137.51,26.44,42.29,32.27,103.97,1
2026-03-04 15:51:51+00:00,21.141716,115.130861,10.41,137.51,26.44,42.25,27.51,108.35,1
2026-03-04 15:52:51+00:00,21.139585,115.132953,10.41,137.51,26.43,42.21,27.45,105.7,1
2026-03-04 15:53:51+00:00,21.137454,115.135046,10.41,137.5,26.43,42.17,27.36,106.14,1
2026-03-04 15:55:30+00:00,21.135324,115.137139,6.31,137.5,26.43,42.09,31.39,97.61,1
2026-03-04 15:55:43+00:00,21.134935,115.137606,9.7,131.75,26.43,42.08,31.37,108.84,1
2026-03-04 15:55:51+00:00,21.134609,115.137825,10.41,147.9,26.43,42.07,27.48,98.33,1
2026-03-04 15:56:51+00:00,21.132314,115.139777,10.55,141.57,26.43,42.03,27.22,106.11,1
2026-03-04 15:57:51+00:00,21.130019,115.141729,10.55,141.57,26.42,41.99,26.43,104.23,1
2026-03-04 15:58:51+00:00,21.127725,115.143681,10.55,141.57,26.42,41.95,136.56,178.87,3
2026-03-04 15:59:51+00:00,21.12543,115.145632,10.55,141.57,26.42,41.91,26.54,101.25,1
2026-03-04 16:00:51+00:00,21.123135,115.147584,10.55,141.57,26.42,41.87,26.19,104.22,1
2026-03-04 16:01:51+00:00,21.12084,115.149536,10.55,141.57,26.42,41.83,26.71,107.46,1
2026-03-04 16:02:51+00:00,21.118546,115.151488,10.55,141.57,26.42,41.78,26.69,102.34,1
2026-03-04 16:03:51+00:00,21.116251,115.153439,10.55,141.57,26.42,41.74,27.17,102.31,1
2026-03-04 16:05:29+00:00,21.113956,115.155391,6.46,141.57,26.41,41.65,26.28,93.07,1
2026-03-04 16:05:32+00:00,21.113915,115.155526,9.54,107.95,26.41,41.64,31.18,128.82,1
2026-03-04 16:05:45+00:00,21.113438,115.155901,9.83,143.8,26.41,41.63,26.73,93.9,1
2026-03-04 16:06:45+00:00,21.111377,115.158099,10.47,135.15,26.41,41.59,28.17,109.33,1
2026-03-04 16:07:45+00:00,21.109315,115.160297,10.47,135.15,26.41,41.54,27.97,106.79,1
2026-03-04 16:08:45+00:00,21.107254,115.162494,10.47,135.15,26.41,41.5,27.72,105.22,1
2026-03-04 16:09:45+00:00,21.105193,115.164692,10.47,135.15,26.41,41.45,252.97,130.89,3
2026-03-04 16:10:45+00:00,21.103131,115.16689,10.47,135.15,26.41,41.41,27.66,106.2,1
2026-03-04 16:11:45+00:00,21.10107,115.169088,10.47,135.15,26.41,41.36,28.09,107.65,1
2026-03-04 16:12:45+00:00,21.099008,115.171286,10.47,135.15,26.41,41.32,28.32,111.22,1
2026-03-04 16:13:45+00:00,21.096947,115.173484,10.47,135.15,26.41,41.27,28.21,105.43,1
2026-03-04 16:15:43+00:00,21.094886,115.175682,5.33,135.15,26.41,41.16,26.43,94.48,1
2026-03-04 16:15:54+00:00,21.09459,115.176066,9.12,129.51,26.41,41.15,27.85,111.04,1
2026-03-04 16:16:54+00:00,21.092537,115.178097,10.07,137.3,26.41,41.11,27.28,107.67,1
2026-03-04 16:17:54+00:00,21.090483,115.180128,10.07,137.29,26.41,41.06,26.7,102.18,1
2026-03-04 16:18:54+00:00,21.08843,115.18216,10.07,137.29,26.41,41.01,27.32,106.1,1
2026-03-04 16:19:54+00:00,21.086376,115.184191,10.07,137.29,26.41,40.97,27.17,106.41,1
2026-03-04 16:20:54+00:00,21.084323,115.186222,10.07,137.29,26.41,40.92,27.06,101.09,1
2026-03-04 16:21:54+00:00,21.082269,115.188254,10.07,137.29,26.42,40.88,223.24,124.34,3
2026-03-04 16:22:54+00:00,21.080216,115.190285,10.07,137.29,26.42,40.83,27.34,106.88,1
2026-03-04 16:23:54+00:00,21.078162,115.192316,10.07,137.29,26.42,40.78,27.02,104.46,1
2026-03-04 16:25:29+00:00,21.076109,115.194348,6.36,137.29,26.42,40.7,26.1,99.72,1
2026-03-04 16:25:38+00:00,21.075776,115.19459,9.66,145.77,26.42,40.69,24.8,98.5,1
2026-03-04 16:25:54+00:00,21.075255,115.19512,9.71,136.51,26.42,40.68,27.2,105.17,1
2026-03-04 16:26:54+00:00,21.073033,115.197018,10.23,141.45,26.42,40.63,27.01,100.59,1
2026-03-04 16:27:54+00:00,21.070811,115.198916,10.23,141.44,26.42,40.58,26.97,99.51,1
2026-03-04 16:28:54+00:00,21.06859,115.200813,10.23,141.44,26.42,40.54,26.33,101.34,1
2026-03-04 16:29:54+00:00,21.066368,115.202711,10.23,141.44,26.42,40.49,26.28,102.51,1
2026-03-04 16:30:54+00:00,21.064146,115.204608,10.23,141.44,26.42,40.45,26.59,100.68,1
2026-03-04 16:31:54+00:00,21.061924,115.206506,10.23,141.44,26.42,40.4,26.15,96.89,1
2026-03-04 16:32:54+00:00,21.059703,115.208404,10.24,141.44,26.42,40.35,26.53,103.78,1
2026-03-04 16:33:54+00:00,21.057481,115.210301,10.24,141.44,26.43,40.31,26.66,101.58,1
2026-03-04 16:35:29+00:00,21.055259,115.212199,6.46,141.44,26.43,40.22,26.32,92.16,1
2026-03-04 16:35:44+00:00,21.054783,115.21271,9.71,134.96,26.43,40.21,27.36,107.66,1
2026-03-04 16:36:44+00:00,21.052791,115.214524,9.42,139.64,26.43,40.16,26.49,104.04,1
2026-03-04 16:37:44+00:00,21.0508,115.216337,9.42,139.64,26.43,40.11,26.28,95.34,1
2026-03-04 16:38:44+00:00,21.048808,115.218151,9.42,139.64,26.43,40.06,26.29,101.77,1
2026-03-04 16:39:44+00:00,21.046817,115.219965,9.42,139.64,26.43,40.02,26.47,98.0,1
2026-03-04 16:40:44+00:00,21.044825,115.221778,9.42,139.64,26.43,39.97,26.64,101.81,1
2026-03-04 16:41:44+00:00,21.042834,115.223592,9.42,139.64,26.43,39.92,26.79,101.02,1
2026-03-04 16:42:44+00:00,21.040842,115.225406,9.42,139.64,26.43,39.87,26.27,101.99,1
2026-03-04 16:43:44+00:00,21.038851,115.227219,9.42,139.64,26.43,39.82,26.95,99.68,1
2026-03-04 16:44:44+00:00,21.036859,115.229033,9.42,139.63,26.43,39.77,26.42,96.88,1
2026-03-04 16:45:51+00:00,21.034868,115.230847,8.43,139.63,26.44,39.72,26.32,97.57,1
2026-03-04 16:46:51+00:00,21.032745,115.232646,9.75,141.65,26.44,39.67,25.99,100.17,1
2026-03-04 16:47:51+00:00,21.030622,115.234446,9.75,141.65,26.44,39.62,25.47,101.35,1
2026-03-04 16:48:51+00:00,21.028498,115.236245,9.75,141.65,26.44,39.57,26.46,96.93,1
2026-03-04 16:49:51+00:00,21.026375,115.238045,9.75,141.65,26.44,39.52,26.41,101.28,1
2026-03-04 16:50:51+00:00,21.024252,115.239845,9.75,141.65,26.44,39.47,26.1,97.88,1
2026-03-04 16:51:51+00:00,21.022129,115.241644,9.75,141.65,26.44,39.43,26.19,99.86,1
2026-03-04 16:52:51+00:00,21.020006,115.243444,9.75,141.65,26.44,39.38,26.32,98.07,1
2026-03-04 16:53:51+00:00,21.017883,115.245243,9.75,141.65,26.44,39.33,25.69,99.41,1
2026-03-04 16:55:29+00:00,21.01576,115.247043,5.97,141.65,26.44,39.23,25.67,92.42,1
2026-03-04 16:55:47+00:00,21.015373,115.247598,7.76,126.71,26.44,39.22,28.12,106.2,1
2026-03-04 16:56:47+00:00,21.013291,115.249464,9.78,140.08,26.45,39.17,26.03,99.05,1
2026-03-04 16:57:47+00:00,21.01121,115.25133,9.78,140.08,26.45,39.12,26.48,100.74,1
2026-03-04 16:58:47+00:00,21.009128,115.253196,9.78,140.08,26.45,39.06,25.98,105.12,1
2026-03-04 16:59:47+00:00,21.007047,115.255062,9.78,140.08,26.45,39.01,26.52,98.54,1
2026-03-04 17:00:47+00:00,21.004965,115.256927,9.78,140.08,26.45,38.96,26.36,104.3,1
2026-03-04 17:01:47+00:00,21.002883,115.258793,9.78,140.08,26.45,38.91,25.88,104.18,1
2026-03-04 17:02:47+00:00,21.000802,115.260659,9.78,140.08,26.45,38.85,26.7,99.92,1
2026-03-04 17:03:47+00:00,20.99872,115.262525,9.78,140.08,26.45,38.81,26.13,99.48,1
2026-03-04 17:05:38+00:00,20.996638,115.264391,5.29,140.08,26.45,38.7,25.69,88.77,1
2026-03-04 17:05:52+00:00,20.996248,115.264802,8.45,135.52,26.46,38.69,26.86,101.28,1
2026-03-04 17:06:52+00:00,20.994149,115.266511,9.5,142.76,26.46,38.65,26.18,93.95,1
2026-03-04 17:07:52+00:00,20.99205,115.268219,9.5,142.76,26.46,38.6,25.53,96.57,1
2026-03-04 17:08:52+00:00,20.989951,115.269928,9.5,142.76,26.46,38.56,25.85,99.67,1
2026-03-04 17:09:52+00:00,20.987852,115.271637,9.5,142.76,26.46,38.51,25.95,95.41,1
2026-03-04 17:10:52+00:00,20.985753,115.273346,9.5,142.76,26.47,38.46,26.02,96.11,1
2026-03-04 17:11:52+00:00,20.983654,115.275054,9.5,142.76,26.47,38.42,25.86,93.14,1
2026-03-04 17:12:52+00:00,20.981555,115.276763,9.5,142.76,26.47,38.37,25.69,97.24,1
2026-03-04 17:13:52+00:00,20.979456,115.278472,9.5,142.76,26.47,38.32,25.55,96.98,1
2026-03-04 17:15:43+00:00,20.977356,115.28018,5.13,142.76,26.47,38.21,25.7,86.74,1
2026-03-04 17:16:43+00:00,20.975248,115.281857,9.46,143.41,26.48,38.16,25.34,95.15,1
2026-03-04 17:17:43+00:00,20.973139,115.283534,9.46,143.41,26.48,38.11,24.78,94.95,1
2026-03-04 17:18:43+00:00,20.971031,115.28521,9.46,143.41,26.48,38.06,25.79,96.49,1
2026-03-04 17:19:43+00:00,20.968922,115.286887,9.46,143.41,26.49,38.01,25.92,95.38,1
2026-03-04 17:20:43+00:00,20.966813,115.288563,9.46,143.41,26.49,37.96,24.94,96.01,1
2026-03-04 17:21:43+00:00,20.964705,115.29024,9.46,143.41,26.49,37.91,25.34,95.76,1
2026-03-04 17:22:43+00:00,20.962596,115.291917,9.46,143.41,26.49,37.86,25.82,97.53,1
2026-03-04 17:23:43+00:00,20.960487,115.293593,9.46,143.41,26.5,37.8,26.24,96.58,1
2026-03-04 17:25:29+00:00,20.958379,115.29527,5.36,143.41,26.5,37.69,25.58,86.3,1
2026-03-04 17:25:48+00:00,20.957937,115.295756,7.2,134.19,26.5,37.67,26.45,102.09,1
2026-03-04 17:26:48+00:00,20.955714,115.297569,10.07,142.71,26.51,37.62,25.73,97.9,1
2026-03-04 17:27:48+00:00,20.953491,115.299383,10.07,142.7,26.51,37.56,26.19,99.61,1
2026-03-04 17:28:48+00:00,20.951268,115.301196,10.07,142.7,26.51,37.51,25.58,98.17,1
2026-03-04 17:29:48+00:00,20.949044,115.303009,10.07,142.7,26.51,37.46,25.53,93.21,1
2026-03-04 17:30:48+00:00,20.946821,115.304822,10.07,142.7,26.52,37.4,25.62,99.45,1
2026-03-04 17:31:48+00:00,20.944598,115.306636,10.07,142.7,26.52,37.35,25.47,97.06,1
2026-03-04 17:32:48+00:00,20.942375,115.308449,10.07,142.7,26.52,37.29,25.78,96.63,1
2026-03-04 17:33:48+00:00,20.940151,115.310262,10.07,142.7,26.53,37.23,26.23,97.24,1
2026-03-04 17:35:28+00:00,20.937928,115.312076,6.04,142.7,26.53,37.12,29.11,86.88,1
2026-03-04 17:35:52+00:00,20.937079,115.312788,9.71,141.92,26.53,37.1,25.74,96.96,1
2026-03-04 17:36:52+00:00,20.934965,115.314621,9.8,141.0,26.54,37.04,25.89,96.34,1
2026-03-04 17:37:52+00:00,20.932851,115.316454,9.8,141.0,26.54,36.98,197.65,56.22,3
2026-03-04 17:38:52+00:00,20.930736,115.318288,9.8,141.0,26.54,36.92,26.23,97.18,1
2026-03-04 17:39:52+00:00,20.928622,115.320121,9.8,140.99,26.55,36.86,25.93,96.58,1
2026-03-04 17:40:52+00:00,20.926508,115.321954,9.8,140.99,26.55,36.8,25.89,95.43,1
2026-03-04 17:41:52+00:00,20.924393,115.323788,9.8,140.99,26.55,36.73,26.9,97.76,1
2026-03-04 17:42:52+00:00,20.922279,115.325621,9.8,140.99,26.56,36.67,28.93,97.54,1
2026-03-04 17:43:52+00:00,20.920165,115.327455,9.8,140.99,26.56,36.61,25.7,97.88,1
2026-03-04 17:45:29+00:00,20.918051,115.329288,6.06,140.99,26.56,36.49,25.59,86.64,1
2026-03-04 17:45:31+00:00,20.917905,115.329294,15.76,177.72,26.56,36.49,17.7,70.22,1
2026-03-04 17:45:39+00:00,20.917614,115.329477,9.11,149.65,26.57,36.48,24.5,88.12,1
2026-03-04 17:45:52+00:00,20.917182,115.329923,9.98,135.96,26.57,36.47,26.37,105.03,1
2026-03-04 17:46:52+00:00,20.914991,115.331757,10.02,141.99,26.57,36.41,26.03,94.36,1
2026-03-04 17:47:52+00:00,20.9128,115.33359,10.02,141.99,26.58,36.34,25.55,99.53,1
2026-03-04 17:48:52+00:00,20.910609,115.335423,10.02,141.99,26.58,36.28,26.3,96.86,1
2026-03-04 17:49:52+00:00,20.908418,115.337256,10.02,141.99,26.58,36.21,26.06,96.21,1
2026-03-04 17:50:52+00:00,20.906226,115.339089,10.02,141.99,26.59,36.14,25.59,95.36,1
2026-03-04 17:51:52+00:00,20.904035,115.340923,10.02,141.99,26.59,36.08,26.1,93.32,1
2026-03-04 17:52:52+00:00,20.901844,115.342756,10.02,141.99,26.59,36.01,25.73,98.0,1
2026-03-04 17:53:52+00:00,20.899653,115.344589,10.02,141.99,26.59,35.94,25.95,94.41,1
2026-03-04 17:55:29+00:00,20.897462,115.346422,6.2,141.99,26.6,35.82,25.72,85.73,1
2026-03-04 17:55:30+00:00,20.897532,115.346403,15.59,345.75,26.6,35.82,38.25,-146.03,1
2026-03-04 17:56:30+00:00,20.895583,115.348384,9.68,136.48,26.6,35.75,26.37,96.48,1
2026-03-04 17:57:30+00:00,20.893635,115.350364,9.68,136.48,26.61,35.68,26.86,97.13,1
2026-03-04 17:58:30+00:00,20.891686,115.352345,9.68,136.48,26.61,35.61,26.44,100.07,1
2026-03-04 17:59:30+00:00,20.889738,115.354325,9.68,136.48,26.61,35.53,26.41,100.63,1
2026-03-04 18:00:30+00:00,20.887789,115.356306,9.68,136.48,26.61,35.47,26.24,100.95,1
2026-03-04 18:01:30+00:00,20.885841,115.358286,9.68,136.48,26.62,35.42,26.65,99.33,1
2026-03-04 18:02:30+00:00,20.883892,115.360267,9.68,136.48,26.62,35.37,27.13,104.94,1
2026-03-04 18:03:30+00:00,20.881944,115.362247,9.68,136.48,26.62,35.31,26.19,99.37,1
2026-03-04 18:04:30+00:00,20.879996,115.364228,9.68,136.48,26.63,35.26,26.51,99.31,1
2026-03-04 18:05:30+00:00,20.878047,115.366208,9.68,136.48,26.63,35.2,26.92,98.13,1
2026-03-04 18:05:45+00:00,20.877623,115.366708,9.09,132.27,26.63,35.19,27.03,102.64,1
2026-03-04 18:06:45+00:00,20.875287,115.368746,10.86,140.81,26.63,35.14,26.04,99.36,1
2026-03-04 18:07:45+00:00,20.872951,115.370784,10.86,140.81,26.63,35.08,25.58,100.49,1
2026-03-04 18:08:45+00:00,20.870615,115.372823,10.86,140.81,26.64,35.03,26.01,95.05,1
2026-03-04 18:09:45+00:00,20.868279,115.374861,10.86,140.81,26.64,34.97,25.82,97.48,1
2026-03-04 18:10:45+00:00,20.865943,115.3769,10.86,140.81,26.64,34.92,26.16,98.81,1
2026-03-04 18:11:45+00:00,20.863607,115.378938,10.86,140.81,26.64,34.86,26.22,99.04,1
2026-03-04 18:12:45+00:00,20.861271,115.380976,10.86,140.81,26.64,34.8,26.63,97.82,1
2026-03-04 18:13:45+00:00,20.858935,115.383015,10.86,140.81,26.65,34.74,26.02,98.84,1
2026-03-04 18:15:35+00:00,20.856599,115.385053,5.92,140.81,26.65,34.63,25.73,85.03,1
2026-03-04 18:15:40+00:00,20.856361,115.385199,11.85,150.09,26.65,34.62,24.12,94.05,1
2026-03-04 18:15:53+00:00,20.855952,115.385631,9.54,135.41,26.65,34.61,26.46,101.85,1
2026-03-04 18:16:53+00:00,20.853681,115.38744,10.2,143.34,26.65,34.55,25.38,90.98,1
2026-03-04 18:17:53+00:00,20.851409,115.389249,10.2,143.34,26.65,34.49,25.18,91.46,1
2026-03-04 18:18:53+00:00,20.849137,115.391058,10.2,143.34,26.65,34.43,25.31,91.45,1
2026-03-04 18:19:53+00:00,20.846866,115.392868,10.2,143.34,26.66,34.37,25.65,94.84,1
2026-03-04 18:20:53+00:00,20.844594,115.394677,10.2,143.34,26.66,34.31,24.94,90.86,1
2026-03-04 18:21:53+00:00,20.842322,115.396486,10.2,143.34,26.66,34.24,25.58,92.7,1
2026-03-04 18:22:53+00:00,20.840051,115.398295,10.2,143.34,26.66,34.18,25.62,94.21,1
2026-03-04 18:23:53+00:00,20.837779,115.400105,10.2,143.34,26.66,34.12,25.18,93.11,1
2026-03-04 18:25:31+00:00,20.835507,115.401914,6.25,143.34,26.66,34.01,24.65,84.66,1
2026-03-04 18:25:33+00:00,20.835483,115.402081,17.1,98.91,26.66,34.0,37.1,137.51,1
2026-03-04 18:25:52+00:00,20.834748,115.402728,10.82,140.56,26.66,33.98,26.15,98.35,1
2026-03-04 18:26:52+00:00,20.832456,115.404354,9.91,146.45,26.66,33.92,24.62,88.06,1
2026-03-04 18:27:52+00:00,20.830163,115.405981,9.91,146.45,26.67,33.85,24.32,88.57,1
2026-03-04 18:28:52+00:00,20.827871,115.407608,9.91,146.45,26.67,33.79,24.46,89.63,1
2026-03-04 18:29:52+00:00,20.825578,115.409235,9.91,146.45,26.67,33.72,24.85,89.29,1
2026-03-04 18:30:52+00:00,20.823286,115.410862,9.91,146.45,26.67,33.65,24.75,89.06,1
2026-03-04 18:31:52+00:00,20.820993,115.412488,9.91,146.44,26.67,33.58,24.51,87.45,1
2026-03-04 18:32:52+00:00,20.818701,115.414115,9.91,146.44,26.67,33.51,24.46,88.28,1
2026-03-04 18:33:52+00:00,20.816408,115.415742,9.91,146.44,26.67,33.44,24.44,88.81,1
2026-03-04 18:35:28+00:00,20.814116,115.417369,6.19,146.44,26.67,33.33,24.62,77.36,1
2026-03-04 18:35:34+00:00,20.81387,115.417441,9.17,164.64,26.67,33.32,22.22,66.22,1
2026-03-04 18:35:37+00:00,20.81375,115.41757,12.29,135.03,26.67,33.32,26.91,105.53,1
2026-03-04 18:35:52+00:00,20.81313,115.417719,9.15,167.33,26.68,33.3,21.72,61.36,1
2026-03-04 18:36:52+00:00,20.810813,115.419104,9.56,150.79,26.68,33.23,24.27,85.61,1
2026-03-04 18:37:52+00:00,20.808497,115.42049,9.56,150.79,26.68,33.16,24.1,85.76,1
2026-03-04 18:38:52+00:00,20.80618,115.421875,9.56,150.79,26.68,33.09,23.66,80.65,1
2026-03-04 18:39:52+00:00,20.803863,115.423261,9.56,150.79,26.68,33.02,25.57,85.78,1
2026-03-04 18:40:52+00:00,20.801546,115.424647,9.56,150.79,26.68,32.95,23.76,82.7,1
2026-03-04 18:41:52+00:00,20.799229,115.426032,9.56,150.79,26.68,32.87,23.48,83.75,1
2026-03-04 18:42:52+00:00,20.796912,115.427418,9.56,150.79,26.68,32.8,23.84,81.84,1
2026-03-04 18:43:52+00:00,20.794596,115.428803,9.56,150.79,26.68,32.72,23.38,84.6,1
2026-03-04 18:45:29+00:00,20.792279,115.430189,5.91,150.79,26.68,32.6,24.81,74.93,1
2026-03-04 18:45:39+00:00,20.79202,115.430654,10.94,120.78,26.68,32.59,29.02,112.2,1
2026-03-04 18:45:52+00:00,20.791542,115.431116,10.71,137.84,26.68,32.57,26.07,95.82,1
2026-03-04 18:46:52+00:00,20.789397,115.432882,9.75,142.42,26.68,32.5,25.18,88.58,1
2026-03-04 18:47:52+00:00,20.787253,115.434648,9.75,142.42,26.69,32.42,25.01,91.8,1
2026-03-04 18:48:52+00:00,20.785108,115.436414,9.75,142.42,26.69,32.34,25.25,92.5,1
2026-03-04 18:49:52+00:00,20.782963,115.438179,9.75,142.41,26.69,32.26,30.67,92.58,1
2026-03-04 18:50:52+00:00,20.780818,115.439945,9.75,142.41,26.69,32.19,25.31,90.96,1
2026-03-04 18:51:52+00:00,20.778673,115.441711,9.75,142.41,26.69,32.11,24.63,88.8,1
2026-03-04 18:52:52+00:00,20.776528,115.443477,9.75,142.41,26.69,32.03,25.06,89.67,1
2026-03-04 18:53:52+00:00,20.774383,115.445243,9.75,142.41,26.69,31.95,25.59,93.26,1
2026-03-04 18:55:32+00:00,20.772238,115.447008,5.85,142.41,26.69,31.81,24.93,80.97,1
2026-03-04 18:55:53+00:00,20.771688,115.447774,9.29,127.58,26.69,31.78,27.16,104.24,1
2026-03-04 18:56:53+00:00,20.769389,115.449242,9.65,149.15,26.69,31.7,23.99,81.46,1
2026-03-04 18:57:53+00:00,20.767089,115.450711,9.65,149.15,26.69,31.62,23.88,84.2,1
2026-03-04 18:58:53+00:00,20.76479,115.45218,9.65,149.15,26.69,31.54,23.92,82.52,1
2026-03-04 18:59:53+00:00,20.762491,115.453649,9.65,149.15,26.7,31.46,23.94,85.44,1
2026-03-04 19:00:53+00:00,20.760192,115.455118,9.65,149.15,26.7,31.42,23.98,84.86,1
2026-03-04 19:01:53+00:00,20.757892,115.456587,9.65,149.15,26.7,31.4,24.12,82.29,1
2026-03-04 19:02:53+00:00,20.755593,115.458056,9.65,149.15,26.7,31.37,23.91,83.0,1
2026-03-04 19:03:53+00:00,20.753294,115.459525,9.65,149.15,26.7,31.34,23.71,82.12,1
2026-03-04 19:05:31+00:00,20.750994,115.460994,5.91,149.15,26.7,31.3,,,0
2026-03-04 19:05:38+00:00,20.750856,115.461226,7.94,122.53,26.7,31.3,,,0
2026-03-04 19:05:48+00:00,20.750533,115.461484,8.72,143.18,26.7,31.29,,,0
2026-03-04 19:06:48+00:00,20.748281,115.463024,9.63,147.41,26.7,31.26,,,0
2026-03-04 19:07:48+00:00,20.746029,115.464563,9.63,147.41,26.71,31.23,24.39,85.16,1
2026-03-04 19:08:48+00:00,20.743776,115.466103,9.63,147.41,26.71,31.19,24.02,84.23,1
2026-03-04 19:09:48+00:00,20.741524,115.467642,9.63,147.41,26.71,31.16,23.4,86.66,1
2026-03-04 19:10:48+00:00,20.739272,115.469182,9.63,147.41,26.71,31.13,24.3,84.89,1
2026-03-04 19:11:48+00:00,20.737019,115.470722,9.63,147.41,26.71,31.1,23.88,86.13,1
2026-03-04 19:12:48+00:00,20.734767,115.472261,9.63,147.41,26.71,31.06,24.01,81.14,1
2026-03-04 19:13:48+00:00,20.732514,115.473801,9.63,147.41,26.72,31.03,24.14,76.81,1
2026-03-04 19:15:30+00:00,20.730262,115.47534,5.66,147.41,26.72,30.98,24.78,75.98,1
2026-03-04 19:15:44+00:00,20.729973,115.475823,8.27,122.67,26.72,30.97,27.95,102.8,1
2026-03-04 19:15:52+00:00,20.72973,115.476076,9.17,135.8,26.72,30.97,25.81,94.74,1
2026-03-04 19:16:52+00:00,20.727597,115.47779,9.61,143.06,26.72,30.93,24.91,88.34,1
2026-03-04 19:17:52+00:00,20.725465,115.479504,9.61,143.06,26.72,30.9,24.68,92.08,1
2026-03-04 19:18:52+00:00,20.723333,115.481218,9.61,143.06,26.73,30.86,24.97,89.67,1
2026-03-04 19:19:52+00:00,20.721201,115.482932,9.61,143.06,26.73,30.83,24.93,89.17,1
2026-03-04 19:20:52+00:00,20.719068,115.484646,9.61,143.06,26.73,30.79,24.46,90.48,1
2026-03-04 19:21:52+00:00,20.716936,115.486361,9.61,143.06,26.73,30.76,25.07,89.5,1
2026-03-04 19:22:52+00:00,20.714804,115.488075,9.61,143.06,26.74,30.72,24.57,87.81,1
2026-03-04 19:23:52+00:00,20.712672,115.489789,9.61,143.06,26.74,30.69,24.97,90.83,1
2026-03-04 19:25:29+00:00,20.710539,115.491503,5.94,143.06,26.74,30.64,25.32,78.02,1
2026-03-04 19:25:33+00:00,20.710433,115.491628,8.53,132.24,26.74,30.64,26.93,97.5,1
2026-03-04 19:25:35+00:00,20.710466,115.491722,10.08,69.73,26.74,30.64,35.08,148.23,1
2026-03-04 19:25:39+00:00,20.710299,115.491762,9.22,167.11,26.75,30.63,20.93,61.5,1
2026-03-04 19:25:54+00:00,20.70972,115.492158,9.9,147.42,26.75,30.62,23.97,85.21,1
2026-03-04 19:26:54+00:00,20.70731,115.493518,9.82,152.17,26.75,30.59,23.08,82.93,1
2026-03-04 19:27:54+00:00,20.7049,115.494878,9.82,152.17,26.75,30.55,23.41,76.41,1
2026-03-04 19:28:54+00:00,20.702489,115.496238,9.82,152.17,26.75,30.52,,,0
2026-03-04 19:29:54+00:00,20.700079,115.497599,9.82,152.17,26.76,30.48,,,0
2026-03-04 19:30:54+00:00,20.697669,115.498959,9.82,152.17,26.76,30.45,,,0
2026-03-04 19:31:54+00:00,20.695259,115.500319,9.82,152.17,26.76,30.41,,,0
2026-03-04 19:32:54+00:00,20.692848,115.501679,9.82,152.17,26.76,30.37,23.66,77.42,1
2026-03-04 19:33:54+00:00,20.690438,115.503039,9.82,152.17,26.77,30.32,23.11,78.1,1
2026-03-04 19:35:30+00:00,20.688028,115.5044,6.14,152.17,26.77,30.27,24.04,73.08,1
2026-03-04 19:35:35+00:00,20.687782,115.504484,11.14,162.08,26.77,30.26,21.07,71.32,1
2026-03-04 19:35:44+00:00,20.687445,115.504717,9.65,147.21,26.77,30.26,24.34,84.82,1
2026-03-04 19:35:52+00:00,20.687104,115.504826,9.6,163.39,26.77,30.25,21.11,65.75,1
2026-03-04 19:36:52+00:00,20.684849,115.50633,9.58,148.03,26.78,30.21,26.71,80.6,1
2026-03-04 19:37:52+00:00,20.682593,115.507835,9.58,148.03,26.78,30.16,24.29,84.79,1
2026-03-04 19:38:52+00:00,20.680338,115.50934,9.58,148.03,26.78,30.12,24.0,83.88,1
2026-03-04 19:39:52+00:00,20.678082,115.510844,9.58,148.03,26.78,30.08,23.9,87.44,1
2026-03-04 19:40:52+00:00,20.675827,115.512349,9.58,148.03,26.79,30.03,24.14,80.75,1
2026-03-04 19:41:52+00:00,20.673572,115.513853,9.58,148.03,26.79,29.99,23.02,84.37,1
2026-03-04 19:42:52+00:00,20.671316,115.515358,9.58,148.03,26.79,29.94,24.03,80.06,1
2026-03-04 19:43:52+00:00,20.669061,115.516862,9.58,148.03,26.79,29.9,23.63,82.95,1
2026-03-04 19:45:27+00:00,20.666805,115.518367,6.05,148.03,26.8,29.84,23.98,76.32,1
2026-03-04 19:45:34+00:00,20.666659,115.5186,8.1,123.81,26.8,29.84,27.61,99.0,1
2026-03-04 19:46:34+00:00,20.664392,115.520115,9.63,147.99,26.8,29.79,24.23,82.28,1
2026-03-04 19:47:34+00:00,20.662124,115.52163,9.63,147.99,26.8,29.75,23.77,81.51,1
2026-03-04 19:48:34+00:00,20.659856,115.523145,9.63,147.99,26.81,29.7,24.09,81.19,1
2026-03-04 19:49:34+00:00,20.657588,115.52466,9.63,147.99,26.81,29.66,24.28,83.31,1
2026-03-04 19:50:34+00:00,20.655321,115.526176,9.63,147.99,26.81,29.61,24.19,84.73,1
2026-03-04 19:51:34+00:00,20.653053,115.527691,9.63,147.99,26.82,29.56,24.28,82.17,1
2026-03-04 19:52:34+00:00,20.650785,115.529206,9.63,147.99,26.82,29.52,24.01,82.8,1
2026-03-04 19:53:34+00:00,20.648517,115.530721,9.63,147.99,26.82,29.47,23.8,82.57,1
2026-03-04 19:55:33+00:00,20.64625,115.532236,4.86,147.99,26.83,29.4,24.39,71.3,1
2026-03-04 19:56:33+00:00,20.644254,115.534052,9.44,139.57,26.83,29.35,,,0
2026-03-04 19:57:33+00:00,20.642259,115.535869,9.44,139.57,26.83,29.3,24.92,92.55,1
2026-03-04 19:58:33+00:00,20.640264,115.537685,9.44,139.57,26.84,29.26,25.82,90.88,1
2026-03-04 19:59:33+00:00,20.638268,115.539501,9.44,139.57,26.84,29.21,25.11,91.02,1
2026-03-04 20:00:33+00:00,20.636273,115.541318,9.44,139.57,26.84,29.18,25.2,88.59,1
2026-03-04 20:01:33+00:00,20.634277,115.543134,9.44,139.57,26.85,29.17,25.33,89.27,1
2026-03-04 20:02:33+00:00,20.632282,115.544951,9.44,139.57,26.85,29.16,25.18,89.83,1
2026-03-04 20:03:33+00:00,20.630287,115.546767,9.44,139.57,26.85,29.15,26.39,87.1,1
2026-03-04 20:05:28+00:00,20.628291,115.548583,4.93,139.57,26.85,29.15,25.37,76.61,1
2026-03-04 20:05:39+00:00,20.628049,115.548973,8.6,123.62,26.86,29.15,27.61,102.46,1
2026-03-04 20:05:52+00:00,20.627658,115.549284,8.1,143.39,26.86,29.15,24.44,84.24,1
2026-03-04 20:06:52+00:00,20.62596,115.551155,8.79,134.11,26.86,29.13,25.62,92.76,1
2026-03-04 20:07:52+00:00,20.624262,115.553026,8.79,134.11,26.87,29.12,25.83,92.02,1
2026-03-04 20:08:52+00:00,20.622564,115.554898,8.79,134.11,26.87,29.11,26.01,92.41,1
2026-03-04 20:09:52+00:00,20.620866,115.556769,8.79,134.11,26.87,29.1,25.89,93.12,1
2026-03-04 20:10:52+00:00,20.619168,115.55864,8.79,134.11,26.87,29.09,25.81,93.31,1
2026-03-04 20:11:52+00:00,20.617471,115.560512,8.79,134.11,26.88,29.08,25.6,98.34,1
2026-03-04 20:12:52+00:00,20.615773,115.562383,8.79,134.11,26.88,29.07,26.0,96.1,1
2026-03-04 20:13:52+00:00,20.614075,115.564254,8.79,134.11,26.88,29.06,25.57,96.03,1
2026-03-04 20:15:28+00:00,20.612377,115.566126,5.49,134.11,26.88,29.05,26.23,89.05,1
2026-03-04 20:15:32+00:00,20.612411,115.565976,7.81,283.6,26.89,29.06,25.95,-93.43,1
2026-03-04 20:15:52+00:00,20.611878,115.566731,9.57,126.99,26.89,29.05,26.83,99.96,1
2026-03-04 20:16:52+00:00,20.610169,115.56873,9.13,132.43,26.89,29.04,26.23,94.11,1
2026-03-04 20:17:52+00:00,20.608459,115.570728,9.13,132.43,26.89,29.03,26.1,98.98,1
2026-03-04 20:18:52+00:00,20.606749,115.572726,9.13,132.43,26.9,29.01,26.42,95.21,1
2026-03-04 20:19:52+00:00,20.60504,115.574724,9.13,132.43,26.9,29.0,26.72,93.78,1
2026-03-04 20:20:52+00:00,20.60333,115.576722,9.13,132.43,26.9,28.99,25.76,95.41,1
2026-03-04 20:21:52+00:00,20.601621,115.578721,9.13,132.43,26.9,28.97,26.36,95.78,1
2026-03-04 20:22:52+00:00,20.599911,115.580719,9.13,132.43,26.91,28.96,26.27,96.78,1
2026-03-04 20:23:52+00:00,20.598201,115.582717,9.13,132.43,26.91,28.95,26.52,96.73,1
2026-03-04 20:25:35+00:00,20.596492,115.584715,5.32,132.43,26.91,28.94,26.25,86.25,1
2026-03-04 20:25:52+00:00,20.596116,115.585363,9.07,121.79,26.91,28.94,27.74,107.42,1
2026-03-04 20:26:52+00:00,20.594362,115.587374,9.27,132.97,26.92,28.93,26.16,94.71,1
2026-03-04 20:27:52+00:00,20.592608,115.589386,9.27,132.97,26.92,28.91,26.02,95.66,1
2026-03-04 20:28:52+00:00,20.590854,115.591398,9.27,132.97,26.92,28.9,,,0
2026-03-04 20:29:52+00:00,20.5891,115.593409,9.27,132.97,26.92,28.88,26.26,94.66,1
2026-03-04 20:30:52+00:00,20.587346,115.595421,9.27,132.97,26.92,28.87,26.82,94.79,1
2026-03-04 20:31:52+00:00,20.585592,115.597432,9.27,132.97,26.93,28.85,26.24,97.1,1
2026-03-04 20:32:52+00:00,20.583838,115.599444,9.27,132.97,26.93,28.84,26.04,94.18,1
2026-03-04 20:33:52+00:00,20.582084,115.601455,9.27,132.97,26.93,28.82,25.8,95.11,1
2026-03-04 20:35:34+00:00,20.58033,115.603467,5.45,132.97,26.93,28.82,25.6,88.64,1
2026-03-04 20:35:52+00:00,20.579905,115.604061,8.4,127.42,26.94,28.82,26.51,103.44,1
2026-03-04 20:36:52+00:00,20.578101,115.605875,8.93,136.72,26.94,28.8,25.72,92.64,1
2026-03-04 20:37:52+00:00,20.576297,115.60769,8.93,136.72,26.94,28.79,25.79,92.36,1
2026-03-04 20:38:52+00:00,20.574493,115.609504,8.93,136.72,26.94,28.78,25.16,92.46,1
2026-03-04 20:39:52+00:00,20.572689,115.611319,8.93,136.72,26.94,28.76,25.91,89.24,1
2026-03-04 20:40:52+00:00,20.570885,115.613133,8.93,136.72,26.95,28.75,25.49,91.6,1
2026-03-04 20:41:52+00:00,20.569081,115.614948,8.93,136.72,26.95,28.74,25.68,91.3,1
2026-03-04 20:42:52+00:00,20.567277,115.616762,8.93,136.72,26.95,28.72,26.12,91.98,1
2026-03-04 20:43:52+00:00,20.565473,115.618577,8.93,136.72,26.95,28.71,25.91,91.56,1
2026-03-04 20:45:27+00:00,20.563669,115.620391,5.64,136.72,26.95,28.7,,,0
2026-03-04 20:45:33+00:00,20.563874,115.620256,8.68,328.19,26.96,28.71,,,0
2026-03-04 20:45:37+00:00,20.563754,115.620389,9.37,133.88,26.96,28.71,25.48,95.2,1
2026-03-04 20:45:52+00:00,20.563274,115.620744,8.41,145.31,26.36,28.7,23.59,79.35,1
2026-03-04 20:46:52+00:00,20.561569,115.62231,8.1,139.32,25.76,28.69,24.06,87.05,1
2026-03-04 20:47:52+00:00,20.559863,115.623875,8.1,139.32,25.18,28.68,23.28,90.9,1
2026-03-04 20:48:52+00:00,20.558158,115.625441,8.1,139.32,24.62,28.67,23.01,89.19,1
2026-03-04 20:49:52+00:00,20.556453,115.627006,8.1,139.32,24.08,28.66,22.56,88.95,1
2026-03-04 20:50:52+00:00,20.554748,115.628572,8.1,139.32,23.57,28.65,21.98,93.23,1
2026-03-04 20:51:52+00:00,20.553042,115.630137,8.1,139.32,23.08,28.64,21.4,87.15,1
2026-03-04 20:52:52+00:00,20.551337,115.631703,8.1,139.32,22.62,28.63,21.21,88.08,1
2026-03-04 20:53:52+00:00,20.549632,115.633268,8.1,139.32,22.18,28.62,20.89,94.14,1
2026-03-04 20:55:29+00:00,20.547927,115.634834,5.01,139.32,21.77,28.61,20.22,82.58,1
2026-03-04 20:55:54+00:00,20.547072,115.635448,8.91,146.03,21.39,28.61,19.43,86.68,1
2026-03-04 20:56:54+00:00,20.545431,115.637034,7.97,137.88,21.02,28.6,19.84,90.58,1
2026-03-04 20:57:54+00:00,20.543789,115.638619,7.97,137.88,20.68,28.59,19.56,94.24,1
2026-03-04 20:58:54+00:00,20.542147,115.640204,7.97,137.88,20.35,28.57,19.46,94.8,1
2026-03-04 20:59:54+00:00,20.540506,115.64179,7.97,137.88,20.05,28.56,19.04,91.87,1
2026-03-04 21:00:54+00:00,20.538864,115.643375,7.97,137.88,19.76,28.63,19.0,94.19,1
2026-03-04 21:01:54+00:00,20.537223,115.64496,7.97,137.87,19.49,28.7,18.56,94.21,1
2026-03-04 21:02:54+00:00,20.535581,115.646546,7.97,137.87,19.24,28.77,18.07,95.78,1
2026-03-04 21:03:54+00:00,20.53394,115.648131,7.97,137.87,19.01,28.85,18.17,93.41,1
2026-03-04 21:05:31+00:00,20.532298,115.649716,4.93,137.87,18.79,28.98,17.48,88.79,1
2026-03-04 21:05:46+00:00,20.531902,115.650194,8.61,131.51,18.6,29.0,18.75,105.98,1
2026-03-04 21:06:46+00:00,20.530107,115.651703,8.23,141.78,18.41,29.07,17.01,93.05,1
2026-03-04 21:07:46+00:00,20.528312,115.653213,8.23,141.78,18.25,29.14,16.82,93.66,1
2026-03-04 21:08:46+00:00,20.526517,115.654722,8.23,141.78,18.1,29.22,16.72,94.13,1
2026-03-04 21:09:46+00:00,20.524722,115.656232,8.23,141.78,17.97,29.29,16.09,93.12,1
2026-03-04 21:10:46+00:00,20.522927,115.657741,8.23,141.78,17.85,29.36,16.4,94.05,1
2026-03-04 21:11:46+00:00,20.521132,115.659251,8.23,141.78,17.73,29.43,16.5,94.65,1
2026-03-04 21:12:46+00:00,20.519337,115.66076,8.23,141.78,17.63,29.51,16.44,98.65,1
2026-03-04 21:13:46+00:00,20.517542,115.662269,8.23,141.78,17.54,29.58,16.01,97.54,1
2026-03-04 21:15:28+00:00,20.515747,115.663779,4.84,141.78,17.45,29.72,16.64,85.83,1
2026-03-04 21:15:42+00:00,20.515367,115.664212,8.58,133.07,17.37,29.74,17.25,105.9,1
2026-03-04 21:15:53+00:00,20.515238,115.664628,8.07,108.33,17.3,29.75,20.78,121.89,1
2026-03-04 21:16:53+00:00,20.513388,115.666139,8.39,142.61,17.24,29.83,,,0
2026-03-04 21:17:53+00:00,20.511538,115.667649,8.39,142.61,17.18,29.9,15.75,98.26,1
2026-03-04 21:18:53+00:00,20.509688,115.669159,8.39,142.61,17.14,29.97,16.45,93.96,1
2026-03-04 21:19:53+00:00,20.507837,115.670669,8.39,142.61,17.1,30.05,15.54,97.88,1
2026-03-04 21:20:53+00:00,20.505987,115.672179,8.39,142.6,17.07,30.12,53.03,115.62,3
2026-03-04 21:21:53+00:00,20.504137,115.673689,8.39,142.6,17.03,30.19,16.16,98.99,1
2026-03-04 21:22:53+00:00,20.502287,115.675199,8.39,142.6,17.0,30.27,15.64,99.83,1
2026-03-04 21:23:53+00:00,20.500437,115.676709,8.39,142.6,16.95,30.34,16.23,97.58,1
2026-03-04 21:25:31+00:00,20.498586,115.678219,5.14,142.6,16.91,30.48,15.64,87.44,1
2026-03-04 21:25:37+00:00,20.498389,115.678477,11.23,129.17,16.86,30.48,130.32,-134.63,3
2026-03-04 21:25:52+00:00,20.497963,115.678902,8.4,136.96,16.81,30.5,16.61,104.32,1
2026-03-04 21:30:00+00:00,20.4907,115.6848,7.95,142.74,16.76,30.83,15.6,97.55,1
2026-03-04 21:31:00+00:00,20.48885,115.68618,8.13,145.06,16.71,30.91,15.54,95.44,1
2026-03-04 21:32:00+00:00,20.487,115.68756,8.13,145.06,16.65,30.98,15.5,97.67,1
2026-03-04 21:33:00+00:00,20.48515,115.68894,8.13,145.06,16.59,31.06,89.55,125.96,3
2026-03-04 21:34:00+00:00,20.4833,115.69032,8.13,145.05,16.53,31.14,15.57,95.03,1
2026-03-04 21:35:00+00:00,20.48145,115.6917,8.13,145.05,16.47,31.22,14.64,95.77,1
2026-03-04 21:36:00+00:00,20.4796,115.69308,8.13,145.05,16.42,31.29,15.42,93.69,1
2026-03-04 21:37:00+00:00,20.47775,115.69446,8.13,145.05,16.37,31.37,15.41,96.37,1
2026-03-04 21:38:00+00:00,20.4759,115.69584,8.13,145.05,16.33,31.45,16.21,92.64,1
2026-03-04 21:39:00+00:00,20.47405,115.69722,8.13,145.05,16.29,31.53,16.17,98.32,1
2026-03-04 21:40:00+00:00,20.4722,115.6986,8.13,145.05,16.24,31.6,14.66,96.47,1
2026-03-04 21:41:00+00:00,20.470425,115.70009,8.13,141.82,16.21,31.68,15.36,98.49,1
2026-03-04 21:42:00+00:00,20.46865,115.70158,8.13,141.82,16.17,31.75,15.31,98.0,1
2026-03-04 21:43:00+00:00,20.466875,115.70307,8.13,141.82,16.13,31.83,15.62,99.34,1
2026-03-04 21:44:00+00:00,20.4651,115.70456,8.13,141.82,16.1,31.91,15.76,101.31,1
2026-03-04 21:45:00+00:00,20.463325,115.70605,8.13,141.82,16.07,31.98,15.77,101.16,1
2026-03-04 21:46:00+00:00,20.46155,115.70754,8.13,141.82,16.04,32.06,15.17,98.78,1
2026-03-04 21:47:00+00:00,20.459775,115.70903,8.13,141.82,16.01,32.13,15.26,98.62,1
2026-03-04 21:48:00+00:00,20.458,115.71052,8.14,141.82,15.98,32.21,14.8,101.74,1
2026-03-04 21:49:00+00:00,20.456225,115.71201,8.14,141.81,15.96,32.28,15.05,99.1,1
2026-03-04 21:50:00+00:00,20.45445,115.7135,8.14,141.81,15.93,32.35,15.58,100.78,1
2026-03-04 21:51:00+00:00,20.452675,115.71499,8.14,141.81,15.91,32.43,15.76,101.01,1
2026-03-04 21:52:00+00:00,20.4509,115.71648,8.14,141.81,15.89,32.5,14.9,101.49,1
2026-03-04 21:53:00+00:00,20.449125,115.71797,8.14,141.81,15.87,32.58,15.09,102.69,1
2026-03-04 21:54:00+00:00,20.44735,115.71946,8.14,141.81,15.86,32.65,15.25,98.55,1
2026-03-04 21:55:00+00:00,20.445575,115.72095,8.14,141.81,15.84,32.72,15.34,97.35,1
2026-03-04 21:56:00+00:00,20.4438,115.72244,8.14,141.81,15.82,32.8,15.01,100.13,1
2026-03-04 21:57:00+00:00,20.442025,115.72393,8.14,141.81,15.81,32.87,15.38,104.96,1
2026-03-04 21:58:00+00:00,20.44025,115.72542,8.14,141.81,15.8,32.94,15.11,105.49,1
2026-03-04 21:59:00+00:00,20.438475,115.72691,8.14,141.81,15.78,33.02,15.24,105.2,1
2026-03-04 22:00:00+00:00,20.4367,115.7284,8.14,141.81,15.77,33.09,18.84,101.24,1
2026-03-04 22:01:00+00:00,20.43494,115.7299,8.11,141.39,15.76,33.05,15.29,98.35,1
2026-03-04 22:02:00+00:00,20.43318,115.7314,8.11,141.39,15.75,33.01,15.14,97.22,1
2026-03-04 22:03:00+00:00,20.43142,115.7329,8.11,141.39,15.73,32.97,15.22,100.66,1
2026-03-04 22:04:00+00:00,20.42966,115.7344,8.11,141.39,15.72,32.93,15.21,101.48,1
2026-03-04 22:05:00+00:00,20.4279,115.7359,8.11,141.39,15.71,32.89,15.11,104.46,1
2026-03-04 22:06:00+00:00,20.42614,115.7374,8.11,141.39,15.7,32.84,15.13,103.58,1
2026-03-04 22:07:00+00:00,20.42438,115.7389,8.11,141.39,15.69,32.8,15.67,102.29,1
2026-03-04 22:08:00+00:00,20.42262,115.7404,8.11,141.39,15.67,32.76,15.34,100.05,1
2026-03-04 22:09:00+00:00,20.42086,115.7419,8.11,141.39,15.65,32.72,15.06,99.9,1
2026-03-04 22:10:00+00:00,20.4191,115.7434,8.11,141.38,15.64,32.68,15.34,102.33,1
2026-03-04 22:11:00+00:00,20.41726,115.74467,7.89,147.1,15.62,32.64,14.19,97.13,1
2026-03-04 22:12:00+00:00,20.41542,115.74594,7.89,147.1,15.6,32.6,14.62,96.52,1
2026-03-04 22:13:00+00:00,20.41358,115.74721,7.89,147.1,15.58,32.56,14.35,93.67,1
2026-03-04 22:14:00+00:00,20.41174,115.74848,7.89,147.1,15.56,32.53,14.19,97.05,1
2026-03-04 22:15:00+00:00,20.4099,115.74975,7.89,147.1,15.54,32.49,14.33,96.61,1
2026-03-04 22:16:00+00:00,20.40806,115.75102,7.89,147.1,15.51,32.45,13.7,93.63,1
2026-03-04 22:17:00+00:00,20.40622,115.75229,7.89,147.1,15.49,32.42,13.81,94.21,1
2026-03-04 22:18:00+00:00,20.40438,115.75356,7.89,147.1,15.47,32.39,13.77,97.17,1
2026-03-04 22:19:00+00:00,20.40254,115.75483,7.89,147.1,15.45,32.36,14.15,95.33,1
2026-03-04 22:20:00+00:00,20.4007,115.7561,7.89,147.1,15.44,32.32,14.61,98.98,1
2026-03-04 22:21:00+00:00,20.39922,115.75783,7.91,132.39,15.42,32.29,16.72,109.92,1
2026-03-04 22:22:00+00:00,20.39774,115.75956,7.91,132.39,15.41,32.26,16.23,107.94,1
2026-03-04 22:23:00+00:00,20.39626,115.76129,7.91,132.39,15.4,32.22,16.17,108.88,1
2026-03-04 22:24:00+00:00,20.39478,115.76302,7.91,132.39,15.39,32.19,15.47,109.01,1
2026-03-04 22:25:00+00:00,20.3933,115.76475,7.91,132.39,15.39,32.16,15.84,107.41,1
2026-03-04 22:26:00+00:00,20.39182,115.76648,7.91,132.39,15.39,32.13,15.76,107.02,1
2026-03-04 22:27:00+00:00,20.39034,115.76821,7.91,132.39,15.39,32.09,15.81,110.23,1
2026-03-04 22:28:00+00:00,20.38886,115.76994,7.91,132.39,15.39,32.06,15.94,110.48,1
2026-03-04 22:29:00+00:00,20.38738,115.77167,7.91,132.39,15.6,32.03,16.03,109.61,1
2026-03-04 22:30:00+00:00,20.3859,115.7734,7.91,132.39,16.29,32.0,16.19,110.27,1
2026-03-04 22:31:00+00:00,20.38459,115.77534,8.07,125.77,16.95,31.97,18.51,111.27,1
2026-03-04 22:32:00+00:00,20.38328,115.77728,8.07,125.77,17.56,31.94,18.51,114.85,1
2026-03-04 22:33:00+00:00,20.38197,115.77922,8.07,125.77,18.14,31.91,19.42,108.94,1
2026-03-04 22:34:00+00:00,20.38066,115.78116,8.07,125.77,18.68,31.88,20.46,108.04,1
2026-03-04 22:35:00+00:00,20.37935,115.7831,8.07,125.77,19.19,31.85,20.03,105.94,1
2026-03-04 22:36:00+00:00,20.37804,115.78504,8.07,125.77,19.67,31.82,19.98,108.02,1
2026-03-04 22:37:00+00:00,20.37673,115.78698,8.07,125.77,20.12,31.79,21.06,107.41,1
2026-03-04 22:38:00+00:00,20.37542,115.78892,8.07,125.77,20.54,31.76,21.87,109.01,1
2026-03-04 22:39:00+00:00,20.37411,115.79086,8.07,125.77,20.94,31.74,22.49,108.03,1
2026-03-04 22:40:00+00:00,20.3728,115.7928,8.07,125.77,21.31,31.71,21.88,104.78,1
2026-03-04 22:41:00+00:00,20.3713,115.79458,8.08,131.95,21.66,31.68,21.88,100.42,1
2026-03-04 22:42:00+00:00,20.3698,115.79636,8.08,131.95,21.99,31.66,21.89,100.12,1
2026-03-04 22:43:00+00:00,20.3683,115.79814,8.08,131.95,22.3,31.63,22.28,97.0,1
2026-03-04 22:44:00+00:00,20.3668,115.79992,8.08,131.95,22.59,31.61,23.38,98.31,1
2026-03-04 22:45:00+00:00,20.3653,115.8017,8.08,131.95,22.87,31.58,22.39,98.46,1
2026-03-04 22:46:00+00:00,20.3638,115.80348,8.08,131.95,23.12,31.56,23.15,102.63,1
2026-03-04 22:47:00+00:00,20.3623,115.80526,8.08,131.95,23.37,31.54,23.44,99.92,1
2026-03-04 22:48:00+00:00,20.3608,115.80704,8.08,131.95,23.59,31.51,23.84,100.65,1
2026-03-04 22:49:00+00:00,20.3593,115.80882,8.08,131.95,23.81,31.49,23.74,96.13,1
2026-03-04 22:50:00+00:00,20.3578,115.8106,8.08,131.95,24.01,31.47,23.99,101.33,1
2026-03-04 22:51:00+00:00,20.35653,115.81272,8.5,122.58,24.2,31.44,25.37,110.94,1
2026-03-04 22:52:00+00:00,20.35526,115.81484,8.5,122.58,24.38,31.42,25.73,104.19,1
2026-03-04 22:53:00+00:00,20.35399,115.81696,8.5,122.58,24.54,31.4,25.71,106.63,1
2026-03-04 22:54:00+00:00,20.35272,115.81908,8.5,122.58,24.7,31.38,26.14,108.9,1
2026-03-04 22:55:00+00:00,20.35145,115.8212,8.5,122.58,24.85,31.36,25.98,109.07,1
2026-03-04 22:56:00+00:00,20.35018,115.82332,8.5,122.58,24.99,31.34,26.33,106.31,1
2026-03-04 22:57:00+00:00,20.34891,115.82544,8.5,122.58,25.12,31.32,26.33,106.94,1
2026-03-04 22:58:00+00:00,20.34764,115.82756,8.5,122.58,25.24,31.3,26.79,106.26,1
2026-03-04 22:59:00+00:00,20.34637,115.82968,8.5,122.58,25.36,31.28,26.55,107.58,1
2026-03-04 23:00:00+00:00,20.3451,115.8318,8.5,122.57,25.47,31.26,26.13,109.66,1
2026-03-04 23:01:00+00:00,20.34341,115.83347,8.3,137.18,25.57,31.27,25.0,91.46,1
2026-03-04 23:02:00+00:00,20.34172,115.83514,8.3,137.18,25.67,31.28,24.45,94.94,1
2026-03-04 23:03:00+00:00,20.34003,115.83681,8.3,137.18,25.76,31.29,24.61,91.32,1
2026-03-04 23:04:00+00:00,20.33834,115.83848,8.3,137.18,25.84,31.3,24.71,91.14,1
2026-03-04 23:05:00+00:00,20.33665,115.84015,8.3,137.18,25.92,31.32,25.38,94.42,1
2026-03-04 23:06:00+00:00,20.33496,115.84182,8.3,137.18,26.0,31.33,24.4,94.59,1
2026-03-04 23:07:00+00:00,20.33327,115.84349,8.3,137.18,26.07,31.34,26.05,94.41,1
2026-03-04 23:08:00+00:00,20.33158,115.84516,8.3,137.18,25.48,31.35,24.87,90.52,1
2026-03-04 23:09:00+00:00,20.32989,115.84683,8.3,137.18,24.93,31.37,24.1,92.66,1
2026-03-04 23:10:00+00:00,20.3282,115.8485,8.3,137.18,24.4,31.38,23.52,95.68,1
2026-03-04 23:11:00+00:00,20.32665,115.85023,8.08,133.69,23.9,31.39,23.63,97.38,1
2026-03-04 23:12:00+00:00,20.3251,115.85196,8.08,133.69,23.43,31.41,23.26,95.55,1
2026-03-04 23:13:00+00:00,20.32355,115.85369,8.08,133.69,22.98,31.42,22.88,99.02,1
2026-03-04 23:14:00+00:00,20.322,115.85542,8.08,133.69,22.56,31.43,22.46,97.06,1
2026-03-04 23:15:00+00:00,20.32045,115.85715,8.08,133.69,22.16,31.45,21.94,102.47,1
2026-03-04 23:16:00+00:00,20.3189,115.85888,8.08,133.69,21.78,31.46,21.5,102.35,1
2026-03-04 23:17:00+00:00,20.31735,115.86061,8.08,133.69,21.42,31.48,21.19,100.83,1
2026-03-04 23:18:00+00:00,20.3158,115.86234,8.08,133.69,21.09,31.49,20.87,102.7,1
2026-03-04 23:19:00+00:00,20.31425,115.86407,8.08,133.69,21.45,31.51,21.61,99.75,1
2026-03-04 23:20:00+00:00,20.3127,115.8658,8.08,133.69,21.8,31.52,21.77,100.83,1
2026-03-04 23:21:00+00:00,20.31129,115.86769,8.16,128.5,22.12,31.54,21.75,106.96,1
2026-03-04 23:22:00+00:00,20.30988,115.86958,8.16,128.5,22.42,31.55,23.11,104.24,1
2026-03-04 23:23:00+00:00,20.30847,115.87147,8.16,128.5,22.71,31.57,23.24,103.01,1
2026-03-04 23:24:00+00:00,20.30706,115.87336,8.16,128.5,22.97,31.59,23.43,99.9,1
2026-03-04 23:25:00+00:00,20.30565,115.87525,8.16,128.5,23.22,31.6,23.55,102.95,1
2026-03-04 23:26:00+00:00,20.30424,115.87714,8.16,128.5,23.46,31.62,24.23,104.58,1
2026-03-04 23:27:00+00:00,20.30283,115.87903,8.16,128.5,23.68,31.63,24.39,104.66,1
2026-03-04 23:28:00+00:00,20.30142,115.88092,8.16,128.5,23.88,31.65,24.07,103.63,1
2026-03-04 23:29:00+00:00,20.30001,115.88281,8.16,128.5,24.08,31.67,24.61,101.41,1
2026-03-04 23:30:00+00:00,20.2986,115.8847,8.16,128.5,24.26,31.69,24.37,98.41,1
2026-03-04 23:31:00+00:00,20.29717,115.88656,8.13,129.34,24.43,31.7,24.29,100.4,1
2026-03-04 23:32:00+00:00,20.29574,115.88842,8.13,129.34,24.59,31.72,24.67,100.68,1
2026-03-04 23:33:00+00:00,20.29431,115.89028,8.13,129.34,24.74,31.74,25.26,100.57,1
2026-03-04 23:34:00+00:00,20.29288,115.89214,8.13,129.34,24.88,31.76,25.42,102.34,1
2026-03-04 23:35:00+00:00,20.29145,115.894,8.13,129.34,25.02,31.77,25.42,105.0,1
2026-03-04 23:36:00+00:00,20.29002,115.89586,8.13,129.34,25.14,31.79,27.06,101.2,1
2026-03-04 23:37:00+00:00,20.28859,115.89772,8.13,129.34,25.26,31.81,25.65,100.45,1
2026-03-04 23:38:00+00:00,20.28716,115.89958,8.13,129.34,25.37,31.83,25.41,100.31,1
2026-03-04 23:39:00+00:00,20.28573,115.90144,8.13,129.34,25.47,31.85,25.83,101.02,1
2026-03-04 23:40:01+00:00,20.2843,115.9033,7.99,129.34,25.57,31.87,26.01,98.78,1
2026-03-04 23:41:01+00:00,20.28288,115.90538,8.69,126.05,25.66,31.89,26.71,105.19,1
2026-03-04 23:42:01+00:00,20.28146,115.90746,8.69,126.05,25.74,31.91,26.92,105.81,1
2026-03-04 23:43:01+00:00,20.28004,115.90954,8.69,126.05,25.82,31.93,26.86,105.29,1
2026-03-04 23:44:01+00:00,20.27862,115.91162,8.69,126.05,25.89,31.94,26.82,105.75,1
2026-03-04 23:45:01+00:00,20.2772,115.9137,8.69,126.05,25.96,31.96,27.11,105.67,1
2026-03-04 23:46:01+00:00,20.27578,115.91578,8.69,126.05,26.03,31.98,26.84,101.24,1
2026-03-04 23:47:01+00:00,20.27436,115.91786,8.69,126.05,26.09,32.0,26.65,106.03,1
2026-03-04 23:48:01+00:00,20.27294,115.91994,8.69,126.05,26.15,32.03,26.92,103.39,1
2026-03-04 23:49:01+00:00,20.27152,115.92202,8.69,126.05,26.2,32.05,26.8,102.53,1
2026-03-04 23:50:01+00:00,20.2701,115.9241,8.69,126.05,26.25,32.07,26.87,102.5,1
2026-03-04 23:51:01+00:00,20.26841,115.92611,9.12,131.87,26.3,32.09,26.28,101.05,1
2026-03-04 23:52:01+00:00,20.26672,115.92812,9.12,131.87,26.34,32.11,26.13,99.73,1
2026-03-04 23:53:01+00:00,20.26503,115.93013,9.12,131.87,26.38,32.13,26.32,96.8,1
2026-03-04 23:54:01+00:00,20.26334,115.93214,9.12,131.87,26.42,32.16,25.89,101.11,1
2026-03-04 23:55:01+00:00,20.26165,115.93415,9.12,131.87,26.45,32.18,26.55,97.27,1
2026-03-04 23:56:01+00:00,20.25996,115.93616,9.12,131.87,26.49,32.2,26.53,100.43,1
2026-03-04 23:57:01+00:00,20.25827,115.93817,9.12,131.87,26.52,32.22,26.31,100.63,1
2026-03-04 23:58:01+00:00,20.25658,115.94018,9.12,131.87,26.55,32.25,26.79,101.92,1
2026-03-04 23:59:01+00:00,20.25489,115.94219,9.12,131.87,26.57,32.27,26.9,103.71,1
2026-03-05 00:00:01+00:00,20.2532,115.9442,9.12,131.87,26.6,32.29,26.16,97.43,1
2026-03-05 00:01:01+00:00,20.251633,115.9467,10.16,123.74,26.62,32.36,31.25,109.58,1
2026-03-05 00:02:01+00:00,20.250067,115.9492,10.16,123.74,26.64,32.44,28.07,109.18,1
2026-03-05 00:03:01+00:00,20.2485,115.9517,10.16,123.74,26.66,32.51,28.05,110.65,1
2026-03-05 00:04:01+00:00,20.246933,115.9542,10.16,123.74,26.68,32.58,28.61,110.27,1
2026-03-05 00:05:01+00:00,20.245367,115.9567,10.16,123.74,26.7,32.66,28.33,109.18,1
2026-03-05 00:06:01+00:00,20.2438,115.9592,10.16,123.74,26.71,32.73,28.33,109.06,1
2026-03-05 00:07:01+00:00,20.242233,115.9617,10.16,123.74,26.73,32.8,27.84,107.76,1
2026-03-05 00:08:01+00:00,20.240667,115.9642,10.16,123.74,26.74,32.87,28.65,112.03,1
2026-03-05 00:10:00+00:00,20.2391,115.9667,5.12,123.74,26.75,33.0,26.8,101.05,1
2026-03-05 00:11:00+00:00,20.23747,115.9686,8.7,132.44,26.76,33.07,26.78,101.18,1
2026-03-05 00:12:00+00:00,20.23584,115.9705,8.7,132.44,26.77,33.14,26.86,98.79,1
2026-03-05 00:13:00+00:00,20.23421,115.9724,8.7,132.44,26.78,33.21,27.21,98.16,1
2026-03-05 00:14:00+00:00,20.23258,115.9743,8.7,132.44,26.79,33.28,26.43,97.37,1
2026-03-05 00:15:00+00:00,20.23095,115.9762,8.7,132.44,26.8,33.35,25.93,100.31,1
2026-03-05 00:16:00+00:00,20.22932,115.9781,8.7,132.44,26.8,33.42,26.91,97.58,1
2026-03-05 00:17:00+00:00,20.22769,115.98,8.7,132.44,26.81,33.49,27.41,103.42,1
2026-03-05 00:18:00+00:00,20.22606,115.9819,8.7,132.44,26.81,33.56,35.02,97.16,1
2026-03-05 00:19:00+00:00,20.22443,115.9838,8.7,132.44,26.82,33.63,30.01,100.39,1
2026-03-05 00:20:00+00:00,20.2228,115.9857,8.7,132.44,26.82,33.7,26.76,103.04,1
2026-03-05 00:21:00+00:00,20.22121,115.98787,9.31,127.98,26.82,33.77,27.98,106.53,1
2026-03-05 00:22:00+00:00,20.21962,115.99004,9.31,127.98,26.83,33.84,27.46,105.75,1
2026-03-05 00:23:00+00:00,20.21803,115.99221,9.31,127.98,26.83,33.91,27.91,103.52,1
2026-03-05 00:24:00+00:00,20.21644,115.99438,9.31,127.98,26.83,33.98,27.93,102.75,1
2026-03-05 00:25:00+00:00,20.21485,115.99655,9.31,127.98,26.83,34.04,28.11,107.12,1
2026-03-05 00:26:00+00:00,20.21326,115.99872,9.31,127.98,26.83,34.11,28.63,108.65,1
2026-03-05 00:27:00+00:00,20.21167,116.00089,9.31,127.98,26.83,34.18,27.93,104.83,1
2026-03-05 00:28:00+00:00,20.21008,116.00306,9.31,127.98,26.83,34.25,27.67,103.49,1
2026-03-05 00:29:00+00:00,20.20849,116.00523,9.31,127.98,26.83,34.32,27.83,100.92,1
2026-03-05 00:30:00+00:00,20.2069,116.0074,9.31,127.98,26.83,34.39,27.31,103.93,1
2026-03-05 00:31:00+00:00,20.20516,116.00944,9.32,132.27,26.83,34.46,26.97,101.82,1
2026-03-05 00:32:00+00:00,20.20342,116.01148,9.32,132.27,26.83,34.53,27.07,105.32,1
2026-03-05 00:33:00+00:00,20.20168,116.01352,9.32,132.27,26.83,34.6,27.05,103.53,1
2026-03-05 00:34:00+00:00,20.19994,116.01556,9.32,132.27,26.83,34.67,27.26,102.86,1
2026-03-05 00:35:00+00:00,20.1982,116.0176,9.32,132.27,26.83,34.74,26.98,101.52,1
2026-03-05 00:36:00+00:00,20.19646,116.01964,9.32,132.27,26.83,34.81,27.57,101.22,1
2026-03-05 00:37:00+00:00,20.19472,116.02168,9.32,132.26,26.82,34.88,27.24,105.26,1
2026-03-05 00:38:00+00:00,20.19298,116.02372,9.32,132.26,26.82,34.95,27.25,102.92,1
2026-03-05 00:39:00+00:00,20.19124,116.02576,9.32,132.26,26.82,35.02,27.16,98.38,1
2026-03-05 00:40:00+00:00,20.1895,116.0278,9.32,132.26,26.82,35.09,27.31,101.3,1
2026-03-05 00:41:00+00:00,20.18786,116.03002,9.55,128.21,26.81,35.16,28.23,105.17,1
2026-03-05 00:42:00+00:00,20.18622,116.03224,9.55,128.21,26.81,35.23,27.73,105.86,1
2026-03-05 00:43:00+00:00,20.18458,116.03446,9.55,128.21,26.81,35.3,27.8,108.14,1
2026-03-05 00:44:00+00:00,20.18294,116.03668,9.55,128.2,26.8,35.36,27.91,106.86,1
2026-03-05 00:45:00+00:00,20.1813,116.0389,9.55,128.2,26.8,35.43,27.61,106.99,1
2026-03-05 00:46:00+00:00,20.17966,116.04112,9.55,128.2,26.8,35.5,27.77,109.83,1
2026-03-05 00:47:00+00:00,20.17802,116.04334,9.55,128.2,26.79,35.57,27.88,105.88,1
2026-03-05 00:48:00+00:00,20.17638,116.04556,9.55,128.2,26.79,35.64,28.3,111.06,1
2026-03-05 00:49:00+00:00,20.17474,116.04778,9.55,128.2,26.78,35.71,,,0
2026-03-05 00:50:00+00:00,20.1731,116.05,9.55,128.2,26.78,35.77,28.11,107.64,1
2026-03-05 00:51:00+00:00,20.17153,116.05232,9.67,125.79,26.78,35.84,28.73,109.34,1
2026-03-05 00:52:00+00:00,20.16996,116.05464,9.67,125.79,26.77,35.91,28.44,110.21,1
2026-03-05 00:53:00+00:00,20.16839,116.05696,9.67,125.79,26.77,35.97,,,0
2026-03-05 00:54:00+00:00,20.16682,116.05928,9.67,125.79,26.76,36.04,28.47,110.96,1
2026-03-05 00:55:00+00:00,20.16525,116.0616,9.67,125.79,26.76,36.11,,,0
2026-03-05 00:56:00+00:00,20.16368,116.06392,9.67,125.79,26.75,36.17,,,0
2026-03-05 00:57:00+00:00,20.16211,116.06624,9.67,125.79,26.75,36.24,,,0
2026-03-05 00:58:00+00:00,20.16054,116.06856,9.67,125.79,26.74,36.3,28.48,109.37,1
2026-03-05 00:59:00+00:00,20.15897,116.07088,9.67,125.79,26.74,36.37,28.95,111.8,1
2026-03-05 01:00:00+00:00,20.1574,116.0732,9.67,125.79,26.73,36.43,28.81,107.24,1
2026-03-05 01:01:00+00:00,20.155785,116.07536,9.34,128.54,26.73,36.48,132.27,34.51,3
2026-03-05 01:02:00+00:00,20.15417,116.07752,9.34,128.54,26.72,36.54,28.37,107.22,1
2026-03-05 01:03:00+00:00,20.152555,116.07968,9.34,128.54,26.72,36.59,28.03,108.47,1
2026-03-05 01:04:00+00:00,20.15094,116.08184,9.34,128.53,26.71,36.64,32.26,102.13,1
2026-03-05 01:05:00+00:00,20.149325,116.084,9.34,128.53,26.71,36.7,27.83,107.96,1
2026-03-05 01:06:00+00:00,20.14771,116.08616,9.34,128.53,26.7,36.75,27.92,105.38,1
2026-03-05 01:07:00+00:00,20.146095,116.08832,9.34,128.53,26.69,36.81,28.2,108.38,1
2026-03-05 01:08:00+00:00,20.14448,116.09048,9.34,128.53,26.69,36.86,28.38,105.72,1
2026-03-05 01:09:00+00:00,20.142865,116.09264,9.34,128.53,26.68,36.91,27.98,106.13,1
2026-03-05 01:10:00+00:00,20.14125,116.0948,9.34,128.53,26.68,36.97,27.89,107.35,1
2026-03-05 01:11:00+00:00,20.139635,116.09696,9.34,128.53,26.67,37.02,28.03,105.84,1
2026-03-05 01:12:00+00:00,20.13802,116.09912,9.34,128.53,26.66,37.08,28.21,107.05,1
2026-03-05 01:13:00+00:00,20.136405,116.10128,9.34,128.53,26.66,37.13,27.6,105.67,1
2026-03-05 01:14:00+00:00,20.13479,116.10344,9.34,128.53,26.65,37.19,,,0
2026-03-05 01:15:00+00:00,20.133175,116.1056,9.34,128.53,26.64,37.24,,,0
2026-03-05 01:16:00+00:00,20.13156,116.10776,9.34,128.53,26.64,37.3,,,0
2026-03-05 01:17:00+00:00,20.129945,116.10992,9.34,128.53,26.63,37.35,27.89,107.91,1
2026-03-05 01:18:00+00:00,20.12833,116.11208,9.34,128.53,26.62,37.41,28.0,109.83,1
2026-03-05 01:19:00+00:00,20.126715,116.11424,9.34,128.53,26.62,37.46,27.91,107.15,1
2026-03-05 01:20:00+00:00,20.1251,116.1164,9.34,128.53,26.61,37.52,28.48,106.78,1
2026-03-05 01:21:00+00:00,20.12352,116.11861,9.4,127.29,26.6,37.57,28.36,110.16,1
2026-03-05 01:22:00+00:00,20.12194,116.12082,9.4,127.29,26.6,37.63,28.35,112.0,1
2026-03-05 01:23:00+00:00,20.12036,116.12303,9.4,127.29,26.59,37.68,28.45,107.48,1
2026-03-05 01:24:00+00:00,20.11878,116.12524,9.4,127.29,26.58,37.74,28.19,109.57,1
2026-03-05 01:25:00+00:00,20.1172,116.12745,9.4,127.28,26.57,37.79,36.06,106.46,1
2026-03-05 01:26:00+00:00,20.11562,116.12966,9.4,127.28,26.57,37.85,28.24,109.19,1
2026-03-05 01:27:00+00:00,20.11404,116.13187,9.4,127.28,26.56,37.9,28.47,110.1,1
2026-03-05 01:28:00+00:00,20.11246,116.13408,9.4,127.28,26.55,37.96,27.95,108.38,1
2026-03-05 01:29:00+00:00,20.11088,116.13629,9.4,127.28,26.54,38.01,27.8,109.23,1
2026-03-05 01:30:00+00:00,20.1093,116.1385,9.4,127.28,26.54,38.07,28.52,107.38,1
2026-03-05 01:31:00+00:00,20.107635,116.140615,9.34,129.97,26.53,38.13,27.95,107.89,1
2026-03-05 01:32:00+00:00,20.10597,116.14273,9.34,129.97,26.52,38.18,27.57,109.91,1
2026-03-05 01:33:00+00:00,20.104305,116.144845,9.34,129.97,26.51,38.24,27.58,105.66,1
2026-03-05 01:34:00+00:00,20.10264,116.14696,9.34,129.97,26.5,38.29,28.18,106.66,1
2026-03-05 01:35:00+00:00,20.100975,116.149075,9.34,129.97,26.49,38.35,27.48,108.97,1
2026-03-05 01:36:00+00:00,20.09931,116.15119,9.34,129.97,26.49,38.4,28.33,110.44,1
2026-03-05 01:37:00+00:00,20.097645,116.153305,9.34,129.97,26.48,38.46,27.57,105.09,1
2026-03-05 01:38:00+00:00,20.09598,116.15542,9.34,129.97,26.47,38.52,28.03,107.79,1
2026-03-05 01:39:00+00:00,20.094315,116.157535,9.34,129.97,26.46,38.57,27.74,108.75,1
2026-03-05 01:40:00+00:00,20.09265,116.15965,9.34,129.97,26.45,38.63,28.02,108.04,1
2026-03-05 01:41:00+00:00,20.090985,116.161765,9.34,129.97,26.44,38.68,27.68,103.35,1
2026-03-05 01:42:00+00:00,20.08932,116.16388,9.34,129.97,26.43,38.74,27.8,109.36,1
2026-03-05 01:43:00+00:00,20.087655,116.165995,9.34,129.97,26.43,38.79,27.86,111.45,1
2026-03-05 01:44:00+00:00,20.08599,116.16811,9.34,129.97,26.42,38.85,27.54,108.7,1
2026-03-05 01:45:00+00:00,20.084325,116.170225,9.34,129.97,26.41,38.9,28.07,106.46,1
2026-03-05 01:46:00+00:00,20.08266,116.17234,9.34,129.97,26.4,38.96,27.69,107.55,1
2026-03-05 01:47:00+00:00,20.080995,116.174455,9.34,129.97,26.39,39.01,27.78,112.17,1
2026-03-05 01:48:00+00:00,20.07933,116.17657,9.34,129.97,26.38,39.07,27.55,110.51,1
2026-03-05 01:49:00+00:00,20.077665,116.178685,9.34,129.97,26.37,39.12,27.08,110.03,1
2026-03-05 01:50:01+00:00,20.076,116.1808,9.18,129.97,26.36,39.18,27.74,109.22,1
2026-03-05 01:51:01+00:00,20.07427,116.18292,9.5,130.98,26.35,39.23,28.46,106.95,1
2026-03-05 01:52:01+00:00,20.07254,116.18504,9.5,130.98,26.34,39.29,27.97,107.93,1
2026-03-05 01:53:01+00:00,20.07081,116.18716,9.5,130.98,26.33,39.34,27.73,108.23,1
2026-03-05 01:54:01+00:00,20.06908,116.18928,9.5,130.98,26.32,39.4,27.66,109.54,1
2026-03-05 01:55:01+00:00,20.06735,116.1914,9.5,130.98,26.31,39.45,27.74,111.51,1
2026-03-05 01:56:01+00:00,20.06562,116.19352,9.5,130.98,26.3,39.51,27.9,110.79,1
2026-03-05 01:57:01+00:00,20.06389,116.19564,9.5,130.98,26.29,39.56,27.38,105.77,1
2026-03-05 01:58:01+00:00,20.06216,116.19776,9.5,130.98,26.28,39.61,28.07,109.11,1
2026-03-05 01:59:01+00:00,20.06043,116.19988,9.5,130.98,26.27,39.67,27.95,110.19,1
2026-03-05 02:00:01+00:00,20.0587,116.202,9.5,130.98,26.26,39.72,27.95,110.01,1
2026-03-05 02:01:01+00:00,20.0564,116.203878,10.44,142.51,26.25,39.69,26.14,98.96,1
2026-03-05 02:02:01+00:00,20.0541,116.205756,10.44,142.51,26.24,39.67,26.0,106.04,1
2026-03-05 02:03:01+00:00,20.0518,116.207633,10.44,142.51,26.23,39.65,26.18,97.64,1
2026-03-05 02:04:01+00:00,20.0495,116.209511,10.44,142.51,26.22,39.62,26.15,98.02,1
2026-03-05 02:05:01+00:00,20.0472,116.211389,10.44,142.51,26.21,39.6,25.85,100.64,1
2026-03-05 02:06:01+00:00,20.0449,116.213267,10.44,142.51,26.2,39.58,25.77,104.4,1
2026-03-05 02:07:01+00:00,20.0426,116.215144,10.44,142.51,26.19,39.56,25.96,98.48,1
2026-03-05 02:08:01+00:00,20.0403,116.217022,10.44,142.51,26.17,39.54,26.38,99.61,1
2026-03-05 02:10:00+00:00,20.038,116.2189,5.26,142.51,26.16,39.48,25.13,90.73,1
2026-03-05 02:11:00+00:00,20.03588,116.22048,9.32,145.0,26.15,39.46,24.86,95.21,1
2026-03-05 02:12:00+00:00,20.03376,116.22206,9.32,145.0,26.14,39.43,25.34,94.57,1
2026-03-05 02:13:00+00:00,20.03164,116.22364,9.32,145.0,26.13,39.41,25.29,96.36,1
2026-03-05 02:14:00+00:00,20.02952,116.22522,9.32,145.0,26.12,39.39,25.31,95.76,1
2026-03-05 02:15:00+00:00,20.0274,116.2268,9.32,145.0,26.1,39.37,25.32,97.27,1
2026-03-05 02:16:00+00:00,20.02528,116.22838,9.32,145.0,26.09,39.35,25.16,97.78,1
2026-03-05 02:17:00+00:00,20.02316,116.22996,9.32,145.0,26.08,39.33,25.66,95.8,1
2026-03-05 02:18:00+00:00,20.02104,116.23154,9.32,145.0,26.07,39.31,24.72,95.76,1
2026-03-05 02:19:00+00:00,20.01892,116.23312,9.32,145.0,26.06,39.29,24.94,95.6,1
2026-03-05 02:20:00+00:00,20.0168,116.2347,9.32,145.0,26.04,39.27,25.14,96.14,1
2026-03-05 02:21:00+00:00,20.014919,116.236173,8.41,143.66,26.03,39.25,24.8,94.5,1
2026-03-05 02:22:00+00:00,20.013038,116.237646,8.41,143.66,26.02,39.23,25.22,94.38,1
2026-03-05 02:23:00+00:00,20.011157,116.239119,8.41,143.66,26.01,39.21,25.76,96.77,1
2026-03-05 02:24:00+00:00,20.009276,116.240591,8.41,143.66,26.0,39.19,25.25,97.4,1
2026-03-05 02:25:00+00:00,20.007395,116.242064,8.41,143.66,25.98,39.18,25.3,91.34,1
2026-03-05 02:26:00+00:00,20.005514,116.243537,8.41,143.66,25.97,39.16,24.84,94.36,1
2026-03-05 02:27:02+00:00,20.003633,116.24501,8.14,143.66,25.96,39.14,25.0,92.34,1
2026-03-05 02:28:02+00:00,20.001085,116.246808,11.01,146.45,25.95,39.12,24.88,96.94,1
2026-03-05 02:29:02+00:00,19.998538,116.248606,11.01,146.45,25.94,39.1,24.88,98.35,1
2026-03-05 02:30:02+00:00,19.99599,116.250404,11.01,146.45,25.92,39.07,25.34,98.87,1
2026-03-05 02:31:02+00:00,19.993442,116.252202,11.01,146.45,25.91,39.04,29.31,97.29,1
2026-03-05 02:32:02+00:00,19.990894,116.254001,11.01,146.45,25.9,39.02,24.59,93.68,1
2026-03-05 02:33:02+00:00,19.988346,116.255799,11.01,146.45,25.89,38.99,24.98,95.57,1
2026-03-05 02:34:02+00:00,19.985799,116.257597,11.01,146.44,25.87,38.97,25.04,99.28,1
2026-03-05 02:35:52+00:00,19.983251,116.259395,6.01,146.44,25.86,38.92,25.07,80.39,1
2026-03-05 02:36:00+00:00,19.982881,116.259469,10.17,169.35,25.85,38.92,21.22,73.85,1
2026-03-05 02:36:12+00:00,19.982439,116.259821,9.94,143.19,25.84,38.91,24.99,99.17,1
2026-03-05 02:36:23+00:00,19.98203,116.260023,8.86,155.1,25.82,38.91,23.07,86.38,1
2026-03-05 02:36:34+00:00,19.981643,116.26037,9.94,139.88,25.81,38.9,25.46,100.83,1
2026-03-05 02:37:14+00:00,19.980099,116.261127,9.19,155.26,25.8,38.89,23.16,80.26,1
2026-03-05 02:37:36+00:00,19.979264,116.261756,10.05,144.7,25.79,38.88,25.14,97.8,1
2026-03-05 02:37:56+00:00,19.978483,116.262214,9.64,151.14,25.78,38.87,24.16,92.23,1
2026-03-05 02:38:11+00:00,19.977956,116.26264,9.54,142.78,25.77,38.87,25.22,99.46,1
2026-03-05 02:38:51+00:00,19.976336,116.263317,9.4,158.56,25.77,38.85,22.53,80.13,1
2026-03-05 02:39:04+00:00,19.97591,116.263702,9.29,139.66,25.76,38.85,25.74,100.18,1
2026-03-05 02:39:22+00:00,19.97539,116.264372,9.81,129.55,25.75,38.84,27.19,109.17,1
2026-03-05 02:39:34+00:00,19.975111,116.264865,9.74,121.05,25.74,38.84,29.36,115.78,1
2026-03-05 02:39:56+00:00,19.974319,116.265535,9.94,141.51,25.73,38.83,24.99,101.61,1
2026-03-05 02:40:00+00:00,19.974185,116.265573,7.49,165.08,25.72,38.83,22.19,67.2,1
2026-03-05 02:40:28+00:00,19.973238,116.266553,10.2,135.8,25.72,38.82,27.1,103.7,1
2026-03-05 02:40:45+00:00,19.972555,116.267029,10.38,146.77,25.71,38.82,24.58,93.52,1
2026-03-05 02:41:19+00:00,19.971636,116.2682,9.12,129.86,25.7,38.8,27.05,105.6,1
2026-03-05 02:41:49+00:00,19.970597,116.26912,9.74,140.23,25.7,38.8,25.5,100.74,1
2026-03-05 02:42:05+00:00,19.969966,116.269438,9.43,154.65,25.69,38.79,24.11,87.93,1
2026-03-05 02:42:34+00:00,19.96888,116.27027,9.97,144.24,25.68,38.78,28.69,96.83,1
2026-03-05 02:43:02+00:00,19.967769,116.270746,9.25,158.07,25.68,38.77,23.99,78.56,1
2026-03-05 02:43:18+00:00,19.967134,116.270977,9.07,161.12,25.67,38.77,23.37,79.52,1
2026-03-05 02:43:40+00:00,19.966351,116.271458,8.88,150.0,25.66,38.76,23.5,92.38,1
2026-03-05 02:44:04+00:00,19.96555,116.27207,8.88,144.32,25.66,38.75,24.72,93.33,1
2026-03-05 02:44:16+00:00,19.96505,116.272259,9.56,160.44,25.65,38.75,22.05,78.87,1
2026-03-05 02:44:30+00:00,19.964516,116.272586,9.51,150.08,25.64,38.74,24.06,91.47,1
2026-03-05 02:44:43+00:00,19.964066,116.272896,8.91,147.08,25.64,38.74,,,0
2026-03-05 02:44:52+00:00,19.963794,116.273214,9.71,132.3,25.63,38.74,,,0
2026-03-05 02:45:25+00:00,19.962444,116.273759,9.46,159.22,25.63,38.73,,,0
2026-03-05 02:45:40+00:00,19.961853,116.27413,9.89,149.46,25.62,38.72,,,0
2026-03-05 02:45:52+00:00,19.961393,116.274353,9.11,155.5,25.62,38.72,,,0
2026-03-05 02:45:56+00:00,19.96123,116.274348,8.81,181.65,25.61,38.72,,,0
2026-03-05 02:46:15+00:00,19.960513,116.274781,9.38,150.42,25.61,38.71,,,0
2026-03-05 02:46:23+00:00,19.960237,116.274986,9.09,145.08,25.6,38.71,,,0
2026-03-05 02:46:34+00:00,19.95997,116.275316,8.04,130.72,25.6,38.71,,,0
2026-03-05 02:46:42+00:00,19.959612,116.275542,11.25,149.32,25.6,38.7,,,0
2026-03-05 02:47:15+00:00,19.958477,116.276374,9.03,145.43,25.59,38.7,25.1,93.97,1
2026-03-05 02:47:39+00:00,19.957653,116.277151,9.92,138.45,25.59,38.69,25.77,99.77,1
2026-03-05 02:48:05+00:00,19.956653,116.277825,9.84,147.64,25.58,38.68,24.46,94.99,1
2026-03-05 02:48:17+00:00,19.956177,116.278026,9.22,158.35,25.58,38.68,22.1,80.68,1
2026-03-05 02:48:35+00:00,19.955547,116.278464,9.04,146.84,25.57,38.67,24.04,91.64,1
2026-03-05 02:48:51+00:00,19.955029,116.279002,9.78,135.69,25.57,38.67,26.38,104.63,1
2026-03-05 02:49:06+00:00,19.954466,116.279259,8.83,156.78,25.57,38.67,23.22,81.96,1
2026-03-05 02:49:22+00:00,19.953919,116.279734,9.54,140.78,25.56,38.66,25.44,101.27,1
2026-03-05 02:49:51+00:00,19.952827,116.28027,8.96,155.23,25.56,38.65,22.9,85.01,1
2026-03-05 02:50:03+00:00,19.952435,116.280594,8.94,142.16,25.55,38.65,25.02,96.51,1
2026-03-05 02:50:19+00:00,19.951733,116.280861,10.07,160.33,25.55,38.65,21.62,82.78,1
2026-03-05 02:50:25+00:00,19.951463,116.281011,10.97,152.43,25.55,38.65,23.57,92.45,1
2026-03-05 02:50:49+00:00,19.950668,116.281786,9.71,137.5,25.54,38.64,26.15,102.04,1
2026-03-05 02:51:02+00:00,19.950219,116.282135,9.25,143.85,25.54,38.64,24.64,95.65,1
2026-03-05 02:51:31+00:00,19.949024,116.28259,9.46,160.31,25.53,38.63,21.94,79.4,1
2026-03-05 02:51:48+00:00,19.948388,116.283058,9.83,145.33,25.53,38.63,24.66,96.84,1
2026-03-05 02:52:08+00:00,19.947616,116.283445,9.22,154.77,25.53,38.62,22.87,84.21,1
2026-03-05 02:52:23+00:00,19.9471,116.283906,9.71,139.98,25.52,38.62,25.44,99.82,1
2026-03-05 02:52:36+00:00,19.946558,116.28419,10.05,153.78,25.52,38.62,23.74,91.94,1
2026-03-05 02:52:56+00:00,19.945893,116.284779,9.35,140.22,25.52,38.61,25.27,101.46,1
2026-03-05 02:53:17+00:00,19.945058,116.285203,9.52,154.48,25.51,38.61,22.9,84.46,1
2026-03-05 02:53:29+00:00,19.944659,116.285556,9.35,140.25,25.51,38.6,25.14,100.68,1
2026-03-05 02:53:42+00:00,19.944266,116.286036,9.95,131.06,25.5,38.6,87.5,126.78,3
2026-03-05 02:53:58+00:00,19.943634,116.286298,9.16,158.71,25.5,38.6,22.3,81.44,1
2026-03-05 02:54:08+00:00,19.943312,116.28659,9.15,139.55,25.5,38.6,25.2,100.02,1
2026-03-05 02:54:41+00:00,19.942063,116.287252,9.14,153.52,25.49,38.59,23.57,88.41,1
2026-03-05 02:55:05+00:00,19.941284,116.287947,9.16,140.01,25.49,38.58,25.75,100.02,1
2026-03-05 02:55:15+00:00,19.940863,116.288153,10.02,155.3,25.49,38.58,22.63,86.25,1
2026-03-05 02:55:22+00:00,19.940646,116.288371,9.22,136.64,25.48,38.58,25.3,104.69,1
2026-03-05 02:56:07+00:00,19.938999,116.289626,9.73,144.39,25.48,38.57,24.98,96.96,1
2026-03-05 02:56:19+00:00,19.93872,116.290086,9.27,122.83,25.48,38.57,27.76,115.24,1
2026-03-05 02:56:28+00:00,19.938423,116.290378,9.71,137.25,25.47,38.57,26.09,103.74,1
2026-03-05 02:56:40+00:00,19.938205,116.290812,8.33,118.12,25.47,38.57,27.61,117.16,1
2026-03-05 02:56:46+00:00,19.937963,116.2909,9.21,161.13,24.84,38.57,21.61,78.8,1
2026-03-05 02:56:53+00:00,19.937779,116.290753,7.11,216.91,24.22,38.56,16.76,1.17,1
2026-03-05 02:57:08+00:00,19.937835,116.290312,6.03,277.69,23.63,38.55,21.4,-74.78,1
2026-03-05 02:57:19+00:00,19.937676,116.290006,6.46,241.07,23.08,38.55,17.29,-32.74,1
2026-03-05 02:57:25+00:00,19.937446,116.289896,9.08,204.21,22.55,38.55,13.65,20.85,1
2026-03-05 02:57:33+00:00,19.937173,116.289981,7.69,163.69,22.08,38.54,18.62,72.69,1
2026-03-05 02:57:46+00:00,19.936858,116.290449,9.0,125.6,21.92,38.54,24.33,114.46,1
2026-03-05 02:58:01+00:00,19.936709,116.29103,8.16,105.26,22.13,38.54,26.47,129.95,1
2026-03-05 02:58:10+00:00,19.936382,116.291326,10.31,139.6,22.33,38.54,22.9,104.83,1
2026-03-05 02:58:25+00:00,19.93578,116.291477,8.91,166.73,22.52,38.53,18.99,69.48,1
2026-03-05 02:58:37+00:00,19.935309,116.291704,9.31,155.63,22.69,38.53,20.77,90.26,1
2026-03-05 02:58:55+00:00,19.934648,116.292177,9.57,146.07,22.86,38.53,27.47,99.18,1
2026-03-05 02:59:19+00:00,19.933707,116.29252,8.96,161.09,23.01,38.52,22.85,80.87,1
2026-03-05 02:59:35+00:00,19.933151,116.29296,9.36,143.35,23.15,38.52,22.38,102.54,1
2026-03-05 02:59:48+00:00,19.9326,116.293,9.18,176.1,23.29,38.52,17.24,61.03,1
2026-03-05 02:59:56+00:00,19.932305,116.293144,8.77,155.35,23.42,38.52,20.92,88.85,1
2026-03-05 03:00:06+00:00,19.931932,116.293213,8.18,170.13,23.54,38.51,19.38,65.12,1
2026-03-05 03:00:28+00:00,19.931122,116.293538,8.51,159.33,23.65,38.49,20.59,80.37,1
2026-03-05 03:00:55+00:00,19.930043,116.294106,9.64,153.67,23.75,38.46,21.95,86.18,1
2026-03-05 03:01:10+00:00,19.929514,116.294172,7.67,173.31,23.85,38.45,18.79,61.61,1
2026-03-05 03:01:30+00:00,19.928619,116.294564,10.46,157.62,23.94,38.43,20.94,87.44,1
2026-03-05 03:01:53+00:00,19.927748,116.295152,9.69,147.6,24.03,38.41,22.39,94.22,1
2026-03-05 03:02:07+00:00,19.927138,116.295451,10.37,155.26,24.11,38.4,21.63,90.03,1
2026-03-05 03:02:25+00:00,19.926376,116.29581,10.01,156.11,24.19,38.38,21.71,86.86,1
2026-03-05 03:02:55+00:00,19.925158,116.296197,9.16,163.37,24.26,38.35,20.31,75.48,1
2026-03-05 03:03:17+00:00,19.924323,116.296707,9.46,150.13,24.33,38.34,21.81,89.95,1
2026-03-05 03:03:36+00:00,19.923733,116.297308,9.29,136.24,24.39,38.32,24.93,105.42,1
2026-03-05 03:03:45+00:00,19.923404,116.297552,9.63,145.11,24.45,38.31,23.68,94.95,1
2026-03-05 03:04:03+00:00,19.922679,116.297772,9.05,164.08,24.5,38.3,20.69,76.97,1
2026-03-05 03:04:35+00:00,19.92137,116.298241,9.33,161.38,24.56,38.27,21.34,81.21,1
2026-03-05 03:04:45+00:00,19.921032,116.298411,8.08,154.69,24.6,38.26,21.9,79.24,1
2026-03-05 03:05:06+00:00,19.920195,116.298625,8.86,166.48,24.65,38.24,20.59,73.98,1
2026-03-05 03:05:27+00:00,19.9194,116.299038,9.11,153.97,24.69,38.22,22.66,89.96,1
2026-03-05 03:05:36+00:00,19.919021,116.299161,9.52,163.03,24.73,38.21,20.29,77.73,1
2026-03-05 03:05:52+00:00,19.918497,116.299584,8.89,142.8,24.77,38.2,24.21,97.49,1
2026-03-05 03:06:38+00:00,19.91667,116.300596,9.68,152.49,24.8,38.16,,,0
2026-03-05 03:06:55+00:00,19.916016,116.300817,8.72,162.37,24.84,38.15,21.17,75.12,1
2026-03-05 03:07:26+00:00,19.914872,116.30107,8.15,168.25,24.87,38.12,20.68,67.85,1
2026-03-05 03:07:56+00:00,19.913721,116.301677,9.26,153.63,24.89,38.09,22.36,83.62,1
2026-03-05 03:08:25+00:00,19.912612,116.301966,8.51,166.23,24.92,38.07,20.57,70.91,1
2026-03-05 03:09:07+00:00,19.911024,116.302844,9.21,152.53,24.94,38.03,22.74,88.14,1
2026-03-05 03:09:25+00:00,19.910397,116.303356,9.49,142.48,24.97,38.02,24.07,98.7,1
2026-03-05 03:09:54+00:00,19.909247,116.30394,9.5,154.48,24.99,38.0,22.1,87.93,1
2026-03-05 03:10:07+00:00,19.908766,116.304152,8.66,157.49,25.01,37.99,22.27,78.91,1
2026-03-05 03:10:27+00:00,19.907953,116.304442,9.27,161.46,25.03,37.97,21.02,76.66,1
2026-03-05 03:10:48+00:00,19.907249,116.305091,9.59,139.08,25.04,37.96,25.23,104.75,1
2026-03-05 03:11:05+00:00,19.906605,116.305464,9.32,151.43,25.06,37.94,23.13,88.05,1
2026-03-05 03:11:21+00:00,19.906061,116.305937,9.49,140.73,25.07,37.93,24.25,99.55,1
2026-03-05 03:12:10+00:00,19.904137,116.306637,8.97,161.11,25.09,37.89,21.32,77.05,1
2026-03-05 03:12:26+00:00,19.903586,116.307079,9.32,142.97,25.1,37.88,24.75,94.92,1
2026-03-05 03:12:56+00:00,19.902361,116.307769,9.99,152.09,25.11,37.86,22.61,92.45,1
2026-03-05 03:13:21+00:00,19.901357,116.308106,9.1,162.48,25.12,37.84,21.17,74.88,1
2026-03-05 03:13:43+00:00,19.900483,116.308528,9.43,155.58,25.13,37.82,22.5,81.9,1
2026-03-05 03:14:05+00:00,19.899595,116.308753,8.97,166.6,25.14,37.81,20.97,70.01,1
2026-03-05 03:14:09+00:00,19.899445,116.308883,10.46,140.82,25.15,37.8,24.89,97.06,1
2026-03-05 03:14:16+00:00,19.899168,116.308971,8.93,163.37,25.16,37.8,21.07,73.11,1
2026-03-05 03:14:26+00:00,19.898753,116.309032,9.06,172.13,25.17,37.79,20.35,62.7,1
2026-03-05 03:14:46+00:00,19.897937,116.309443,9.76,154.66,25.17,37.78,23.03,87.1,1
2026-03-05 03:15:02+00:00,19.897248,116.309605,9.53,167.53,25.18,37.76,20.73,69.89,1
2026-03-05 03:15:22+00:00,19.896513,116.310068,9.23,149.36,25.19,37.75,23.44,91.67,1
2026-03-05 03:15:26+00:00,19.896314,116.310131,11.22,163.42,25.19,37.75,104.89,-120.8,3
2026-03-05 03:15:51+00:00,19.895485,116.310782,8.91,143.56,25.2,37.73,24.08,96.37,1
2026-03-05 03:16:03+00:00,19.894993,116.310997,9.58,157.66,25.2,37.72,22.2,81.76,1
2026-03-05 03:16:27+00:00,19.893964,116.311239,9.49,167.53,25.2,37.7,20.59,71.32,1
2026-03-05 03:16:46+00:00,19.893232,116.311579,9.09,156.41,25.21,37.69,22.73,79.16,1
2026-03-05 03:17:08+00:00,19.892336,116.311877,9.22,162.63,25.21,37.67,21.51,75.55,1
2026-03-05 03:17:19+00:00,19.891844,116.311887,9.67,178.91,25.21,37.67,18.23,55.95,1
2026-03-05 03:17:33+00:00,19.891266,116.312158,9.75,156.21,25.22,37.66,22.58,85.46,1
2026-03-05 03:17:43+00:00,19.89093,116.312479,9.76,138.06,25.22,37.65,25.04,107.0,1
2026-03-05 03:18:03+00:00,19.890161,116.312841,9.09,156.12,25.22,37.64,22.25,83.44,1
2026-03-05 03:18:23+00:00,19.889355,116.312928,8.76,174.2,25.22,37.62,19.87,57.13,1
2026-03-05 03:18:36+00:00,19.888819,116.313122,9.41,161.2,25.22,37.61,22.1,77.08,1
2026-03-05 03:19:06+00:00,19.887668,116.313741,9.29,153.17,25.23,37.59,23.74,86.23,1
2026-03-05 03:19:43+00:00,19.886401,116.314682,9.03,145.07,25.23,37.57,24.28,93.61,1
2026-03-05 03:19:57+00:00,19.885859,116.314951,9.23,154.98,25.23,37.56,22.46,82.46,1
2026-03-05 03:20:12+00:00,19.885339,116.31534,9.16,144.87,25.23,37.55,24.3,94.41,1
2026-03-05 03:20:43+00:00,19.884147,116.315945,9.21,154.49,25.23,37.53,22.86,81.86,1
2026-03-05 03:21:00+00:00,19.883553,116.316344,8.93,147.72,25.23,37.52,23.58,88.65,1
2026-03-05 03:21:43+00:00,19.881922,116.317076,8.9,157.12,25.23,37.49,22.76,82.04,1
2026-03-05 03:22:01+00:00,19.881245,116.317501,9.44,149.44,25.23,37.48,23.47,87.98,1
2026-03-05 03:22:14+00:00,19.880807,116.317879,9.38,140.94,25.23,37.48,24.93,99.21,1
2026-03-05 03:22:34+00:00,19.88,116.318262,9.55,155.95,25.23,37.46,22.51,80.88,1
2026-03-05 03:22:41+00:00,19.879761,116.31847,9.54,140.7,25.23,37.46,24.97,102.23,1
2026-03-05 03:22:58+00:00,19.879124,116.318806,9.04,153.62,25.23,37.45,22.99,83.19,1
2026-03-05 03:23:15+00:00,19.878398,116.319032,9.62,163.68,25.22,37.44,20.84,74.96,1
2026-03-05 03:23:35+00:00,19.877631,116.319504,9.58,149.94,25.22,37.43,23.13,90.46,1
2026-03-05 03:23:56+00:00,19.876766,116.319905,9.71,156.44,25.22,37.42,21.87,82.33,1
2026-03-05 03:24:10+00:00,19.876258,116.320313,9.83,142.94,25.22,37.41,24.63,97.5,1
2026-03-05 03:24:18+00:00,19.875947,116.320506,9.73,149.73,25.22,37.4,23.56,91.51,1
2026-03-05 03:24:31+00:00,19.87541,116.320695,9.4,161.69,25.22,37.4,21.52,78.94,1
2026-03-05 03:24:35+00:00,19.87529,116.320848,10.12,129.83,25.22,37.39,27.28,111.35,1
2026-03-05 03:24:43+00:00,19.87499,116.321039,9.45,149.09,25.22,37.39,23.43,89.96,1
2026-03-05 03:24:50+00:00,19.874663,116.321195,11.07,155.84,25.22,37.39,22.39,87.26,1
2026-03-05 03:25:04+00:00,19.874046,116.321358,9.82,166.05,25.22,37.38,20.24,77.91,1
2026-03-05 03:25:28+00:00,19.873232,116.322127,9.81,138.38,25.21,37.36,25.13,103.3,1
2026-03-05 03:26:01+00:00,19.871918,116.322764,9.46,155.49,25.21,37.35,22.57,81.91,1
2026-03-05 03:26:07+00:00,19.871705,116.322994,10.94,134.56,25.21,37.34,26.44,107.46,1
2026-03-05 03:26:31+00:00,19.870695,116.323358,9.6,161.28,25.21,37.33,21.3,77.26,1
2026-03-05 03:26:39+00:00,19.870372,116.323548,9.97,151.05,25.21,37.33,23.06,89.31,1
2026-03-05 03:26:54+00:00,19.869773,116.323764,9.11,161.27,25.21,37.32,21.03,74.19,1
2026-03-05 03:27:01+00:00,19.869512,116.323946,9.64,146.74,25.2,37.31,23.7,92.2,1
2026-03-05 03:27:13+00:00,19.869013,116.324095,9.34,164.31,25.2,37.31,21.22,77.46,1
2026-03-05 03:27:42+00:00,19.867835,116.324716,9.8,153.63,25.2,37.29,22.8,87.66,1
2026-03-05 03:27:54+00:00,19.867317,116.324867,9.67,164.67,25.2,37.29,20.95,69.33,1
2026-03-05 03:28:10+00:00,19.866709,116.325318,10.01,145.1,25.2,37.28,24.11,97.92,1
2026-03-05 03:28:27+00:00,19.866076,116.325676,9.12,151.99,25.2,37.27,22.93,88.63,1
2026-03-05 03:29:08+00:00,19.864293,116.326297,9.89,161.86,25.19,37.25,21.0,77.25,1
2026-03-05 03:29:20+00:00,19.863754,116.326383,9.82,171.47,25.19,37.24,19.86,68.19,1
2026-03-05 03:29:33+00:00,19.863264,116.326576,8.69,159.67,25.19,37.24,21.93,75.5,1
2026-03-05 03:29:47+00:00,19.862683,116.32662,8.99,175.93,25.19,37.23,19.51,58.21,1
2026-03-05 03:30:01+00:00,19.862143,116.32695,9.62,150.11,25.19,37.22,23.05,92.55,1
2026-03-05 03:30:12+00:00,19.861799,116.327324,9.67,134.36,25.18,37.22,25.18,104.11,1
2026-03-05 03:30:44+00:00,19.860533,116.328057,9.74,151.43,25.18,37.2,23.3,84.77,1
2026-03-05 03:31:04+00:00,19.859732,116.328603,10.28,147.34,25.18,37.19,23.55,93.77,1
2026-03-05 03:31:11+00:00,19.859455,116.328692,8.94,163.19,25.18,37.19,20.94,73.79,1
2026-03-05 03:31:25+00:00,19.858861,116.328735,9.19,176.1,25.18,37.18,19.43,61.79,1
2026-03-05 03:31:43+00:00,19.858146,116.329146,9.76,151.6,25.17,37.17,22.81,88.4,1
2026-03-05 03:31:49+00:00,19.857893,116.329219,9.44,164.82,25.17,37.17,21.11,72.59,1
2026-03-05 03:32:22+00:00,19.856584,116.330026,9.91,149.89,25.17,37.16,23.4,92.54,1
2026-03-05 03:32:34+00:00,19.856072,116.330191,9.64,163.14,25.17,37.15,21.21,76.05,1
2026-03-05 03:32:38+00:00,19.855955,116.330325,9.29,132.87,25.16,37.15,25.53,103.66,1
2026-03-05 03:33:00+00:00,19.855146,116.330671,8.57,158.09,25.16,37.14,22.38,80.86,1
2026-03-05 03:33:18+00:00,19.854429,116.330871,8.9,165.3,25.16,37.13,20.95,71.81,1
2026-03-05 03:33:46+00:00,19.853378,116.331385,8.93,155.3,25.16,37.12,22.26,82.43,1
2026-03-05 03:34:16+00:00,19.852147,116.332173,10.35,148.95,25.16,37.11,23.41,92.79,1
2026-03-05 03:34:40+00:00,19.851173,116.332562,9.37,159.41,25.15,37.1,21.11,77.0,1
2026-03-05 03:35:02+00:00,19.850301,116.332799,8.84,165.66,25.15,37.09,20.94,69.77,1
2026-03-05 03:35:40+00:00,19.848836,116.333528,9.2,154.92,25.15,37.07,22.07,83.47,1
2026-03-05 03:36:02+00:00,19.848004,116.333812,8.59,162.2,25.15,37.06,20.98,73.63,1
2026-03-05 03:36:12+00:00,19.847625,116.33403,9.31,151.59,25.14,37.06,22.44,89.73,1
2026-03-05 03:36:33+00:00,19.846862,116.334558,9.37,146.94,25.14,37.05,23.99,92.41,1
2026-03-05 03:36:43+00:00,19.846449,116.334672,9.22,165.45,25.14,37.04,20.52,73.73,1
2026-03-05 03:36:58+00:00,19.845963,116.334917,7.75,154.63,25.13,37.04,23.07,80.11,1
2026-03-05 03:37:21+00:00,19.844969,116.335177,9.62,166.18,25.13,37.03,20.31,74.34,1
2026-03-05 03:37:45+00:00,19.844042,116.33559,9.05,157.26,25.13,37.02,21.49,81.36,1
2026-03-05 03:38:04+00:00,19.843299,116.335962,9.34,154.78,25.13,37.01,22.02,83.96,1
2026-03-05 03:38:18+00:00,19.842778,116.336099,8.29,166.11,25.12,37.0,21.28,68.78,1
2026-03-05 03:38:37+00:00,19.842134,116.336579,8.95,144.97,25.12,37.0,23.88,90.96,1
2026-03-05 03:39:00+00:00,19.841308,116.336914,8.31,159.12,25.12,36.99,21.7,77.66,1
2026-03-05 03:39:13+00:00,19.84095,116.337225,7.69,140.75,25.12,36.98,24.5,93.93,1
2026-03-05 03:39:37+00:00,19.840015,116.337428,8.59,168.46,25.11,36.97,20.61,65.85,1
2026-03-05 03:39:59+00:00,19.839187,116.337841,8.99,154.86,25.11,36.96,22.7,85.11,1
2026-03-05 03:40:19+00:00,19.838444,116.338303,9.3,149.68,25.11,36.96,23.6,86.52,1
2026-03-05 03:40:27+00:00,19.838208,116.338517,8.38,139.54,25.11,36.95,24.57,95.93,1
2026-03-05 03:40:45+00:00,19.837494,116.338644,8.69,170.5,25.1,36.95,19.73,66.74,1
2026-03-05 03:41:12+00:00,19.83672,116.339424,8.54,136.53,25.1,36.94,25.01,100.61,1
2026-03-05 03:41:25+00:00,19.83627,116.339779,9.32,143.42,25.1,36.93,24.24,95.11,1
2026-03-05 03:41:42+00:00,19.835777,116.340295,8.8,135.45,25.1,36.93,25.04,102.07,1
2026-03-05 03:41:54+00:00,19.835502,116.3407,8.46,125.82,25.09,36.92,26.35,109.98,1
2026-03-05 03:42:29+00:00,19.834425,116.341817,9.29,135.71,25.09,36.91,25.49,99.38,1
2026-03-05 03:43:04+00:00,19.83338,116.342838,8.77,137.41,25.09,36.9,25.01,98.94,1
2026-03-05 03:43:17+00:00,19.832943,116.343133,8.61,147.58,25.09,36.9,23.48,92.61,1
2026-03-05 03:43:46+00:00,19.832089,116.344047,9.03,134.81,25.08,36.89,25.23,101.33,1
2026-03-05 03:44:03+00:00,19.831471,116.344515,9.65,144.54,25.08,36.88,23.92,94.25,1
2026-03-05 03:44:23+00:00,19.830741,116.344898,8.8,153.73,25.08,36.88,22.24,82.47,1
2026-03-05 03:45:01+00:00,19.829439,116.346039,9.6,140.5,25.07,36.87,24.91,98.44,1
2026-03-05 03:45:08+00:00,19.829181,116.346146,8.55,158.69,25.07,36.87,22.12,76.48,1
2026-03-05 03:45:17+00:00,19.828927,116.346368,7.9,140.57,25.07,36.86,23.88,95.57,1
2026-03-05 03:45:45+00:00,19.828124,116.347366,9.54,130.54,25.06,36.86,25.96,107.98,1
2026-03-05 03:46:00+00:00,19.827553,116.347703,9.41,150.96,25.06,36.85,22.44,89.48,1
2026-03-05 03:46:18+00:00,19.826952,116.348177,8.99,143.43,25.06,36.85,23.89,92.27,1
2026-03-05 03:46:54+00:00,19.825618,116.348913,9.02,152.57,25.06,36.84,22.62,84.62,1
2026-03-05 03:47:02+00:00,19.825319,116.349006,8.42,163.69,25.05,36.84,20.67,71.3,1
2026-03-05 03:47:43+00:00,19.823905,116.349874,8.61,149.99,25.05,36.83,22.79,87.81,1
2026-03-05 03:48:31+00:00,19.82236,116.351301,9.22,139.01,25.05,36.81,31.2,97.52,1
2026-03-05 03:49:21+00:00,19.820581,116.352557,9.23,146.41,25.04,36.8,23.67,93.85,1
2026-03-05 03:49:49+00:00,19.819755,116.353465,9.17,134.04,25.04,36.8,25.58,105.99,1
2026-03-05 03:50:04+00:00,19.81921,116.353878,9.64,144.51,25.04,36.8,23.72,92.88,1
2026-03-05 03:50:27+00:00,19.81856,116.354655,9.19,131.64,25.03,36.79,25.98,104.85,1
2026-03-05 03:50:52+00:00,19.817693,116.355394,9.61,141.27,25.03,36.79,24.3,96.8,1
2026-03-05 03:51:23+00:00,19.816519,116.356019,9.15,153.4,25.02,36.78,22.38,90.02,1
2026-03-05 03:51:33+00:00,19.816165,116.356273,9.23,145.98,25.02,36.78,24.15,91.57,1
2026-03-05 03:51:57+00:00,19.8153,116.356619,8.32,159.38,25.02,36.77,22.1,79.61,1
2026-03-05 03:52:09+00:00,19.814873,116.356894,8.99,148.79,25.01,36.77,22.8,86.52,1
2026-03-05 03:52:21+00:00,19.814444,116.357231,9.61,143.53,25.01,36.77,24.32,93.73,1
2026-03-05 03:52:35+00:00,19.813919,116.357513,9.08,153.19,25.01,36.77,22.73,83.41,1
2026-03-05 03:53:00+00:00,19.81297,116.357909,8.81,158.57,25.0,36.76,21.35,76.71,1
2026-03-05 03:53:13+00:00,19.81252,116.358238,9.08,145.48,25.0,36.76,23.95,92.02,1
2026-03-05 03:53:26+00:00,19.812017,116.358433,8.9,159.96,25.0,36.76,21.92,75.69,1
2026-03-05 03:53:49+00:00,19.811132,116.358936,9.43,151.87,24.99,36.76,22.32,85.39,1
2026-03-05 03:54:00+00:00,19.81076,116.359261,9.46,140.58,24.99,36.75,24.24,100.5,1
2026-03-05 03:54:16+00:00,19.810095,116.359431,9.24,166.48,24.99,36.75,20.67,73.15,1
2026-03-05 03:54:22+00:00,19.809915,116.359534,7.36,151.7,24.98,36.75,22.95,83.92,1
2026-03-05 03:54:41+00:00,19.809254,116.359943,8.7,149.79,24.98,36.75,23.18,88.36,1
2026-03-05 03:55:06+00:00,19.808331,116.360585,9.54,146.8,24.98,36.74,23.59,92.56,1
2026-03-05 03:55:40+00:00,19.807066,116.361558,9.93,144.11,24.97,36.74,24.08,94.93,1
2026-03-05 03:55:50+00:00,19.806654,116.361645,9.08,168.76,24.97,36.74,19.66,65.72,1
2026-03-05 03:56:12+00:00,19.805898,116.362077,8.43,151.74,24.97,36.74,23.04,85.38,1
2026-03-05 03:56:33+00:00,19.80513,116.362731,10.13,141.3,24.96,36.74,24.82,96.71,1
2026-03-05 03:56:47+00:00,19.804629,116.363048,9.0,149.23,24.96,36.73,23.0,86.64,1
2026-03-05 03:57:15+00:00,19.803553,116.363448,8.8,160.72,24.96,36.73,,,0
2026-03-05 03:57:39+00:00,19.802672,116.363919,8.88,153.3,24.95,36.73,,,0
2026-03-05 03:57:59+00:00,19.801903,116.364241,8.93,158.5,24.95,36.73,,,0
2026-03-05 03:58:53+00:00,19.799767,116.364918,8.92,163.39,24.95,36.72,,,0
2026-03-05 03:59:38+00:00,19.79814,116.365891,8.97,150.63,24.94,36.72,22.81,86.63,1
2026-03-05 03:59:47+00:00,19.797809,116.366135,9.67,145.26,24.94,36.72,24.05,91.54,1
2026-03-05 04:00:03+00:00,19.797168,116.366327,9.0,164.26,24.94,36.71,20.62,73.81,1
2026-03-05 04:00:23+00:00,19.796358,116.366619,9.24,161.26,24.93,36.7,21.28,77.71,1
2026-03-05 04:01:04+00:00,19.794788,116.36735,9.04,156.34,24.93,36.67,21.61,81.47,1
2026-03-05 04:01:22+00:00,19.794173,116.367721,8.49,150.42,24.93,36.66,22.86,85.62,1
2026-03-05 04:01:52+00:00,19.793,116.368103,8.84,162.96,24.92,36.64,20.88,75.48,1
2026-03-05 04:02:10+00:00,19.792299,116.368387,9.01,159.13,24.92,36.62,21.54,76.25,1
2026-03-05 04:02:21+00:00,19.791903,116.36864,9.08,148.99,24.92,36.62,22.93,87.45,1
2026-03-05 04:02:34+00:00,19.791381,116.368656,8.68,178.35,24.91,36.61,18.84,52.79,1
2026-03-05 04:02:47+00:00,19.79088,116.368848,8.85,160.17,24.91,36.6,21.58,76.83,1
2026-03-05 04:03:04+00:00,19.790199,116.369241,9.85,151.5,24.91,36.59,22.47,86.21,1
2026-03-05 04:03:11+00:00,19.790022,116.36944,7.96,133.39,24.91,36.58,24.75,100.07,1
2026-03-05 04:03:27+00:00,19.789421,116.369869,9.78,146.11,24.9,36.57,24.04,92.13,1
2026-03-05 04:03:46+00:00,19.788789,116.370482,9.73,137.61,24.9,36.56,25.35,100.95,1
2026-03-05 04:04:35+00:00,19.787094,116.371754,9.15,144.77,24.9,36.53,23.3,90.31,1
2026-03-05 04:04:50+00:00,19.786493,116.372055,9.57,154.77,24.9,36.52,22.25,84.42,1
2026-03-05 04:05:18+00:00,19.785304,116.372423,9.56,163.76,24.89,36.5,20.41,76.95,1
2026-03-05 04:05:43+00:00,19.784286,116.372463,8.81,177.88,24.89,36.48,18.91,55.84,1
2026-03-05 04:06:06+00:00,19.783399,116.372843,8.99,158.04,24.89,36.47,21.67,82.28,1
2026-03-05 04:06:34+00:00,19.782495,116.373389,8.03,150.39,24.88,36.45,22.77,87.46,1
2026-03-05 04:06:46+00:00,19.782122,116.373755,9.14,137.28,24.88,36.44,24.61,101.9,1
2026-03-05 04:07:04+00:00,19.781469,116.374201,9.32,147.27,24.88,36.43,23.05,91.3,1
2026-03-05 04:07:43+00:00,19.779884,116.374934,9.58,156.48,24.88,36.4,21.44,82.4,1
2026-03-05 04:08:01+00:00,19.779257,116.375465,9.63,141.45,24.87,36.39,23.98,99.03,1
2026-03-05 04:08:19+00:00,19.778787,116.37606,8.78,130.01,24.87,36.38,25.83,105.39,1
2026-03-05 04:08:33+00:00,19.778341,116.376498,9.38,137.26,24.87,36.37,24.65,97.08,1
2026-03-05 04:09:07+00:00,19.777008,116.377391,10.02,147.77,24.87,36.35,23.37,93.29,1
2026-03-05 04:09:19+00:00,19.77662,116.377804,9.89,134.95,24.87,36.34,25.79,101.82,1
2026-03-05 04:09:59+00:00,19.77528,116.378959,9.32,140.95,24.86,36.31,24.07,95.28,1
2026-03-05 04:10:14+00:00,19.774808,116.379498,9.98,132.94,24.86,36.3,25.77,106.06,1
2026-03-05 04:10:27+00:00,19.774337,116.37987,9.76,143.38,24.86,36.3,24.04,95.71,1
2026-03-05 04:10:55+00:00,19.773461,116.380853,9.83,133.44,24.85,36.28,25.71,102.45,1
2026-03-05 04:11:14+00:00,19.772765,116.381352,9.55,145.99,24.85,36.27,23.45,93.18,1
2026-03-05 04:11:46+00:00,19.771539,116.381937,9.08,155.82,24.85,36.24,22.07,83.54,1
2026-03-05 04:12:18+00:00,19.770527,116.382947,9.38,136.8,24.85,36.22,28.31,98.9,1
2026-03-05 04:12:29+00:00,19.770102,116.383248,10.04,146.32,24.84,36.22,28.73,96.22,1
2026-03-05 04:12:43+00:00,19.769718,116.383707,8.92,131.64,24.84,36.21,30.6,101.76,1
2026-03-05 04:13:02+00:00,19.769019,116.384267,9.96,142.99,24.84,36.2,24.72,100.91,1
2026-03-05 04:13:14+00:00,19.768556,116.384518,9.36,152.97,24.84,36.19,22.02,84.46,1
2026-03-05 04:13:43+00:00,19.767478,116.385323,9.82,144.9,24.83,36.17,23.6,94.78,1
2026-03-05 04:14:04+00:00,19.766782,116.385929,9.26,140.67,24.83,36.16,26.93,93.42,1
2026-03-05 04:14:53+00:00,19.764851,116.386948,9.51,153.59,24.83,36.13,23.48,84.84,1
2026-03-05 04:15:38+00:00,19.762978,116.3878,9.79,156.82,24.83,36.1,21.86,82.72,1
2026-03-05 04:16:11+00:00,19.761753,116.388822,10.2,141.86,24.82,36.08,24.84,98.04,1
2026-03-05 04:16:40+00:00,19.760675,116.389364,8.89,154.68,24.82,36.06,21.76,81.04,1
2026-03-05 04:16:58+00:00,19.759901,116.38963,9.77,162.08,24.82,36.05,20.23,74.58,1
2026-03-05 04:17:24+00:00,19.758902,116.390358,10.07,145.56,24.82,36.04,23.55,96.61,1
2026-03-05 04:18:08+00:00,19.757206,116.391097,9.0,157.7,24.81,36.01,21.71,79.25,1
2026-03-05 04:18:13+00:00,19.756997,116.391126,9.11,172.56,24.81,36.0,19.17,65.53,1
2026-03-05 04:18:28+00:00,19.756418,116.39138,9.03,157.57,24.81,35.99,21.94,78.33,1
2026-03-05 04:18:58+00:00,19.75538,116.392088,8.89,147.3,24.8,35.97,22.7,88.8,1
2026-03-05 04:19:10+00:00,19.754958,116.392428,9.54,142.83,24.8,35.97,24.06,97.28,1
2026-03-05 04:19:14+00:00,19.754882,116.392576,8.57,118.62,24.8,35.96,27.07,112.28,1
2026-03-05 04:19:25+00:00,19.754504,116.392916,9.73,139.75,24.8,35.96,24.9,96.59,1
2026-03-05 04:19:51+00:00,19.753871,116.393961,9.72,122.77,24.79,35.94,27.73,116.34,1
2026-03-05 04:20:10+00:00,19.75328,116.394603,9.62,134.37,24.79,35.93,25.01,101.35,1
2026-03-05 04:20:26+00:00,19.752691,116.395061,9.86,143.8,24.79,35.92,23.53,91.8,1
2026-03-05 04:20:49+00:00,19.751785,116.395399,9.02,160.65,24.79,35.9,21.25,79.67,1
2026-03-05 04:21:14+00:00,19.750922,116.395962,8.76,148.45,24.78,35.89,22.78,85.32,1
2026-03-05 04:21:25+00:00,19.750525,116.396097,8.19,162.25,24.78,35.88,20.97,72.31,1
2026-03-05 04:21:59+00:00,19.74949,116.39718,9.23,135.44,24.78,35.85,24.97,101.94,1
2026-03-05 04:22:19+00:00,19.748756,116.397658,9.3,148.49,24.78,35.82,,,0
2026-03-05 04:22:47+00:00,19.747954,116.398681,9.67,129.79,24.77,35.79,25.95,107.29,1
2026-03-05 04:23:05+00:00,19.747286,116.399122,9.44,148.14,24.77,35.77,22.7,90.94,1
2026-03-05 04:23:25+00:00,19.746587,116.399777,10.07,138.59,24.77,35.75,97.08,35.46,3
2026-03-05 04:23:51+00:00,19.745929,116.400833,9.91,123.51,24.77,35.72,,,0
2026-03-05 04:24:08+00:00,19.745461,116.401496,9.92,126.87,24.76,35.71,,,0
2026-03-05 04:24:22+00:00,19.745032,116.402026,10.16,130.7,24.76,35.69,,,0
2026-03-05 04:24:53+00:00,19.743854,116.402977,10.32,142.77,24.76,35.66,,,0
2026-03-05 04:24:58+00:00,19.743715,116.403154,9.38,129.84,24.76,35.65,,,0
2026-03-05 04:25:21+00:00,19.742844,116.403688,9.45,150.01,24.75,35.62,,,0
2026-03-05 04:25:41+00:00,19.74215,116.40417,8.96,146.83,24.75,35.6,,,0
2026-03-05 04:26:07+00:00,19.741208,116.404942,9.89,142.35,24.75,35.57,,,0
2026-03-05 04:26:18+00:00,19.740896,116.405356,9.81,128.68,24.75,35.56,,,0
2026-03-05 04:26:44+00:00,19.740016,116.406167,9.68,139.06,24.75,35.53,24.27,99.75,1
2026-03-05 04:27:04+00:00,19.7394,116.40699,10.7,128.49,24.74,35.51,26.26,110.32,1
2026-03-05 04:27:10+00:00,19.739205,116.407112,8.15,149.51,24.74,35.51,22.36,84.96,1
2026-03-05 04:27:17+00:00,19.738953,116.407402,11.47,132.71,24.74,35.5,25.68,111.54,1
2026-03-05 04:27:46+00:00,19.737735,116.408015,10.05,154.65,24.74,35.47,22.58,83.78,1
2026-03-05 04:28:27+00:00,19.736009,116.408571,9.51,163.13,24.74,35.42,20.73,75.19,1
2026-03-05 04:28:42+00:00,19.735504,116.409101,10.23,135.35,24.73,35.4,24.67,103.81,1
2026-03-05 04:29:21+00:00,19.734077,116.410094,9.45,146.78,24.73,35.36,22.63,90.75,1
2026-03-05 04:29:52+00:00,19.733182,116.411187,9.51,131.02,24.73,35.33,25.74,110.6,1
2026-03-05 04:30:23+00:00,19.732059,116.411799,8.8,152.84,24.73,35.29,22.25,80.26,1
2026-03-05 04:30:41+00:00,19.731509,116.412473,10.08,130.92,24.73,35.28,25.93,109.85,1
2026-03-05 04:31:06+00:00,19.730663,116.413334,10.13,136.23,24.72,35.25,24.79,103.9,1
2026-03-05 04:31:26+00:00,19.729946,116.413658,8.42,156.96,24.72,35.23,21.48,76.75,1
2026-03-05 04:32:07+00:00,19.728502,116.41473,9.29,145.05,24.72,35.18,23.36,95.44,1
2026-03-05 04:32:29+00:00,19.727577,116.415125,9.79,158.1,24.72,35.16,21.09,76.33,1
2026-03-05 04:33:05+00:00,19.726096,116.415976,10.11,151.59,24.71,35.12,21.48,86.61,1
2026-03-05 04:33:35+00:00,19.724973,116.416258,8.31,166.7,24.71,35.09,20.1,63.92,1
2026-03-05 04:33:51+00:00,19.724377,116.4165,8.62,159.08,24.71,35.07,20.88,76.57,1
2026-03-05 04:34:04+00:00,19.723865,116.416795,9.68,151.53,24.71,35.06,22.21,84.34,1
2026-03-05 04:34:35+00:00,19.722653,116.41731,9.1,158.2,24.71,35.02,22.04,78.81,1
2026-03-05 04:34:58+00:00,19.721806,116.417864,9.35,148.38,24.7,35.0,22.79,88.48,1
2026-03-05 04:35:19+00:00,19.72094,116.418162,9.37,162.05,24.7,34.98,20.37,73.39,1
2026-03-05 04:35:52+00:00,19.7198,116.419041,9.23,144.03,24.7,34.94,23.65,93.6,1
2026-03-05 04:36:23+00:00,19.718685,116.419704,8.91,150.76,24.7,34.91,22.45,84.68,1
2026-03-05 04:36:54+00:00,19.717514,116.420277,8.99,155.27,24.69,34.88,21.71,78.49,1
2026-03-05 04:37:11+00:00,19.716984,116.420717,8.55,141.99,24.69,34.86,23.81,98.71,1
2026-03-05 04:37:33+00:00,19.716464,116.421602,9.65,121.97,24.69,34.84,27.57,112.84,1
2026-03-05 04:37:48+00:00,19.715967,116.422094,9.79,137.02,24.69,34.83,24.22,96.3,1
2026-03-05 04:38:26+00:00,19.714536,116.42311,9.79,146.24,24.69,34.79,23.13,90.22,1
2026-03-05 04:38:52+00:00,19.713537,116.423654,9.33,152.86,24.68,34.76,21.62,81.46,1
2026-03-05 04:39:21+00:00,19.712484,116.424563,10.11,140.9,24.68,34.74,24.09,99.44,1
2026-03-05 04:39:32+00:00,19.712081,116.424824,9.27,148.63,24.68,34.73,22.3,88.8,1
2026-03-05 04:39:51+00:00,19.711503,116.425474,9.58,133.37,24.68,34.71,24.96,104.31,1
2026-03-05 04:40:03+00:00,19.711054,116.425788,9.68,146.64,24.67,34.7,22.8,90.42,1
2026-03-05 04:40:07+00:00,19.710924,116.425984,12.2,125.17,24.67,34.69,27.72,115.37,1
2026-03-05 04:40:16+00:00,19.710592,116.426253,10.03,142.66,24.67,34.68,23.86,95.13,1
2026-03-05 04:40:23+00:00,19.710298,116.426446,10.67,148.28,24.67,34.68,22.24,91.85,1
2026-03-05 04:40:37+00:00,19.709811,116.42657,7.73,166.52,24.67,34.66,20.36,66.26,1
2026-03-05 04:41:01+00:00,19.708944,116.427151,9.23,147.75,24.66,34.64,22.48,89.54,1
2026-03-05 04:41:23+00:00,19.708084,116.427534,9.16,157.25,24.66,34.62,20.8,79.73,1
2026-03-05 04:41:48+00:00,19.707313,116.428324,9.26,136.03,24.66,34.59,24.5,101.25,1
2026-03-05 04:42:14+00:00,19.706438,116.429038,9.17,142.47,24.66,34.57,23.43,95.66,1
2026-03-05 04:42:23+00:00,19.706199,116.429391,9.83,125.72,24.66,34.56,27.09,111.31,1
2026-03-05 04:42:44+00:00,19.705494,116.43012,10.13,135.77,24.65,34.54,24.89,103.14,1
2026-03-05 04:43:01+00:00,19.704879,116.43057,9.5,145.44,24.65,34.53,22.63,94.11,1
2026-03-05 04:43:09+00:00,19.704643,116.43084,9.37,132.87,24.65,34.52,24.9,102.02,1
2026-03-05 04:43:25+00:00,19.704294,116.431471,9.31,120.43,24.65,34.51,27.26,112.5,1
2026-03-05 04:43:39+00:00,19.70375,116.431873,10.23,145.17,24.65,34.49,23.73,91.42,1
2026-03-05 04:43:52+00:00,19.703346,116.432307,9.55,134.68,24.64,34.48,24.33,102.45,1
2026-03-05 04:44:03+00:00,19.702988,116.432558,8.43,146.57,24.64,34.47,22.28,84.18,1
2026-03-05 04:44:10+00:00,19.702802,116.432807,9.24,128.43,24.64,34.46,26.27,107.97,1
2026-03-05 04:44:23+00:00,19.702322,116.433148,9.6,146.22,24.64,34.45,23.0,90.94,1
2026-03-05 04:44:48+00:00,19.701433,116.433566,8.41,156.12,24.64,34.43,21.19,80.05,1
2026-03-05 04:45:28+00:00,19.700077,116.434652,9.18,142.98,24.63,34.39,23.55,91.9,1
2026-03-05 04:45:37+00:00,19.699814,116.434943,9.12,133.83,24.63,34.38,24.03,101.4,1
2026-03-05 04:46:13+00:00,19.698592,116.435794,8.77,146.75,24.63,34.35,22.78,90.7,1
2026-03-05 04:46:31+00:00,19.697959,116.4361,8.35,155.53,24.63,34.33,21.62,80.96,1
2026-03-05 04:46:47+00:00,19.69746,116.436586,9.15,137.48,24.63,34.32,24.52,97.03,1
2026-03-05 04:47:07+00:00,19.696909,116.437321,9.56,128.53,24.62,34.3,25.45,107.87,1
2026-03-05 04:47:16+00:00,19.696572,116.437586,10.07,143.49,24.62,34.29,23.36,95.44,1
2026-03-05 04:47:30+00:00,19.696065,116.437894,9.02,150.23,24.62,34.28,21.93,86.21,1
2026-03-05 04:47:51+00:00,19.695225,116.438318,9.57,154.58,24.62,34.26,21.52,81.82,1
2026-03-05 04:48:22+00:00,19.69435,116.43934,9.07,132.28,24.62,34.23,24.75,105.55,1
2026-03-05 04:48:38+00:00,19.693818,116.439859,9.76,137.43,24.61,34.22,24.19,96.01,1
2026-03-05 04:48:49+00:00,19.693444,116.440184,9.5,140.71,24.61,34.21,23.43,95.22,1
2026-03-05 04:49:12+00:00,19.692638,116.440717,8.92,148.09,24.61,34.19,22.72,88.23,1
2026-03-05 04:49:25+00:00,19.692279,116.441178,9.37,129.59,24.61,34.18,25.75,106.95,1
2026-03-05 04:50:02+00:00,19.691064,116.44238,9.7,137.03,24.61,34.15,24.28,102.67,1
2026-03-05 04:50:29+00:00,19.690353,116.443408,9.61,126.3,24.6,34.12,26.08,111.84,1
2026-03-05 04:51:27+00:00,19.688462,116.44486,8.7,144.13,24.6,34.07,22.68,90.07,1
2026-03-05 04:51:41+00:00,19.688066,116.445362,9.52,129.96,24.6,34.06,25.36,108.55,1
2026-03-05 04:51:59+00:00,19.687643,116.44602,9.01,124.32,24.6,34.05,26.14,108.44,1
2026-03-05 04:52:16+00:00,19.687274,116.446701,9.41,119.92,24.59,34.03,27.74,116.34,1
2026-03-05 04:52:48+00:00,19.686211,116.447458,8.64,146.16,24.59,34.0,22.45,92.04,1
2026-03-05 04:53:10+00:00,19.68559,116.448136,8.75,134.21,24.59,33.99,25.03,102.7,1
2026-03-05 04:53:34+00:00,19.684788,116.448667,8.51,148.06,24.59,33.97,22.79,86.32,1
2026-03-05 04:54:12+00:00,19.683663,116.449919,9.27,133.66,24.58,33.93,25.73,101.26,1
2026-03-05 04:54:32+00:00,19.683188,116.450561,8.31,128.16,24.58,33.92,28.07,101.77,1
2026-03-05 04:54:41+00:00,19.682924,116.450784,8.1,141.5,24.58,33.91,26.32,92.26,1
2026-03-05 04:55:01+00:00,19.682268,116.451112,7.84,154.79,24.57,33.89,24.55,74.99,1
2026-03-05 04:55:17+00:00,19.681817,116.45153,8.09,138.89,24.57,33.88,25.56,92.56,1
2026-03-05 04:55:32+00:00,19.681459,116.452048,8.72,126.28,24.57,33.87,106.78,-50.97,3
2026-03-05 04:55:54+00:00,19.680739,116.452645,8.97,142.02,23.94,33.85,23.13,92.87,1
2026-03-05 04:56:06+00:00,19.680269,116.452933,9.77,150.02,23.35,33.84,20.78,88.5,1
2026-03-05 04:56:25+00:00,19.679728,116.453507,8.7,135.03,22.79,33.82,22.37,101.36,1
2026-03-05 04:57:02+00:00,19.678564,116.454363,8.27,145.3,22.25,33.79,20.64,89.11,1
2026-03-05 04:57:43+00:00,19.677202,116.455147,8.17,151.54,21.73,33.76,19.08,86.31,1
2026-03-05 04:58:20+00:00,19.676266,116.456312,8.42,130.47,21.21,33.73,21.87,105.31,1
2026-03-05 04:58:38+00:00,19.675661,116.456604,7.98,155.56,20.71,33.71,,,0
2026-03-05 04:58:55+00:00,19.675234,116.457029,7.44,136.86,20.23,33.7,,,0
2026-03-05 04:59:20+00:00,19.674541,116.457443,6.87,150.64,19.76,33.68,,,0
2026-03-05 05:00:00+00:00,19.673436,116.458295,7.38,144.02,19.32,33.64,18.14,92.74,1
2026-03-05 05:00:37+00:00,19.672473,116.459304,7.9,135.39,18.89,33.6,19.18,101.61,1
2026-03-05 05:01:02+00:00,19.671932,116.460058,7.72,127.31,18.49,33.56,18.89,106.38,1
2026-03-05 05:01:10+00:00,19.671703,116.460243,7.77,142.74,18.1,33.55,17.01,95.65,1
2026-03-05 05:01:25+00:00,19.671252,116.460452,7.09,156.43,17.75,33.53,15.18,80.77,1
2026-03-05 05:01:50+00:00,19.670692,116.461147,7.45,130.55,17.42,33.5,18.45,106.29,1
2026-03-05 05:02:01+00:00,19.670405,116.461441,7.84,136.03,17.12,33.48,17.07,100.5,1
2026-03-05 05:02:21+00:00,19.669849,116.461912,7.69,141.42,16.86,33.46,15.66,97.12,1
2026-03-05 05:02:41+00:00,19.6692,116.462231,7.73,155.16,16.61,33.43,14.35,88.82,1
2026-03-05 05:03:14+00:00,19.668206,116.462956,7.9,145.52,16.4,33.39,15.1,99.33,1
2026-03-05 05:03:53+00:00,19.667081,116.464065,8.51,137.13,16.22,33.34,16.06,104.64,1
2026-03-05 05:04:08+00:00,19.666587,116.464432,8.69,145.02,16.07,33.32,14.99,101.76,1
2026-03-05 05:04:22+00:00,19.666183,116.464885,9.07,133.44,16.58,33.3,17.38,108.29,1
2026-03-05 05:04:35+00:00,19.665896,116.465339,8.56,123.87,17.06,33.28,18.82,118.99,1
2026-03-05 05:04:56+00:00,19.665246,116.465968,9.05,137.66,17.51,33.25,16.93,105.97,1
2026-03-05 05:05:21+00:00,19.664458,116.466474,7.96,148.84,17.93,33.22,16.44,92.64,1
2026-03-05 05:05:29+00:00,19.664229,116.466698,8.41,137.35,18.33,33.21,18.58,99.05,1
2026-03-05 05:05:59+00:00,19.663451,116.467736,9.0,128.52,18.7,33.17,20.18,112.65,1
2026-03-05 05:06:30+00:00,19.662418,116.46859,9.13,142.1,19.05,33.13,17.91,99.24,1
2026-03-05 05:06:47+00:00,19.661773,116.468947,9.25,152.47,19.38,33.11,16.83,90.84,1
2026-03-05 05:07:18+00:00,19.660731,116.46968,8.71,146.48,19.69,33.07,18.09,94.66,1
2026-03-05 05:07:42+00:00,19.659823,116.470096,8.91,156.66,19.98,33.03,16.95,82.74,1
2026-03-05 05:08:00+00:00,19.659237,116.470437,8.02,151.28,20.25,33.01,18.1,83.78,1
2026-03-05 05:08:04+00:00,19.659141,116.470554,7.9,131.07,20.51,33.0,20.69,105.45,1
2026-03-05 05:08:33+00:00,19.658054,116.470973,8.62,160.05,20.75,32.96,17.03,76.65,1
2026-03-05 05:08:55+00:00,19.657302,116.471483,8.77,147.43,20.97,32.93,19.22,88.46,1
2026-03-05 05:09:22+00:00,19.656365,116.47196,8.32,154.39,21.18,32.9,18.71,79.52,1
2026-03-05 05:09:26+00:00,19.656268,116.472121,9.73,122.61,21.38,32.89,23.75,111.74,1
2026-03-05 05:09:35+00:00,19.65591,116.472379,10.39,145.84,21.57,32.88,20.2,94.67,1
2026-03-05 05:09:45+00:00,19.65559,116.472738,10.06,133.43,21.74,32.87,22.25,108.08,1
2026-03-05 05:10:02+00:00,19.654926,116.473168,9.89,148.62,21.91,32.84,20.16,91.4,1
2026-03-05 05:10:35+00:00,19.653636,116.473675,9.01,159.69,22.06,32.8,18.27,75.45,1
2026-03-05 05:10:48+00:00,19.653167,116.474004,9.35,146.55,22.21,32.78,20.07,92.72,1
2026-03-05 05:11:02+00:00,19.652507,116.474316,11.15,156.0,22.35,32.76,19.14,84.99,1
2026-03-05 05:11:27+00:00,19.651523,116.474589,8.79,165.36,22.47,32.73,17.95,68.95,1
2026-03-05 05:11:46+00:00,19.650823,116.474928,8.75,155.48,22.59,32.7,19.18,79.26,1
2026-03-05 05:12:10+00:00,19.649938,116.475094,8.09,169.98,22.71,32.67,17.49,62.38,1
2026-03-05 05:12:33+00:00,19.649136,116.475671,9.1,145.88,22.81,32.64,21.05,87.12,1
2026-03-05 05:12:43+00:00,19.648752,116.475869,9.23,154.1,22.91,32.62,19.87,80.33,1
2026-03-05 05:13:11+00:00,19.647756,116.476624,9.45,144.48,23.0,32.59,21.42,89.06,1
2026-03-05 05:13:25+00:00,19.647253,116.476764,8.03,165.31,23.09,32.57,18.7,65.21,1
2026-03-05 05:13:45+00:00,19.646531,116.477113,8.57,155.52,23.17,32.54,20.36,80.67,1
2026-03-05 05:14:03+00:00,19.645849,116.477538,9.5,149.59,23.25,32.51,21.05,85.98,1
2026-03-05 05:14:37+00:00,19.64438,116.477877,9.56,167.74,23.32,32.47,17.91,65.84,1
2026-03-05 05:14:45+00:00,19.644095,116.478036,8.7,152.28,23.39,32.46,20.79,83.51,1
2026-03-05 05:14:54+00:00,19.643802,116.478344,9.9,135.29,23.46,32.44,23.03,103.72,1
2026-03-05 05:15:09+00:00,19.643203,116.478772,10.4,146.06,23.51,32.42,21.68,92.41,1
2026-03-05 05:15:32+00:00,19.642324,116.479167,8.97,157.06,23.57,32.39,20.43,78.47,1
2026-03-05 05:15:54+00:00,19.641444,116.479679,9.86,151.28,23.62,32.36,20.67,83.52,1
2026-03-05 05:16:27+00:00,19.640205,116.480194,8.71,158.62,23.67,32.31,19.55,77.22,1
2026-03-05 05:16:38+00:00,19.639796,116.480436,9.2,150.87,23.72,32.3,20.74,88.42,1
2026-03-05 05:16:51+00:00,19.639379,116.480844,9.43,137.34,23.76,32.28,22.85,99.12,1
2026-03-05 05:17:20+00:00,19.638207,116.481346,9.42,158.03,23.8,32.24,19.59,72.71,1
2026-03-05 05:18:00+00:00,19.636622,116.482367,10.02,148.75,23.84,32.18,21.22,87.15,1
2026-03-05 05:18:28+00:00,19.635392,116.482843,10.11,159.97,23.88,32.14,18.97,77.7,1
2026-03-05 05:18:35+00:00,19.635081,116.482904,9.77,169.53,23.91,32.13,17.98,63.33,1
2026-03-05 05:18:47+00:00,19.634655,116.482862,7.71,185.31,23.94,32.12,17.68,40.87,1
2026-03-05 05:18:57+00:00,19.63426,116.482982,8.88,164.03,23.97,32.1,18.94,69.37,1
2026-03-05 05:19:33+00:00,19.632787,116.483628,9.57,157.56,24.0,32.05,20.47,75.98,1
2026-03-05 05:20:03+00:00,19.631578,116.484392,10.14,149.24,24.02,32.01,21.53,87.77,1
2026-03-05 05:20:18+00:00,19.630853,116.484695,11.23,158.51,24.05,31.99,19.88,79.14,1
2026-03-05 05:20:44+00:00,19.629855,116.485303,9.57,150.15,24.07,31.95,21.09,84.76,1
2026-03-05 05:21:10+00:00,19.62885,116.485546,8.57,167.17,24.09,31.91,19.24,62.16,1
2026-03-05 05:21:34+00:00,19.627903,116.485896,9.03,160.81,24.11,31.88,133.46,-65.4,3
2026-03-05 05:22:00+00:00,19.626865,116.486423,9.57,154.44,24.13,31.84,20.88,84.64,1
2026-03-05 05:22:22+00:00,19.625865,116.486722,10.21,164.27,24.14,31.81,18.88,68.26,1
2026-03-05 05:22:35+00:00,19.625387,116.487054,9.5,146.81,24.16,31.79,22.07,84.27,1
2026-03-05 05:22:43+00:00,19.62504,116.487175,9.87,161.82,24.17,31.78,19.01,72.44,1
2026-03-05 05:23:04+00:00,19.624202,116.487695,9.99,149.69,24.19,31.75,21.14,83.36,1
2026-03-05 05:23:18+00:00,19.623549,116.487978,10.89,157.79,24.2,31.73,20.03,80.35,1
2026-03-05 05:24:04+00:00,19.621661,116.488351,9.02,169.46,24.21,31.66,18.26,62.78,1
2026-03-05 05:24:20+00:00,19.620959,116.488556,9.84,164.62,24.22,31.64,19.08,72.34,1
2026-03-05 05:24:28+00:00,19.620657,116.488782,9.98,144.82,24.23,31.63,21.87,91.53,1
2026-03-05 05:24:48+00:00,19.619852,116.489101,9.29,159.53,24.24,31.6,20.18,73.24,1
2026-03-05 05:25:17+00:00,19.618663,116.489438,9.17,165.05,24.25,31.55,18.76,62.9,1
2026-03-05 05:25:37+00:00,19.617909,116.48958,8.28,169.94,24.26,31.52,21.13,58.54,1
2026-03-05 05:25:45+00:00,19.617627,116.48977,9.02,147.6,24.27,31.51,25.5,85.82,1
2026-03-05 05:26:06+00:00,19.616879,116.489973,7.95,165.66,24.28,31.48,19.38,64.02,1
2026-03-05 05:26:17+00:00,19.616498,116.490188,8.48,152.01,24.28,31.47,21.44,78.12,1
2026-03-05 05:26:38+00:00,19.615876,116.490908,9.47,132.52,24.29,31.43,24.39,100.52,1
2026-03-05 05:26:48+00:00,19.615448,116.491183,10.81,148.82,24.29,31.42,21.41,86.07,1
2026-03-05 05:27:12+00:00,19.614645,116.491942,9.68,138.32,24.3,31.38,23.09,91.81,1
2026-03-05 05:27:43+00:00,19.613256,116.492641,10.72,154.64,24.3,31.34,19.89,80.42,1
2026-03-05 05:27:58+00:00,19.612586,116.492834,10.0,164.82,24.31,31.31,18.98,65.97,1
2026-03-05 05:28:28+00:00,19.611456,116.493629,9.77,146.47,24.31,31.27,21.54,89.15,1
2026-03-05 05:28:53+00:00,19.610393,116.493963,9.58,163.51,24.32,31.23,19.25,68.33,1
2026-03-05 05:29:10+00:00,19.609615,116.494331,10.83,155.98,24.32,31.21,20.13,80.27,1
2026-03-05 05:29:51+00:00,19.607903,116.494982,9.59,160.29,24.32,31.15,19.93,71.03,1
2026-03-05 05:30:02+00:00,19.607444,116.49506,9.13,170.91,24.32,31.13,18.23,52.53,1
2026-03-05 05:30:26+00:00,19.606544,116.495523,9.01,154.14,24.33,31.09,20.73,81.21,1
2026-03-05 05:30:43+00:00,19.605851,116.495733,9.16,164.07,24.33,31.07,19.5,65.34,1
2026-03-05 05:31:12+00:00,19.604736,116.496413,9.58,150.12,24.33,31.02,21.48,83.14,1
2026-03-05 05:31:41+00:00,19.603506,116.496861,9.69,161.06,24.33,30.98,,,0
2026-03-05 05:31:51+00:00,19.603151,116.497147,9.63,142.8,24.33,30.96,22.73,93.41,1
2026-03-05 05:32:14+00:00,19.602221,116.497461,9.17,162.36,24.33,30.93,19.06,69.49,1
2026-03-05 05:32:44+00:00,19.601092,116.498123,9.29,151.08,24.33,30.88,21.46,80.36,1
2026-03-05 05:32:59+00:00,19.600589,116.498579,9.53,139.5,24.34,30.86,23.31,93.56,1
2026-03-05 05:33:21+00:00,19.599725,116.499021,9.42,154.27,24.34,30.82,20.39,82.24,1
2026-03-05 05:33:29+00:00,19.599397,116.499111,9.15,165.51,24.34,30.81,18.97,65.14,1
2026-03-05 05:33:44+00:00,19.598873,116.499423,8.66,150.71,24.34,30.79,21.37,80.26,1
2026-03-05 05:34:02+00:00,19.598217,116.499635,8.23,163.07,24.34,30.76,19.72,63.76,1
2026-03-05 05:34:18+00:00,19.597647,116.500053,9.36,145.36,24.34,30.74,22.24,84.19,1
2026-03-05 05:34:31+00:00,19.597126,116.500243,9.16,161.04,24.34,30.72,20.12,70.13,1
2026-03-05 05:34:45+00:00,19.59655,116.500657,10.74,145.9,24.34,30.7,22.35,91.64,1
2026-03-05 05:35:03+00:00,19.595834,116.501058,9.72,152.18,24.34,30.68,20.57,83.98,1
2026-03-05 05:35:22+00:00,19.595056,116.501345,9.37,160.84,24.34,30.65,19.83,66.69,1
2026-03-05 05:35:46+00:00,19.594159,116.501895,9.33,149.99,24.34,30.62,21.77,80.75,1
2026-03-05 05:36:13+00:00,19.593057,116.502401,9.61,156.61,24.34,30.58,20.35,75.41,1
2026-03-05 05:36:44+00:00,19.591884,116.502776,8.54,163.24,24.33,30.54,19.9,66.0,1
2026-03-05 05:37:07+00:00,19.591077,116.503382,9.29,144.72,24.33,30.51,22.81,87.93,1
2026-03-05 05:37:23+00:00,19.590406,116.503614,9.53,161.96,24.33,30.49,19.69,69.91,1
2026-03-05 05:37:52+00:00,19.589319,116.504465,10.07,143.59,24.33,30.45,22.46,92.11,1
2026-03-05 05:38:01+00:00,19.58895,116.504675,10.06,151.8,24.33,30.44,21.25,81.04,1
2026-03-05 05:38:35+00:00,19.58747,116.505225,9.97,160.7,24.33,30.39,19.47,74.59,1
2026-03-05 05:39:00+00:00,19.586518,116.505831,9.6,149.05,24.33,30.36,21.45,85.3,1
2026-03-05 05:39:08+00:00,19.586092,116.505967,12.02,163.26,24.33,30.35,78.79,-11.48,3
2026-03-05 05:39:30+00:00,19.585171,116.506344,9.7,158.91,24.33,30.32,20.26,77.14,1
2026-03-05 05:39:54+00:00,19.584224,116.507004,10.2,146.71,24.32,30.29,21.55,91.48,1
2026-03-05 05:40:14+00:00,19.583411,116.507165,8.94,169.43,24.32,30.26,18.97,61.1,1
2026-03-05 05:40:43+00:00,19.582305,116.507498,8.57,164.16,24.32,30.22,19.53,58.58,1
2026-03-05 05:40:59+00:00,19.581783,116.507835,8.25,148.69,24.32,30.2,21.22,84.25,1
2026-03-05 05:41:19+00:00,19.580975,116.50818,9.41,158.09,24.32,30.17,20.08,75.5,1
2026-03-05 05:41:48+00:00,19.579861,116.508863,9.59,149.99,24.32,30.13,20.61,87.21,1
2026-03-05 05:42:03+00:00,19.579363,116.509263,9.0,142.88,24.32,30.11,22.61,91.42,1
2026-03-05 05:42:39+00:00,19.577904,116.509767,9.21,161.97,24.31,30.06,19.68,71.93,1
2026-03-05 05:43:12+00:00,19.576649,116.510598,9.69,148.04,24.31,30.02,21.35,87.14,1
2026-03-05 05:43:39+00:00,19.575562,116.511039,9.32,159.08,24.31,29.98,19.84,75.01,1
2026-03-05 05:43:59+00:00,19.574823,116.511543,9.49,147.28,24.31,29.95,22.25,89.58,1
2026-03-05 05:44:20+00:00,19.57392,116.51197,10.18,155.99,24.31,29.92,19.93,78.55,1
2026-03-05 05:44:34+00:00,19.573373,116.512126,8.74,164.96,24.3,29.9,18.82,60.63,1
2026-03-05 05:44:39+00:00,19.57315,116.512276,11.41,147.63,24.3,29.89,21.95,89.66,1
2026-03-05 05:44:49+00:00,19.57273,116.512418,9.53,162.33,24.3,29.88,19.79,69.81,1
2026-03-05 05:45:04+00:00,19.572169,116.512771,9.4,149.34,24.3,29.86,21.31,83.25,1
2026-03-05 05:45:24+00:00,19.571279,116.513126,10.28,159.4,24.3,29.83,19.74,71.98,1
2026-03-05 05:45:43+00:00,19.570523,116.513644,10.24,147.15,24.29,29.81,22.0,84.29,1
2026-03-05 05:46:13+00:00,19.569233,116.513984,9.58,166.05,24.29,29.76,18.36,63.08,1
2026-03-05 05:46:38+00:00,19.568331,116.514653,9.51,145.05,24.29,29.73,21.83,89.33,1
2026-03-05 05:47:17+00:00,19.566783,116.515355,9.33,156.86,24.29,29.67,20.44,77.7,1
2026-03-05 05:47:32+00:00,19.566216,116.515809,10.23,142.97,24.29,29.65,22.82,93.43,1
2026-03-05 05:48:00+00:00,19.565106,116.516328,9.36,156.22,24.28,29.61,20.32,77.4,1
2026-03-05 05:48:14+00:00,19.564595,116.516704,9.6,145.27,24.28,29.59,21.64,87.43,1
2026-03-05 05:48:50+00:00,19.563195,116.517257,8.97,159.58,24.28,29.54,20.34,66.83,1
2026-03-05 05:49:13+00:00,19.562436,116.517867,8.95,142.86,24.28,29.51,22.14,87.35,1
2026-03-05 05:49:30+00:00,19.561763,116.51824,9.65,152.42,24.27,29.49,20.58,79.61,1
2026-03-05 05:49:51+00:00,19.560983,116.51878,9.59,146.88,24.27,29.46,21.71,84.78,1
2026-03-05 05:50:10+00:00,19.560233,116.519216,9.73,151.29,24.27,29.43,21.31,81.61,1
2026-03-05 05:50:30+00:00,19.559429,116.519574,9.42,157.24,24.27,29.4,20.19,74.97,1
2026-03-05 05:50:53+00:00,19.558559,116.520276,10.27,142.75,24.27,29.37,22.41,93.36,1
2026-03-05 05:51:03+00:00,19.558154,116.520477,9.66,154.94,24.26,29.36,20.37,76.73,1
2026-03-05 05:51:19+00:00,19.557465,116.520695,9.71,163.4,24.26,29.33,18.86,63.86,1
2026-03-05 05:51:39+00:00,19.556745,116.521127,8.94,150.52,24.26,29.3,21.23,79.1,1
2026-03-05 05:51:55+00:00,19.556048,116.521387,9.98,160.63,24.26,29.28,18.43,71.72,1
2026-03-05 05:52:49+00:00,19.55387,116.522586,9.82,152.58,24.25,29.2,20.47,82.58,1
2026-03-05 05:53:11+00:00,19.552914,116.523019,10.21,156.89,24.25,29.17,19.81,75.31,1
2026-03-05 05:53:21+00:00,19.552618,116.523311,8.74,137.09,24.25,29.16,22.76,94.17,1
2026-03-05 05:53:31+00:00,19.552246,116.523527,9.17,151.31,24.25,29.14,20.98,80.24,1
2026-03-05 05:54:00+00:00,19.550975,116.524066,10.2,158.22,24.24,29.1,19.43,74.93,1
2026-03-05 05:54:31+00:00,19.549796,116.52477,9.43,150.63,24.24,29.06,21.43,82.89,1
2026-03-05 05:55:24+00:00,19.547645,116.525669,9.43,158.5,24.24,28.98,20.11,70.89,1
2026-03-05 05:55:37+00:00,19.547214,116.525946,8.38,148.8,24.24,28.96,21.2,78.91,1
2026-03-05 05:55:41+00:00,19.54697,116.526022,13.74,163.64,24.23,28.95,17.5,79.13,1
2026-03-05 05:56:07+00:00,19.545972,116.52667,9.73,148.54,24.23,28.91,21.16,82.62,1
2026-03-05 05:56:31+00:00,19.544983,116.526851,9.04,170.21,24.23,28.87,17.94,57.88,1
2026-03-05 05:56:38+00:00,19.544704,116.526964,9.22,159.11,24.23,28.86,19.64,69.4,1
2026-03-05 05:56:44+00:00,19.544485,116.527139,9.88,143.02,24.22,28.86,21.87,90.35,1
2026-03-05 05:56:54+00:00,19.54423,116.527557,10.14,122.92,24.22,28.84,25.25,109.02,1
2026-03-05 05:57:02+00:00,19.543916,116.527801,10.52,143.78,24.22,28.83,22.15,91.21,1
2026-03-05 05:57:12+00:00,19.543471,116.527987,10.34,158.5,24.22,28.82,19.52,73.7,1
2026-03-05 05:57:56+00:00,19.54165,116.528117,8.97,176.15,24.21,28.74,17.11,48.08,1
2026-03-05 05:58:12+00:00,19.541014,116.528312,8.94,163.88,24.21,28.72,19.22,64.46,1
2026-03-05 05:58:26+00:00,19.540411,116.528574,10.06,157.73,24.21,28.7,19.32,74.98,1
2026-03-05 05:59:12+00:00,19.538675,116.529877,9.99,144.73,24.21,28.63,21.83,88.26,1
2026-03-05 05:59:25+00:00,19.538111,116.530124,10.14,157.57,24.21,28.61,19.74,78.32,1
2026-03-05 05:59:44+00:00,19.537294,116.53018,9.31,176.3,24.2,28.58,17.06,47.23,1
2026-03-05 05:59:51+00:00,19.537023,116.530294,9.0,158.37,24.2,28.57,19.83,70.62,1
2026-03-05 06:00:14+00:00,19.535998,116.530503,9.81,169.12,24.2,28.54,17.59,56.81,1
2026-03-05 06:00:28+00:00,19.535407,116.530799,10.09,154.73,24.2,28.52,19.91,78.59,1
2026-03-05 06:00:44+00:00,19.534723,116.530961,9.47,167.42,24.19,28.51,18.1,58.9,1
2026-03-05 06:01:02+00:00,19.534013,116.531327,9.48,154.09,24.19,28.49,19.98,76.27,1
2026-03-05 06:01:19+00:00,19.533295,116.531491,9.34,167.85,24.19,28.47,18.1,59.44,1
2026-03-05 06:01:37+00:00,19.53261,116.531834,9.1,154.74,24.19,28.45,19.72,75.57,1
2026-03-05 06:02:11+00:00,19.531224,116.532204,9.09,165.88,24.19,28.41,18.39,60.78,1
2026-03-05 06:02:51+00:00,19.529555,116.53321,10.37,150.4,24.19,28.37,20.56,81.98,1
2026-03-05 06:03:06+00:00,19.528892,116.533516,10.42,156.49,24.18,28.36,19.47,79.52,1
2026-03-05 06:03:17+00:00,19.528378,116.533694,10.62,161.92,24.18,28.34,18.46,71.53,1
2026-03-05 06:03:28+00:00,19.527888,116.533753,9.69,173.53,24.18,28.33,17.12,52.51,1
2026-03-05 06:03:55+00:00,19.526792,116.534113,9.18,162.8,24.18,28.3,19.06,65.27,1
2026-03-05 06:04:33+00:00,19.525191,116.535017,10.32,151.98,24.18,28.26,20.61,84.51,1
2026-03-05 06:04:58+00:00,19.524225,116.535368,8.83,161.1,24.18,28.23,19.09,66.27,1
2026-03-05 06:05:21+00:00,19.523331,116.535939,9.81,148.95,24.17,28.21,20.57,81.62,1
2026-03-05 06:05:42+00:00,19.522532,116.536622,10.56,141.14,24.17,28.19,21.98,91.55,1
2026-03-05 06:06:18+00:00,19.521015,116.537203,9.68,160.15,24.17,28.15,18.95,69.03,1
2026-03-05 06:06:46+00:00,19.519902,116.537911,10.02,149.05,24.17,28.12,20.77,82.19,1
2026-03-05 06:07:09+00:00,19.518922,116.538336,9.95,157.77,24.17,28.09,21.69,71.03,1
2026-03-05 06:07:24+00:00,19.518355,116.538738,9.83,146.25,24.17,28.08,27.99,83.51,1
2026-03-05 06:07:57+00:00,19.516955,116.539233,9.67,161.57,24.17,28.04,18.72,66.63,1
2026-03-05 06:08:23+00:00,19.51593,116.539956,10.23,146.38,24.16,28.01,21.35,87.82,1
2026-03-05 06:08:46+00:00,19.514959,116.540501,10.32,152.12,24.16,27.99,20.44,80.05,1
2026-03-05 06:08:53+00:00,19.514649,116.540595,9.96,164.05,24.16,27.98,18.17,65.64,1
2026-03-05 06:09:09+00:00,19.513991,116.541008,10.33,149.39,24.16,27.96,20.62,86.26,1
2026-03-05 06:09:40+00:00,19.512679,116.541503,9.71,160.42,24.16,27.93,18.72,72.23,1
2026-03-05 06:10:08+00:00,19.511462,116.542125,10.43,154.28,24.16,27.9,19.83,78.09,1
2026-03-05 06:10:33+00:00,19.510506,116.542789,9.88,146.79,24.16,27.87,20.97,83.87,1
2026-03-05 06:10:57+00:00,19.509467,116.543379,10.61,151.84,24.15,27.84,20.41,80.05,1
2026-03-05 06:11:13+00:00,19.508843,116.543844,10.3,144.92,24.15,27.82,20.98,89.53,1
2026-03-05 06:11:56+00:00,19.506933,116.544341,9.89,166.22,24.15,27.77,17.88,62.52,1
2026-03-05 06:12:11+00:00,19.506311,116.544673,10.03,153.29,24.15,27.75,20.15,77.71,1
2026-03-05 06:12:34+00:00,19.505396,116.545399,10.74,143.21,24.15,27.73,21.86,89.29,1
2026-03-05 06:13:08+00:00,19.503847,116.546062,10.62,158.03,24.15,27.69,19.89,73.23,1
2026-03-05 06:13:54+00:00,19.501872,116.547231,10.63,150.84,24.15,27.64,20.48,83.32,1
2026-03-05 06:14:16+00:00,19.500846,116.54763,10.74,159.87,24.15,27.61,18.4,70.26,1
2026-03-05 06:14:30+00:00,19.500258,116.547744,9.23,169.64,24.14,27.59,17.77,58.53,1
2026-03-05 06:14:43+00:00,19.499709,116.547962,9.75,159.48,24.14,27.58,18.54,69.39,1
2026-03-05 06:14:51+00:00,19.499298,116.548232,13.06,148.23,24.14,27.57,20.76,91.77,1
2026-03-05 06:15:06+00:00,19.498778,116.548793,10.69,134.52,24.14,27.55,23.13,96.29,1
2026-03-05 06:15:42+00:00,19.497187,116.54962,10.64,153.9,24.14,27.52,20.06,79.25,1
2026-03-05 06:15:56+00:00,19.496591,116.55004,11.05,146.4,24.14,27.5,20.98,87.66,1
2026-03-05 06:16:34+00:00,19.494938,116.550625,9.91,161.55,24.14,27.46,18.62,68.25,1
2026-03-05 06:16:45+00:00,19.494466,116.550915,10.72,149.92,24.14,27.45,20.3,86.66,1
2026-03-05 06:17:04+00:00,19.493587,116.551053,10.11,171.58,24.14,27.43,17.53,56.57,1
2026-03-05 06:17:19+00:00,19.492914,116.551253,10.07,164.35,24.14,27.41,18.04,63.76,1
2026-03-05 06:17:30+00:00,19.492476,116.551575,10.47,145.28,24.14,27.4,21.9,86.39,1
2026-03-05 06:17:42+00:00,19.492051,116.552061,11.26,132.85,24.14,27.39,24.0,102.9,1
2026-03-05 06:17:58+00:00,19.491332,116.552433,10.81,154.0,24.13,27.37,19.84,82.09,1
2026-03-05 06:18:51+00:00,19.489043,116.553512,10.22,156.04,24.13,27.31,19.56,76.02,1
2026-03-05 06:18:56+00:00,19.488814,116.553541,9.97,173.19,24.13,27.3,16.95,54.89,1
2026-03-05 06:19:20+00:00,19.487707,116.553994,10.69,158.9,24.13,27.28,18.24,74.71,1
2026-03-05 06:19:35+00:00,19.486991,116.554293,11.09,158.51,24.13,27.26,162.72,-35.39,3
2026-03-05 06:19:39+00:00,19.486822,116.554423,11.28,144.05,24.13,27.26,21.8,87.17,1
2026-03-05 06:19:42+00:00,19.486683,116.554412,10.04,184.27,24.13,27.25,15.38,39.08,1
2026-03-05 06:19:57+00:00,19.486063,116.554779,10.23,150.84,24.13,27.23,19.92,83.13,1
2026-03-05 06:20:05+00:00,19.485661,116.554858,11.05,169.5,24.13,27.22,16.8,58.75,1
2026-03-05 06:20:50+00:00,19.483634,116.555642,10.36,159.97,24.13,27.17,19.22,69.42,1
2026-03-05 06:21:24+00:00,19.482166,116.55646,10.54,152.29,24.13,27.13,20.39,78.66,1
2026-03-05 06:21:34+00:00,19.48176,116.556747,10.55,146.32,24.13,27.12,21.08,85.21,1
2026-03-05 06:21:59+00:00,19.480676,116.557329,10.5,153.15,24.13,27.09,20.14,78.3,1
2026-03-05 06:22:06+00:00,19.480365,116.557564,11.79,144.53,24.13,27.09,21.31,92.27,1
2026-03-05 06:22:19+00:00,19.479783,116.5577,9.91,167.58,24.13,27.07,17.14,62.15,1
2026-03-05 06:22:39+00:00,19.478956,116.558007,9.47,160.71,24.13,27.04,18.6,69.77,1
2026-03-05 06:22:55+00:00,19.478241,116.558446,11.16,149.94,24.13,27.03,20.82,82.83,1
2026-03-05 06:23:18+00:00,19.477279,116.559136,10.91,145.93,24.13,27.0,21.05,86.25,1
2026-03-05 06:23:30+00:00,19.476771,116.559374,10.0,156.17,24.13,26.99,19.35,76.97,1
2026-03-05 06:23:54+00:00,19.475739,116.559617,9.52,167.48,24.13,26.96,17.75,60.6,1
2026-03-05 06:24:23+00:00,19.474455,116.560139,10.25,159.03,24.13,26.92,19.43,71.83,1
2026-03-05 06:24:50+00:00,19.473392,116.560829,9.98,148.53,24.13,26.89,21.2,83.5,1
2026-03-05 06:24:57+00:00,19.473155,116.56108,10.34,135.04,24.13,26.88,23.77,96.95,1
2026-03-05 06:25:15+00:00,19.472266,116.56151,11.73,155.49,24.13,26.86,19.09,81.03,1
2026-03-05 06:25:31+00:00,19.471616,116.561963,10.51,146.69,24.13,26.84,21.07,85.22,1
2026-03-05 06:26:12+00:00,19.469771,116.562647,10.3,160.73,24.13,26.79,18.07,70.19,1
2026-03-05 06:26:26+00:00,19.469237,116.563075,10.33,142.92,24.13,26.77,22.1,86.18,1
2026-03-05 06:27:07+00:00,19.467493,116.564045,10.38,152.33,24.13,26.72,19.61,78.03,1
2026-03-05 06:27:26+00:00,19.466709,116.564248,9.18,166.28,24.13,26.69,18.21,58.21,1
2026-03-05 06:27:41+00:00,19.466138,116.564667,10.01,145.32,24.13,26.68,20.9,85.03,1
2026-03-05 06:28:05+00:00,19.465128,116.565227,10.26,152.4,24.13,26.64,19.78,77.06,1
2026-03-05 06:28:47+00:00,19.463471,116.566538,10.64,143.28,24.13,26.59,21.31,88.41,1
2026-03-05 06:29:22+00:00,19.461947,116.566893,9.64,167.61,24.13,26.55,17.52,55.91,1
2026-03-05 06:29:39+00:00,19.461148,116.567281,11.17,155.4,24.13,26.52,19.04,79.16,1
2026-03-05 06:29:55+00:00,19.460644,116.567971,11.12,127.76,24.13,26.5,24.35,104.98,1
2026-03-05 06:30:04+00:00,19.460265,116.568121,9.72,159.54,24.13,26.49,19.13,65.63,1
2026-03-05 06:30:15+00:00,19.459781,116.568211,9.66,170.06,24.13,26.48,17.0,54.06,1
2026-03-05 06:30:25+00:00,19.459371,116.568443,10.04,151.92,24.13,26.46,20.12,79.3,1
2026-03-05 06:30:49+00:00,19.458465,116.569207,10.42,141.51,24.13,26.43,22.22,89.43,1
2026-03-05 06:30:59+00:00,19.458185,116.569634,10.6,124.82,24.13,26.42,24.75,105.12,1
2026-03-05 06:31:07+00:00,19.457882,116.569843,9.77,146.96,24.13,26.41,20.72,82.99,1
2026-03-05 06:31:35+00:00,19.456609,116.570163,10.1,166.67,24.13,26.37,17.52,61.92,1
2026-03-05 06:31:54+00:00,19.455824,116.570623,10.2,151.08,24.13,26.35,20.5,76.99,1
2026-03-05 06:32:16+00:00,19.454887,116.570882,9.51,165.39,24.13,26.32,18.11,62.22,1
2026-03-05 06:32:28+00:00,19.454458,116.57129,10.38,138.12,24.13,26.3,22.29,92.01,1
2026-03-05 06:32:44+00:00,19.453998,116.571977,10.73,125.38,24.13,26.28,24.96,106.15,1
2026-03-05 06:32:59+00:00,19.453454,116.57258,11.34,133.73,24.13,26.26,23.05,100.01,1
2026-03-05 06:33:08+00:00,19.453082,116.572833,10.61,147.33,24.13,26.25,20.95,83.85,1
2026-03-05 06:33:13+00:00,19.4529,116.573051,11.87,131.52,24.13,26.25,24.05,101.27,1
2026-03-05 06:33:45+00:00,19.451532,116.573805,10.41,152.54,24.13,26.2,19.73,78.13,1
2026-03-05 06:34:10+00:00,19.450462,116.574355,10.28,154.14,24.13,26.17,20.11,79.75,1
2026-03-05 06:34:38+00:00,19.449276,116.57468,9.46,165.51,24.13,26.13,23.75,57.85,1
2026-03-05 06:35:16+00:00,19.447684,116.575391,9.83,157.16,24.13,26.07,19.42,75.03,1
2026-03-05 06:35:31+00:00,19.447105,116.5758,10.02,146.33,24.13,26.05,21.32,83.61,1
2026-03-05 06:36:15+00:00,19.44526,116.576891,10.38,150.86,24.13,25.99,19.9,80.28,1
2026-03-05 06:36:32+00:00,19.444585,116.577456,10.93,141.72,24.13,25.97,21.88,89.01,1
2026-03-05 06:36:40+00:00,19.444238,116.577665,10.78,150.41,24.13,25.96,19.48,80.25,1
2026-03-05 06:37:10+00:00,19.442892,116.578154,10.25,161.09,24.13,25.91,18.17,67.01,1
2026-03-05 06:37:26+00:00,19.442172,116.578507,10.72,155.19,24.13,25.89,19.22,74.16,1
2026-03-05 06:37:52+00:00,19.441088,116.579177,10.43,149.76,24.13,25.85,19.98,80.97,1
2026-03-05 06:38:11+00:00,19.440371,116.57972,10.02,144.47,24.13,25.83,20.96,85.01,1
2026-03-05 06:38:27+00:00,19.439697,116.580121,10.44,150.71,24.13,25.8,19.88,84.04,1
2026-03-05 06:38:58+00:00,19.438332,116.580656,10.15,159.72,24.13,25.76,18.67,66.85,1
2026-03-05 06:39:20+00:00,19.437398,116.581196,10.45,151.4,24.14,25.72,19.88,79.73,1
2026-03-05 06:39:40+00:00,19.436614,116.581859,10.84,141.43,24.14,25.7,21.07,91.44,1
2026-03-05 06:40:03+00:00,19.435587,116.582088,9.86,168.13,24.14,25.66,16.75,55.61,1
2026-03-05 06:40:30+00:00,19.434504,116.583007,11.1,141.33,24.14,25.62,21.92,93.04,1
2026-03-05 06:40:59+00:00,19.433378,116.58392,10.56,142.6,24.14,25.58,25.79,88.14,1
2026-03-05 06:41:57+00:00,19.430923,116.585227,10.24,153.34,24.14,25.49,19.05,71.52,1
2026-03-05 06:42:09+00:00,19.430479,116.585691,11.23,135.42,24.14,25.47,22.74,98.84,1
2026-03-05 06:42:35+00:00,19.429418,116.586399,10.42,147.82,24.14,25.44,20.38,80.76,1
2026-03-05 06:43:04+00:00,19.428234,116.586974,9.71,155.39,24.14,25.39,19.8,70.46,1
2026-03-05 06:43:20+00:00,19.427631,116.587454,10.19,143.1,24.14,25.37,21.27,88.57,1
2026-03-05 06:43:39+00:00,19.42682,116.58779,9.91,158.66,24.14,25.34,18.89,68.55,1
2026-03-05 06:43:59+00:00,19.426179,116.58847,9.8,134.99,24.14,25.31,22.83,96.04,1
2026-03-05 06:44:09+00:00,19.425893,116.588904,10.79,124.94,24.14,25.29,24.1,108.25,1
2026-03-05 06:44:16+00:00,19.425607,116.589095,10.44,147.8,24.14,25.28,20.74,81.6,1
2026-03-05 06:45:25+00:00,19.422688,116.590418,9.94,156.86,24.14,25.17,19.1,72.87,1
2026-03-05 06:45:53+00:00,19.421565,116.5911,9.99,150.2,24.14,25.13,20.29,77.38,1
2026-03-05 06:46:26+00:00,19.420151,116.591628,9.82,160.6,24.14,25.08,19.64,70.82,1
2026-03-05 06:46:31+00:00,19.419943,116.591853,12.85,134.43,24.14,25.07,22.66,100.62,1
2026-03-05 06:46:50+00:00,19.419137,116.592373,10.73,148.68,24.14,25.04,20.79,84.57,1
2026-03-05 06:47:24+00:00,19.417671,116.593137,10.38,153.83,24.14,24.98,19.31,77.49,1
2026-03-05 06:47:31+00:00,19.417368,116.593363,11.44,144.88,24.14,24.97,21.02,89.0,1
2026-03-05 06:47:47+00:00,19.416697,116.593712,10.1,153.87,24.14,24.95,19.44,73.55,1
2026-03-05 06:48:06+00:00,19.415882,116.593991,9.74,162.11,24.14,24.92,18.11,63.79,1
2026-03-05 06:48:28+00:00,19.414969,116.594731,11.29,142.6,24.14,24.88,21.2,85.85,1
2026-03-05 06:48:47+00:00,19.414147,116.595148,10.37,154.43,24.14,24.85,19.37,75.36,1
2026-03-05 06:49:01+00:00,19.413562,116.595557,10.82,146.6,24.14,24.83,20.16,85.43,1
2026-03-05 06:49:21+00:00,19.41268,116.595868,10.05,161.6,24.14,24.79,18.39,65.69,1
2026-03-05 06:49:49+00:00,19.411612,116.596536,9.57,149.46,24.14,24.75,20.16,72.16,1
2026-03-05 06:50:03+00:00,19.411063,116.596931,10.24,145.84,24.14,24.72,20.45,81.3,1
2026-03-05 06:50:17+00:00,19.410565,116.597425,10.53,136.91,24.14,24.7,22.26,92.1,1
2026-03-05 06:50:52+00:00,19.409179,116.598454,10.45,145.0,24.14,24.64,21.29,85.78,1
2026-03-05 06:51:10+00:00,19.408421,116.598773,9.79,158.35,24.14,24.61,18.6,69.0,1
2026-03-05 06:51:30+00:00,19.407658,116.599321,9.96,145.89,24.15,24.58,20.9,82.52,1
2026-03-05 06:52:08+00:00,19.406151,116.600126,9.6,153.26,24.15,24.52,19.4,74.96,1
2026-03-05 06:52:30+00:00,19.405291,116.600867,10.89,140.9,24.15,24.48,21.85,88.33,1
2026-03-05 06:52:43+00:00,19.404762,116.6012,10.23,149.3,24.15,24.46,20.34,81.02,1
2026-03-05 06:53:04+00:00,19.403822,116.601642,10.58,156.08,24.15,24.42,19.4,74.09,1
2026-03-05 06:53:26+00:00,19.402914,116.601826,9.08,169.18,24.15,24.38,17.47,53.34,1
2026-03-05 06:53:45+00:00,19.402187,116.60229,9.65,148.95,24.15,24.35,20.49,78.09,1
2026-03-05 06:54:10+00:00,19.401118,116.602767,10.03,157.18,24.15,24.31,18.85,73.78,1
2026-03-05 06:54:24+00:00,19.400657,116.60325,10.01,135.34,24.15,24.29,22.96,94.37,1
2026-03-05 06:54:29+00:00,19.400429,116.603316,10.22,164.73,24.15,24.28,17.31,59.4,1
2026-03-05 06:54:46+00:00,19.399779,116.603752,9.78,147.68,24.15,24.25,20.68,80.57,1
2026-03-05 06:54:55+00:00,19.399387,116.603906,10.04,159.67,24.15,24.23,18.34,68.58,1
2026-03-05 06:55:21+00:00,19.398321,116.604718,10.91,144.3,24.15,24.19,20.91,85.52,1
2026-03-05 06:55:58+00:00,19.39675,116.605595,10.37,152.23,24.15,24.12,19.56,78.76,1
2026-03-05 06:56:06+00:00,19.396398,116.605725,10.07,160.79,24.15,24.11,18.26,66.4,1
2026-03-05 06:56:27+00:00,19.395536,116.606408,11.08,143.23,24.15,24.07,21.07,83.44,1
2026-03-05 06:56:36+00:00,19.395114,116.606602,11.05,156.56,24.15,24.05,18.63,74.11,1
2026-03-05 06:56:47+00:00,19.394758,116.607017,10.4,132.28,24.15,24.04,23.59,96.23,1
2026-03-05 06:57:12+00:00,19.393733,116.607457,9.56,157.96,24.15,23.99,19.11,68.56,1
2026-03-05 06:57:37+00:00,19.392777,116.607959,9.22,153.65,24.15,23.95,19.85,73.42,1
2026-03-05 06:57:57+00:00,19.391945,116.608469,10.39,149.96,24.15,23.91,19.76,79.3,1
2026-03-05 06:58:13+00:00,19.39136,116.608944,9.95,142.55,24.15,23.88,20.99,88.92,1
2026-03-05 06:58:25+00:00,19.390875,116.609226,9.96,151.26,24.15,23.86,20.05,75.86,1
2026-03-05 06:58:31+00:00,19.390658,116.609444,10.77,136.54,24.16,23.85,22.6,94.98,1
2026-03-05 06:58:57+00:00,19.389445,116.610044,11.13,154.99,24.16,23.8,19.24,76.88,1
2026-03-05 06:59:14+00:00,19.388788,116.610571,10.48,142.89,24.16,23.77,96.56,-128.91,3
2026-03-05 06:59:51+00:00,19.387246,116.611462,10.26,151.41,24.16,23.71,19.57,78.27,1
2026-03-05 07:00:10+00:00,19.38651,116.611962,9.94,147.35,24.16,23.68,19.91,79.09,1
2026-03-05 07:00:50+00:00,19.384866,116.612748,9.75,155.72,24.16,23.66,18.94,69.41,1
2026-03-05 07:01:01+00:00,19.384487,116.613067,9.51,141.55,24.16,23.66,21.72,82.57,1
2026-03-05 07:01:09+00:00,19.38414,116.613253,10.51,153.18,24.16,23.65,19.12,75.84,1
2026-03-05 07:01:28+00:00,19.383291,116.613535,10.12,162.6,24.16,23.64,18.0,63.59,1
2026-03-05 07:01:33+00:00,19.383042,116.613668,12.05,153.26,24.16,23.64,18.85,82.14,1
2026-03-05 07:01:54+00:00,19.382216,116.614336,10.69,142.66,24.16,23.62,21.25,88.78,1
2026-03-05 07:02:23+00:00,19.381011,116.614932,9.91,154.99,24.16,23.61,18.77,70.95,1
2026-03-05 07:02:31+00:00,19.380687,116.615153,10.41,147.24,24.16,23.6,20.36,79.23,1
2026-03-05 07:02:58+00:00,19.379597,116.615654,9.51,156.56,24.16,23.59,18.1,69.38,1
2026-03-05 07:03:12+00:00,19.379042,116.616066,10.46,145.0,24.16,23.58,20.67,86.31,1
2026-03-05 07:03:26+00:00,19.378437,116.616343,10.17,156.64,24.16,23.57,18.26,71.8,1
2026-03-05 07:03:43+00:00,19.377755,116.616827,10.44,146.2,24.16,23.56,20.87,84.9,1
2026-03-05 07:03:57+00:00,19.377246,116.617304,10.49,138.52,24.16,23.55,22.14,90.33,1
2026-03-05 07:04:09+00:00,19.376709,116.617446,9.97,165.99,24.16,23.54,17.5,57.11,1
2026-03-05 07:04:57+00:00,19.374895,116.61835,9.03,154.82,24.16,23.52,19.88,67.65,1
2026-03-05 07:05:29+00:00,19.373705,116.619284,10.0,143.48,24.16,23.5,20.75,84.23,1
2026-03-05 07:05:46+00:00,19.373002,116.619703,10.25,150.65,24.16,23.49,20.26,77.13,1
2026-03-05 07:06:02+00:00,19.372344,116.619999,9.66,157.0,24.16,23.48,19.14,68.68,1
2026-03-05 07:06:19+00:00,19.371708,116.620512,10.16,142.73,24.16,23.47,21.07,85.26,1
2026-03-05 07:06:39+00:00,19.370865,116.620887,9.88,157.23,24.16,23.46,19.08,68.33,1
2026-03-05 07:07:16+00:00,19.369345,116.621827,10.28,149.74,24.16,23.43,19.55,76.76,1
2026-03-05 07:07:34+00:00,19.368584,116.622114,9.7,160.41,24.16,23.42,18.06,66.07,1
2026-03-05 07:07:40+00:00,19.368372,116.622265,9.2,146.1,24.17,23.42,20.52,79.44,1
2026-03-05 07:07:59+00:00,19.367567,116.622588,9.79,159.27,24.17,23.4,18.29,65.49,1
2026-03-05 07:08:23+00:00,19.366671,116.623451,10.9,137.74,24.17,23.39,21.72,90.95,1
2026-03-05 07:08:39+00:00,19.365978,116.623748,10.1,157.99,24.17,23.38,18.89,65.56,1
2026-03-05 07:08:58+00:00,19.365273,116.624355,10.33,140.91,24.17,23.37,21.37,90.36,1
2026-03-05 07:09:11+00:00,19.364695,116.624648,10.65,154.44,24.17,23.36,19.06,75.09,1
2026-03-05 07:09:18+00:00,19.364324,116.62476,11.91,164.1,24.17,23.35,16.56,62.77,1
2026-03-05 07:09:32+00:00,19.363821,116.624541,8.4,202.33,24.17,23.34,15.23,3.08,1
2026-03-05 07:09:36+00:00,19.363675,116.62458,8.14,165.86,24.17,23.34,18.47,54.95,1
2026-03-05 07:09:49+00:00,19.363303,116.625074,9.91,128.6,24.17,23.33,23.01,98.91,1
2026-03-05 07:09:57+00:00,19.362981,116.625211,9.37,158.13,24.17,23.33,18.76,69.14,1
2026-03-05 07:10:03+00:00,19.362748,116.62546,11.92,134.77,24.17,23.33,22.3,98.24,1
2026-03-05 07:10:21+00:00,19.362061,116.625916,9.73,147.94,24.17,23.31,21.22,75.79,1
2026-03-05 07:10:29+00:00,19.361699,116.626076,10.6,157.36,24.17,23.31,19.89,71.06,1
2026-03-05 07:11:01+00:00,19.360448,116.627168,10.95,140.53,24.17,23.29,26.01,90.18,1
2026-03-05 07:11:11+00:00,19.360061,116.627385,9.46,152.12,24.17,23.28,25.58,71.96,1
2026-03-05 07:11:34+00:00,19.359182,116.628259,11.33,136.83,24.17,23.27,25.2,95.44,1
2026-03-05 07:11:51+00:00,19.358745,116.629016,10.65,121.46,24.17,23.26,26.62,103.41,1
2026-03-05 07:12:05+00:00,19.358196,116.629498,11.01,140.36,24.17,23.25,21.59,91.95,1
2026-03-05 07:12:28+00:00,19.357359,116.630325,10.75,137.01,24.17,23.23,22.22,90.85,1
2026-03-05 07:12:41+00:00,19.356776,116.630556,10.35,159.5,24.17,23.22,18.54,64.95,1
2026-03-05 07:12:59+00:00,19.356059,116.630997,9.95,149.87,24.17,23.21,20.12,76.77,1
2026-03-05 07:13:07+00:00,19.355757,116.6313,11.24,136.57,24.17,23.21,22.34,95.12,1
2026-03-05 07:13:19+00:00,19.355273,116.631508,9.41,157.93,24.17,23.2,18.28,66.44,1
2026-03-05 07:13:42+00:00,19.354246,116.632187,11.38,148.04,24.17,23.18,19.69,81.5,1
2026-03-05 07:13:50+00:00,19.353904,116.632298,9.66,162.97,24.17,23.18,17.88,59.57,1
2026-03-05 07:14:07+00:00,19.353178,116.632752,10.72,149.46,24.17,23.16,19.84,77.29,1
2026-03-05 07:14:26+00:00,19.35242,116.633253,10.16,148.05,24.17,23.15,19.82,79.07,1
2026-03-05 07:14:32+00:00,19.352178,116.633455,11.1,141.78,24.17,23.15,21.95,90.84,1
2026-03-05 07:15:24+00:00,19.350126,116.634435,9.36,155.74,24.17,23.11,19.57,68.46,1
2026-03-05 07:15:57+00:00,19.348737,116.635465,11.1,145.02,24.17,23.08,20.76,87.03,1
2026-03-05 07:16:15+00:00,19.348017,116.636086,11.15,140.86,24.17,23.07,21.41,92.58,1
2026-03-05 07:16:48+00:00,19.346533,116.636715,10.47,158.2,24.17,23.05,18.24,67.45,1
2026-03-05 07:16:58+00:00,19.346131,116.63704,10.93,142.66,24.17,23.04,20.75,86.85,1
2026-03-05 07:17:21+00:00,19.345105,116.637503,10.48,156.94,24.17,23.02,18.54,74.49,1
2026-03-05 07:17:32+00:00,19.344633,116.637814,10.92,148.13,24.17,23.01,20.08,84.3,1
2026-03-05 07:17:45+00:00,19.344061,116.638075,10.35,156.71,24.17,23.0,18.22,66.69,1
2026-03-05 07:17:59+00:00,19.343498,116.63855,11.11,141.48,24.17,22.99,21.35,89.64,1
2026-03-05 07:18:33+00:00,19.342035,116.639275,10.27,154.94,24.17,22.97,18.87,71.83,1
2026-03-05 07:18:45+00:00,19.341547,116.639599,10.37,147.93,24.18,22.96,19.54,81.67,1
2026-03-05 07:18:53+00:00,19.341194,116.639682,9.77,167.49,24.18,22.95,16.92,53.23,1
2026-03-05 07:19:03+00:00,19.340811,116.639929,9.69,148.68,24.18,22.94,19.99,75.6,1
2026-03-05 07:19:18+00:00,19.340294,116.640457,10.35,136.06,24.18,22.93,22.82,90.84,1
2026-03-05 07:19:35+00:00,19.339562,116.640911,10.78,149.66,24.18,22.92,19.89,78.1,1
2026-03-05 07:19:52+00:00,19.338859,116.641226,9.7,157.08,24.18,22.91,18.35,69.24,1
2026-03-05 07:19:56+00:00,19.338617,116.641273,13.29,169.62,24.18,22.9,15.11,60.11,1
2026-03-05 07:20:12+00:00,19.337918,116.641656,10.63,152.66,24.18,22.89,18.74,74.17,1
2026-03-05 07:20:23+00:00,19.337427,116.641799,10.01,164.63,24.18,22.88,17.78,55.45,1
2026-03-05 07:20:41+00:00,19.336744,116.642438,10.94,138.56,24.18,22.87,21.65,93.22,1
2026-03-05 07:21:06+00:00,19.335655,116.642742,9.74,165.24,24.18,22.85,17.48,59.99,1
2026-03-05 07:21:21+00:00,19.334974,116.643069,10.77,155.63,24.18,22.84,19.02,71.68,1
2026-03-05 07:21:44+00:00,19.334059,116.643649,10.02,149.11,24.18,22.82,19.57,76.98,1
2026-03-05 07:22:44+00:00,19.33184,116.645473,10.12,142.2,24.18,22.77,20.71,86.12,1
2026-03-05 07:23:13+00:00,19.33082,116.646535,10.66,135.51,24.18,22.75,22.16,96.3,1
2026-03-05 07:23:31+00:00,19.330123,116.647075,10.37,143.83,24.18,22.73,21.13,84.97,1
2026-03-05 07:23:43+00:00,19.329693,116.647532,10.97,134.92,24.18,22.73,22.01,93.29,1
2026-03-05 07:24:00+00:00,19.329034,116.648028,10.28,144.62,24.18,22.71,19.83,79.81,1
2026-03-05 07:24:28+00:00,19.32783,116.648738,10.64,150.91,24.18,22.69,19.35,74.95,1
2026-03-05 07:24:48+00:00,19.326948,116.649159,10.45,155.75,24.18,22.67,18.84,71.2,1
2026-03-05 07:25:08+00:00,19.326099,116.649712,10.77,148.42,24.18,22.65,20.27,78.96,1
2026-03-05 07:25:36+00:00,19.32495,116.65009,9.29,162.75,24.18,22.63,17.93,59.51,1
2026-03-05 07:25:51+00:00,19.324359,116.650188,8.62,171.11,24.18,22.62,17.3,45.39,1
2026-03-05 07:26:11+00:00,19.323522,116.650568,9.84,156.81,24.18,22.6,19.05,65.84,1
2026-03-05 07:26:28+00:00,19.322812,116.651026,10.57,148.67,24.18,22.59,19.33,77.0,1
2026-03-05 07:26:49+00:00,19.321997,116.651706,10.68,141.78,24.18,22.57,21.02,90.07,1
2026-03-05 07:27:20+00:00,19.321152,116.652953,10.1,125.68,24.18,22.55,28.03,102.84,1
2026-03-05 07:27:34+00:00,19.320624,116.653428,10.69,139.67,24.19,22.54,27.12,92.56,1
2026-03-05 07:27:58+00:00,19.319929,116.654352,10.04,128.56,24.19,22.52,23.33,99.31,1
2026-03-05 07:28:18+00:00,19.319208,116.654959,9.95,141.53,24.19,22.5,21.23,84.31,1
2026-03-05 07:28:53+00:00,19.318133,116.656332,10.4,129.68,24.19,22.47,22.58,100.63,1
2026-03-05 07:29:12+00:00,19.317495,116.657085,10.86,131.92,24.19,22.46,22.78,96.95,1
2026-03-05 07:29:23+00:00,19.317075,116.657499,11.27,137.07,24.19,22.45,22.16,93.55,1
2026-03-05 07:29:27+00:00,19.31689,116.657549,10.32,165.69,24.19,22.44,16.78,57.86,1
2026-03-05 07:29:38+00:00,19.316479,116.657836,9.67,146.62,24.19,22.44,20.41,73.03,1
2026-03-05 07:29:57+00:00,19.315725,116.658215,9.49,154.62,24.19,22.42,19.28,72.55,1
2026-03-05 07:30:15+00:00,19.314998,116.658814,11.06,142.13,24.19,22.4,20.92,88.43,1
2026-03-05 07:30:29+00:00,19.314478,116.659359,11.29,135.31,24.19,22.39,22.41,95.46,1
2026-03-05 07:31:17+00:00,19.312977,116.661224,10.42,130.46,24.19,22.35,22.88,97.06,1
2026-03-05 07:32:10+00:00,19.310942,116.662845,10.38,143.07,24.19,22.3,20.82,84.86,1
2026-03-05 07:32:33+00:00,19.310095,116.663695,10.96,136.56,24.19,22.28,22.26,91.45,1
2026-03-05 07:32:57+00:00,19.309272,116.664645,10.96,132.55,24.19,22.26,22.88,97.7,1
2026-03-05 07:34:05+00:00,19.306752,116.666853,10.39,140.41,24.19,22.2,,,0
2026-03-05 07:34:36+00:00,19.3057,116.667994,10.5,134.33,24.19,22.17,22.51,93.87,1
2026-03-05 07:35:06+00:00,19.304602,116.668945,10.22,140.74,24.19,22.14,21.5,87.46,1
2026-03-05 07:35:15+00:00,19.304409,116.669318,9.64,118.73,24.19,22.14,24.38,105.54,1
2026-03-05 07:35:28+00:00,19.303976,116.669806,10.51,133.23,24.19,22.12,22.99,95.29,1
2026-03-05 07:35:53+00:00,19.303047,116.670581,10.22,141.79,24.19,22.1,20.99,83.23,1
2026-03-05 07:36:22+00:00,19.302004,116.671687,11.0,134.98,24.19,22.07,22.47,92.13,1
2026-03-05 07:36:46+00:00,19.301176,116.672455,9.91,138.8,24.19,22.05,21.99,87.88,1
2026-03-05 07:37:16+00:00,19.299944,116.673259,10.42,148.37,24.19,22.02,19.46,80.0,1
2026-03-05 07:37:44+00:00,19.298926,116.674175,10.31,139.66,24.19,21.99,21.24,83.78,1
2026-03-05 07:38:02+00:00,19.298332,116.674856,10.51,132.74,24.2,21.98,22.62,95.92,1
2026-03-05 07:38:39+00:00,19.297349,116.676444,10.47,123.26,24.2,21.94,24.17,102.47,1
2026-03-05 07:39:00+00:00,19.296715,116.67728,10.42,128.78,24.2,21.92,23.93,97.97,1
2026-03-05 07:39:17+00:00,19.296124,116.677915,10.7,134.6,24.2,21.91,22.11,90.83,1
2026-03-05 07:39:28+00:00,19.295807,116.678366,10.43,126.68,24.2,21.9,23.61,98.61,1
2026-03-05 07:39:50+00:00,19.295019,116.679059,10.06,140.31,24.2,21.87,21.39,88.01,1
2026-03-05 07:40:14+00:00,19.294183,116.679915,10.47,135.98,24.2,21.85,21.73,91.57,1
2026-03-05 07:40:45+00:00,19.293212,116.681133,10.49,130.19,24.2,21.82,23.03,96.35,1
2026-03-05 07:40:55+00:00,19.293005,116.681568,9.94,116.76,24.2,21.81,25.45,107.81,1
2026-03-05 07:41:13+00:00,19.292389,116.682193,10.24,136.24,24.2,21.79,21.93,91.57,1
2026-03-05 07:41:39+00:00,19.291634,116.683262,10.48,126.81,24.2,21.77,23.72,101.06,1
2026-03-05 07:41:54+00:00,19.291026,116.683686,10.49,146.65,24.2,21.75,19.97,80.26,1
2026-03-05 07:42:14+00:00,19.290286,116.684342,10.43,140.08,24.2,21.73,20.87,89.33,1
2026-03-05 07:42:29+00:00,19.289801,116.684882,10.14,133.58,24.2,21.72,22.59,94.81,1
2026-03-05 07:42:51+00:00,19.288907,116.685602,11.03,142.76,24.2,21.69,21.31,86.81,1
2026-03-05 07:43:16+00:00,19.287777,116.686227,11.02,152.43,24.2,21.67,18.95,75.49,1
2026-03-05 07:43:30+00:00,19.287269,116.686618,9.69,144.0,24.2,21.65,20.77,82.27,1
2026-03-05 07:43:44+00:00,19.286862,116.687162,10.12,128.4,24.2,21.64,23.59,98.33,1
2026-03-05 07:44:01+00:00,19.286262,116.687783,10.66,135.67,24.2,21.62,21.74,94.2,1
2026-03-05 07:44:29+00:00,19.2852,116.688619,10.21,143.39,24.2,21.59,21.24,84.76,1
2026-03-05 07:44:37+00:00,19.28494,116.688928,10.56,131.72,24.2,21.58,22.89,93.56,1
2026-03-05 07:45:13+00:00,19.283599,116.690091,10.41,140.7,24.2,21.54,21.67,84.08,1
2026-03-05 07:45:35+00:00,19.28286,116.690878,10.29,134.85,24.2,21.52,22.02,90.42,1
2026-03-05 07:46:07+00:00,19.281582,116.691908,10.85,142.74,24.21,21.48,21.31,87.22,1
2026-03-05 07:46:23+00:00,19.281048,116.69253,10.72,132.29,24.21,21.47,22.96,92.19,1
2026-03-05 07:46:41+00:00,19.280452,116.693086,9.54,138.63,24.21,21.45,21.75,86.74,1
2026-03-05 07:47:15+00:00,19.279552,116.694542,10.44,123.22,24.21,21.41,24.39,103.77,1
2026-03-05 07:47:27+00:00,19.27915,116.694931,9.81,137.59,24.21,21.4,21.66,90.01,1
2026-03-05 07:47:52+00:00,19.278489,116.695971,10.23,123.95,24.21,21.37,24.5,102.22,1
2026-03-05 07:48:18+00:00,19.277598,116.696903,10.41,135.36,24.21,21.34,22.16,88.75,1
2026-03-05 07:48:38+00:00,19.276921,116.697794,11.67,128.83,24.21,21.32,22.91,98.83,1
2026-03-05 07:48:57+00:00,19.276259,116.698362,9.69,141.0,24.21,21.3,20.82,81.39,1
2026-03-05 07:49:53+00:00,19.274428,116.700465,10.42,132.69,24.21,21.24,22.53,92.91,1
2026-03-05 07:50:08+00:00,19.273865,116.700969,10.62,139.8,24.21,21.22,21.37,87.05,1
2026-03-05 07:50:28+00:00,19.273217,116.701752,10.62,131.24,24.21,21.2,22.85,93.51,1
2026-03-05 07:50:54+00:00,19.272318,116.702634,10.19,137.2,24.21,21.17,22.13,91.79,1
2026-03-05 07:51:37+00:00,19.270919,116.704342,10.73,130.95,24.21,21.12,22.33,93.66,1
2026-03-05 07:52:00+00:00,19.270051,116.705058,10.34,142.09,24.21,21.09,20.91,86.83,1
2026-03-05 07:52:30+00:00,19.269023,116.706091,10.21,136.51,24.21,21.06,21.32,91.85,1
2026-03-05 07:53:01+00:00,19.268107,116.70731,10.25,128.52,24.21,21.02,23.51,99.13,1
2026-03-05 07:53:10+00:00,19.267835,116.707613,9.48,133.56,24.21,21.01,22.34,89.11,1
2026-03-05 07:53:48+00:00,19.266394,116.708876,10.64,140.4,24.21,20.96,21.25,87.26,1
2026-03-05 07:54:48+00:00,19.264322,116.710904,10.16,137.26,24.21,20.89,21.44,85.88,1
2026-03-05 07:55:33+00:00,19.262494,116.712015,10.12,150.16,24.22,20.84,19.83,76.25,1
2026-03-05 07:55:58+00:00,19.261771,116.712932,9.75,129.87,24.22,20.81,23.28,94.45,1
2026-03-05 07:56:18+00:00,19.261015,116.713616,10.74,139.5,24.22,20.78,21.43,86.78,1
2026-03-05 07:56:35+00:00,19.260237,116.714028,11.06,153.44,24.22,20.76,18.55,70.8,1
2026-03-05 07:56:44+00:00,19.259838,116.71415,9.97,163.9,24.22,20.75,17.48,52.11,1
2026-03-05 07:57:09+00:00,19.258788,116.71409,9.09,183.09,24.22,20.72,15.59,25.59,1
2026-03-05 07:57:21+00:00,19.258324,116.714431,10.17,145.25,24.22,20.7,20.52,82.1,1
2026-03-05 07:57:33+00:00,19.257784,116.714602,10.15,163.36,24.22,20.69,17.78,57.4,1
2026-03-05 07:58:05+00:00,19.256325,116.714706,9.88,176.15,24.22,20.65,16.1,39.21,1
2026-03-05 07:58:20+00:00,19.255646,116.714843,9.96,169.22,24.22,20.63,16.34,51.0,1
2026-03-05 07:58:43+00:00,19.254623,116.715286,10.39,157.76,24.22,20.6,18.16,69.48,1
2026-03-05 07:58:51+00:00,19.254299,116.715515,10.52,146.29,24.23,20.59,19.61,82.25,1
2026-03-05 07:59:07+00:00,19.253569,116.715852,10.76,156.45,24.23,20.57,18.29,66.58,1
2026-03-05 07:59:44+00:00,19.251926,116.716297,9.91,165.66,24.23,20.52,123.43,104.24,3
2026-03-05 08:00:03+00:00,19.251057,116.716682,10.72,157.3,24.23,20.5,17.42,71.99,1
2026-03-05 08:00:41+00:00,19.249405,116.717467,10.3,155.84,24.23,20.51,18.04,72.4,1
2026-03-05 08:01:13+00:00,19.247971,116.717884,10.04,164.65,24.23,20.53,17.05,56.36,1
2026-03-05 08:01:36+00:00,19.247014,116.718315,9.77,156.97,24.23,20.55,18.34,62.49,1
2026-03-05 08:01:54+00:00,19.246109,116.718529,11.13,167.42,24.23,20.56,15.74,57.28,1
2026-03-05 08:01:58+00:00,19.245975,116.718632,8.95,144.03,24.23,20.56,20.81,77.46,1
2026-03-05 08:02:09+00:00,19.245476,116.718749,10.04,167.52,24.24,20.57,18.03,51.93,1
2026-03-05 08:02:28+00:00,19.244637,116.719067,10.14,160.31,24.24,20.58,21.97,63.72,1
2026-03-05 08:03:06+00:00,19.243062,116.719936,10.1,152.48,24.24,20.6,19.67,72.05,1
2026-03-05 08:03:33+00:00,19.241979,116.720478,9.59,154.71,24.24,20.62,19.18,64.95,1
2026-03-05 08:04:05+00:00,19.240613,116.720856,9.54,165.36,24.24,20.64,17.85,53.14,1
2026-03-05 08:04:29+00:00,19.239599,116.721417,10.3,152.42,24.24,20.66,18.86,73.41,1
2026-03-05 08:04:40+00:00,19.2392,116.72179,10.46,138.57,24.24,20.66,21.26,88.65,1
2026-03-05 08:04:55+00:00,19.238537,116.722103,10.46,155.98,24.24,20.67,18.49,68.86,1
2026-03-05 08:05:27+00:00,19.237278,116.722939,10.04,147.91,24.24,20.69,19.74,78.38,1
2026-03-05 08:05:41+00:00,19.236726,116.723192,9.29,156.6,24.25,20.7,18.68,63.56,1
2026-03-05 08:05:53+00:00,19.236157,116.72356,12.01,148.59,24.25,20.7,19.57,81.8,1
2026-03-05 08:07:11+00:00,19.232611,116.724999,10.52,159.04,24.25,20.75,17.25,58.09,1
2026-03-05 08:07:36+00:00,19.231596,116.7256,10.05,150.79,24.25,20.76,19.77,72.48,1
2026-03-05 08:07:53+00:00,19.230944,116.726105,10.27,143.82,24.25,20.77,20.56,83.26,1
2026-03-05 08:08:37+00:00,19.229235,116.727089,9.56,151.47,24.25,20.8,19.3,70.45,1
2026-03-05 08:08:53+00:00,19.228462,116.727224,10.58,170.64,24.25,20.8,15.98,48.64,1
2026-03-05 08:09:00+00:00,19.228176,116.727346,9.52,158.06,24.25,20.81,18.42,61.19,1
2026-03-05 08:09:18+00:00,19.227319,116.72749,10.42,170.98,24.25,20.82,15.55,50.66,1
2026-03-05 08:09:29+00:00,19.226842,116.727656,9.87,161.81,24.25,20.83,18.16,60.64,1
2026-03-05 08:09:51+00:00,19.225903,116.728165,10.36,152.9,24.26,20.84,18.96,73.56,1
2026-03-05 08:10:06+00:00,19.225345,116.728558,9.66,146.38,24.26,20.85,20.37,73.87,1
2026-03-05 08:10:22+00:00,19.224771,116.729142,10.75,136.15,24.26,20.85,22.22,90.69,1
2026-03-05 08:10:43+00:00,19.223894,116.729643,10.26,151.66,24.26,20.86,18.89,72.5,1
2026-03-05 08:11:12+00:00,19.22279,116.730498,10.19,143.82,24.26,20.88,20.72,81.06,1
2026-03-05 08:11:32+00:00,19.222117,116.731272,10.74,132.64,24.26,20.89,22.52,93.2,1
2026-03-05 08:11:52+00:00,19.221396,116.731842,9.72,143.26,24.26,20.9,21.01,80.26,1
2026-03-05 08:12:14+00:00,19.220972,116.732632,8.43,119.61,24.26,20.91,23.81,102.92,1
2026-03-05 08:12:37+00:00,19.220131,116.733492,10.99,136.0,24.26,20.92,,,0
2026-03-05 08:12:53+00:00,19.219353,116.733804,11.24,159.26,24.26,20.93,,,0
2026-03-05 08:13:07+00:00,19.218768,116.734225,10.92,145.8,24.26,20.94,,,0
2026-03-05 08:13:22+00:00,19.218145,116.734611,10.4,149.67,24.27,20.94,,,0
2026-03-05 08:13:30+00:00,19.217991,116.734925,9.03,117.45,24.27,20.95,,,0
2026-03-05 08:13:55+00:00,19.217671,116.735813,7.76,110.89,24.27,20.96,,,0
2026-03-05 08:14:07+00:00,19.217629,116.736178,6.25,96.95,24.27,20.97,,,0
2026-03-05 08:14:22+00:00,19.217394,116.736723,8.15,114.54,24.27,20.98,,,0
2026-03-05 08:14:32+00:00,19.217182,116.737129,9.47,118.94,24.27,20.99,,,0
2026-03-05 08:14:46+00:00,19.216791,116.737662,9.84,127.84,24.27,20.99,,,0
2026-03-05 08:14:58+00:00,19.216295,116.738024,10.85,145.43,24.27,21.0,,,0
2026-03-05 08:15:33+00:00,19.214791,116.738753,10.21,155.41,24.27,21.02,,,0
2026-03-05 08:15:55+00:00,19.213952,116.739372,10.05,145.14,24.27,21.03,,,0
2026-03-05 08:16:11+00:00,19.213219,116.739658,10.55,159.77,24.27,21.04,,,0
2026-03-05 08:16:18+00:00,19.212904,116.739892,11.88,144.95,24.27,21.04,,,0
2026-03-05 08:16:37+00:00,19.212062,116.740178,10.06,162.22,24.27,21.05,,,0
2026-03-05 08:16:47+00:00,19.211617,116.740437,10.98,151.21,24.27,21.05,19.53,77.2,1
2026-03-05 08:16:58+00:00,19.211128,116.74062,10.19,160.54,24.28,21.06,17.9,63.51,1
2026-03-05 08:17:45+00:00,19.208969,116.74113,10.17,167.42,24.28,21.08,16.6,54.3,1
2026-03-05 08:18:00+00:00,19.208412,116.741172,8.05,175.93,24.28,21.09,17.47,38.77,1
2026-03-05 08:18:24+00:00,19.207381,116.741459,9.6,165.27,24.28,21.1,17.29,56.86,1
2026-03-05 08:18:44+00:00,19.20652,116.741835,10.07,157.59,24.28,21.11,18.13,65.48,1
2026-03-05 08:19:07+00:00,19.205581,116.742466,10.45,147.6,24.28,21.12,19.58,79.75,1
2026-03-05 08:19:22+00:00,19.204987,116.742785,9.6,153.11,24.28,21.13,18.71,69.03,1
2026-03-05 08:19:37+00:00,19.20432,116.743002,10.05,162.92,24.28,21.14,17.41,57.16,1
2026-03-05 08:20:02+00:00,19.203282,116.743622,10.3,150.57,24.28,21.15,19.49,74.2,1
2026-03-05 08:20:10+00:00,19.202937,116.743715,9.62,165.72,24.28,21.15,17.34,54.02,1
2026-03-05 08:20:25+00:00,19.202306,116.743724,9.09,179.23,24.28,21.16,16.08,30.71,1
2026-03-05 08:20:31+00:00,19.20207,116.743825,9.17,157.99,24.28,21.17,18.4,64.52,1
2026-03-05 08:20:46+00:00,19.201422,116.743925,9.44,171.71,24.29,21.17,16.91,40.04,1
2026-03-05 08:21:05+00:00,19.2006,116.744249,9.98,159.58,24.29,21.18,17.69,68.52,1
2026-03-05 08:21:29+00:00,19.199671,116.744848,9.8,148.66,24.29,21.19,20.14,78.52,1
2026-03-05 08:22:08+00:00,19.198006,116.745606,10.04,156.74,24.29,21.21,18.21,66.3,1
2026-03-05 08:22:26+00:00,19.197203,116.745889,10.16,161.59,24.29,21.22,17.47,61.14,1
2026-03-05 08:22:43+00:00,19.196428,116.745983,9.92,173.47,24.29,21.23,15.75,44.95,1
2026-03-05 08:23:08+00:00,19.195285,116.746307,10.23,165.01,24.29,21.24,16.99,55.7,1
2026-03-05 08:23:21+00:00,19.194767,116.746659,10.23,147.31,24.29,21.24,20.35,78.68,1
2026-03-05 08:23:34+00:00,19.194377,116.74712,9.72,131.85,24.29,21.25,22.92,92.66,1
2026-03-05 08:24:12+00:00,19.192983,116.748231,9.92,143.03,24.29,21.27,21.15,81.91,1
2026-03-05 08:24:17+00:00,19.192779,116.748351,10.09,150.95,24.29,21.27,19.62,74.19,1
2026-03-05 08:24:21+00:00,19.192683,116.74847,7.99,130.5,24.29,21.27,22.61,87.33,1
2026-03-05 08:24:44+00:00,19.192468,116.749172,6.55,107.97,24.3,21.28,25.43,108.24,1
2026-03-05 08:24:59+00:00,19.19193,116.749601,9.7,143.02,24.3,21.29,20.66,81.87,1
2026-03-05 08:25:12+00:00,19.191312,116.749794,10.71,163.57,24.3,21.3,18.55,60.49,1
2026-03-05 08:25:44+00:00,19.189833,116.749921,10.02,175.36,24.3,21.31,19.16,41.52,1
2026-03-05 08:26:12+00:00,19.188576,116.750248,9.99,166.2,24.3,21.33,21.01,57.03,1
2026-03-05 08:26:37+00:00,19.187577,116.750965,10.43,145.87,24.3,21.35,22.17,79.83,1
2026-03-05 08:26:57+00:00,19.186764,116.751396,9.83,153.4,24.3,21.36,19.71,70.8,1
2026-03-05 08:27:09+00:00,19.186191,116.751612,10.96,160.4,24.3,21.37,17.44,67.7,1
2026-03-05 08:27:27+00:00,19.185433,116.752032,10.27,152.38,24.3,21.39,19.41,72.67,1
2026-03-05 08:27:57+00:00,19.184168,116.752443,9.53,162.94,24.3,21.41,18.54,58.3,1
2026-03-05 08:28:22+00:00,19.183183,116.753132,10.21,146.55,24.31,21.43,20.05,79.05,1
2026-03-05 08:28:29+00:00,19.182899,116.753209,9.05,165.64,24.31,21.43,17.31,55.6,1
2026-03-05 08:28:39+00:00,19.182477,116.753451,10.37,151.56,24.31,21.44,18.76,73.6,1
2026-03-05 08:28:53+00:00,19.181949,116.753803,9.63,147.8,24.31,21.45,20.37,78.86,1
2026-03-05 08:29:08+00:00,19.181421,116.754265,9.87,140.43,24.31,21.47,20.79,84.68,1
2026-03-05 08:29:40+00:00,19.180124,116.755069,10.15,149.65,24.31,21.49,19.61,73.99,1
2026-03-05 08:30:08+00:00,19.17907,116.755797,9.71,146.88,24.31,21.51,20.43,78.96,1
2026-03-05 08:30:27+00:00,19.178263,116.756116,9.8,159.53,24.31,21.53,18.3,62.45,1
2026-03-05 08:30:48+00:00,19.177414,116.756616,10.0,150.92,24.31,21.54,19.69,75.14,1
2026-03-05 08:31:29+00:00,19.175644,116.75732,9.97,159.41,24.31,21.57,18.27,58.27,1
2026-03-05 08:31:54+00:00,19.174623,116.757891,9.98,152.16,24.31,21.59,19.75,72.49,1
2026-03-05 08:32:09+00:00,19.173972,116.758135,9.95,160.51,24.32,21.6,17.76,61.43,1
2026-03-05 08:32:26+00:00,19.17328,116.758266,8.94,169.86,24.32,21.61,17.16,45.33,1
2026-03-05 08:32:46+00:00,19.17241,116.758629,10.11,158.49,24.32,21.62,18.07,64.21,1
2026-03-05 08:32:56+00:00,19.171963,116.758691,9.74,172.54,24.32,21.62,16.75,44.63,1
2026-03-05 08:33:12+00:00,19.171252,116.75893,10.08,162.39,24.32,21.63,17.97,60.26,1
2026-03-05 08:33:40+00:00,19.170083,116.759678,10.54,148.85,24.32,21.65,19.95,75.15,1
2026-03-05 08:34:08+00:00,19.168904,116.760246,10.0,155.53,24.32,21.67,19.18,69.29,1
2026-03-05 08:34:23+00:00,19.168465,116.760813,9.98,129.34,24.32,21.69,22.97,99.14,1
2026-03-05 08:34:57+00:00,19.167236,116.761879,10.1,140.67,24.32,21.72,21.85,86.06,1
2026-03-05 08:35:09+00:00,19.166731,116.762101,9.85,157.45,24.33,21.73,19.05,67.6,1
2026-03-05 08:35:38+00:00,19.165542,116.762805,10.15,150.78,24.33,21.75,19.81,76.89,1
2026-03-05 08:35:48+00:00,19.16503,116.763007,11.81,159.56,24.33,21.75,18.02,71.65,1
2026-03-05 08:35:57+00:00,19.164643,116.763073,9.41,170.85,24.33,21.76,16.46,51.22,1
2026-03-05 08:36:18+00:00,19.163732,116.763461,10.11,158.08,24.33,21.77,18.24,64.99,1
2026-03-05 08:36:27+00:00,19.16336,116.763697,10.42,149.07,24.33,21.78,19.61,75.96,1
2026-03-05 08:36:35+00:00,19.163107,116.763976,9.87,133.83,24.33,21.78,22.78,93.44,1
2026-03-05 08:37:01+00:00,19.162157,116.764744,9.94,142.63,24.33,21.8,20.73,84.5,1
2026-03-05 08:37:23+00:00,19.161282,116.765159,9.42,155.87,24.33,21.82,19.26,68.34,1
2026-03-05 08:37:42+00:00,19.160494,116.76564,10.35,150.03,24.33,21.83,20.1,79.97,1
2026-03-05 08:37:55+00:00,19.159938,116.765826,9.69,162.46,24.34,21.84,108.47,-167.22,3
2026-03-05 08:38:33+00:00,19.158347,116.766619,10.0,154.79,24.34,21.86,19.08,70.61,1
2026-03-05 08:38:48+00:00,19.157687,116.767029,11.03,149.6,24.34,21.87,19.34,76.69,1
2026-03-05 08:39:00+00:00,19.157265,116.767395,9.83,140.67,24.34,21.88,21.16,89.19,1
2026-03-05 08:39:31+00:00,19.155799,116.767912,10.77,161.58,24.34,21.9,17.94,63.03,1
2026-03-05 08:39:41+00:00,19.155378,116.767923,9.1,178.59,24.34,21.9,16.62,35.4,1
2026-03-05 08:39:59+00:00,19.154591,116.768113,9.69,167.15,24.34,21.91,17.27,52.71,1
2026-03-05 08:40:31+00:00,19.153194,116.768678,10.1,159.09,24.34,21.93,18.15,63.62,1
2026-03-05 08:40:48+00:00,19.152514,116.769032,9.63,153.81,24.34,21.94,18.69,68.49,1
2026-03-05 08:40:59+00:00,19.152043,116.769155,9.53,166.14,24.34,21.94,17.2,53.31,1
2026-03-05 08:41:10+00:00,19.151634,116.769427,9.49,147.86,24.35,21.95,20.86,73.62,1
2026-03-05 08:41:43+00:00,19.150211,116.769957,9.88,160.62,24.35,21.97,17.76,60.87,1
2026-03-05 08:42:02+00:00,19.149356,116.770221,10.13,163.74,24.35,21.98,17.61,63.07,1
2026-03-05 08:42:40+00:00,19.147718,116.771017,10.25,155.34,24.35,22.0,19.15,71.43,1
2026-03-05 08:43:07+00:00,19.146511,116.771218,9.78,171.06,24.35,22.01,16.36,50.29,1
2026-03-05 08:43:20+00:00,19.146017,116.771528,9.55,149.34,24.35,22.02,20.11,77.28,1
2026-03-05 08:43:36+00:00,19.145468,116.772015,9.68,140.04,24.35,22.03,159.84,109.55,3
2026-03-05 08:44:04+00:00,19.144284,116.772673,10.32,152.3,24.35,22.04,19.36,70.22,1
2026-03-05 08:44:33+00:00,19.143018,116.773128,9.96,161.25,24.35,22.06,18.89,59.53,1
2026-03-05 08:44:54+00:00,19.142092,116.77359,10.54,154.76,24.36,22.07,18.37,69.92,1
2026-03-05 08:45:01+00:00,19.141823,116.773808,10.46,142.56,24.36,22.07,21.39,83.9,1
2026-03-05 08:45:23+00:00,19.140957,116.77424,9.41,154.77,24.36,22.09,19.21,67.75,1
2026-03-05 08:45:35+00:00,19.140492,116.774385,8.73,163.59,24.36,22.09,18.58,54.84,1
2026-03-05 08:46:10+00:00,19.139047,116.775133,9.93,153.94,24.36,22.11,19.35,71.26,1
2026-03-05 08:46:29+00:00,19.138234,116.775331,9.49,167.04,24.36,22.12,17.25,53.34,1
2026-03-05 08:46:46+00:00,19.137573,116.775678,9.38,153.62,24.36,22.13,19.53,68.23,1
2026-03-05 08:46:59+00:00,19.137134,116.776068,9.53,139.99,24.36,22.14,21.06,80.73,1
2026-03-05 08:47:27+00:00,19.136397,116.777109,9.49,126.85,24.36,22.16,23.98,96.01,1
2026-03-05 08:47:50+00:00,19.135596,116.777746,9.42,143.08,24.37,22.18,21.22,80.47,1
2026-03-05 08:48:14+00:00,19.134582,116.77825,10.09,154.85,24.37,22.19,19.23,69.79,1
2026-03-05 08:48:38+00:00,19.133751,116.778909,9.35,143.16,24.37,22.21,21.46,79.08,1
2026-03-05 08:49:06+00:00,19.132767,116.779568,8.99,147.68,24.37,22.22,20.62,74.48,1
2026-03-05 08:49:33+00:00,19.131933,116.780423,9.29,135.92,24.37,22.24,22.37,86.48,1
2026-03-05 08:50:03+00:00,19.131176,116.781454,8.89,127.85,24.37,22.27,23.33,95.44,1
2026-03-05 08:50:43+00:00,19.129791,116.782722,9.9,139.14,24.37,22.3,21.56,84.93,1
2026-03-05 08:51:08+00:00,19.129113,116.783662,9.66,127.36,24.37,22.32,24.13,96.37,1
2026-03-05 08:51:27+00:00,19.128432,116.784232,9.88,141.66,24.37,22.33,21.78,81.84,1
2026-03-05 08:52:10+00:00,19.127084,116.785538,9.19,137.53,24.38,22.36,22.02,86.63,1
2026-03-05 08:52:47+00:00,19.125798,116.786564,9.41,142.99,24.38,22.39,21.21,80.12,1
2026-03-05 08:53:06+00:00,19.125231,116.787227,9.61,132.15,24.38,22.4,22.71,95.24,1
2026-03-05 08:54:18+00:00,19.122897,116.789549,9.62,136.77,24.38,22.45,22.57,89.72,1
2026-03-05 08:54:52+00:00,19.121875,116.790769,9.79,131.56,24.38,22.48,23.31,94.38,1
2026-03-05 08:55:12+00:00,19.121201,116.791394,9.68,138.78,24.38,22.49,22.47,85.49,1
2026-03-05 08:55:30+00:00,19.120741,116.792053,9.3,126.46,24.38,22.51,23.65,98.98,1
2026-03-05 08:55:40+00:00,19.120427,116.792387,9.62,134.86,24.38,22.51,22.44,92.28,1
2026-03-05 08:56:11+00:00,19.119346,116.793213,9.3,144.17,24.39,22.53,24.92,80.73,1
2026-03-05 08:56:24+00:00,19.118973,116.793628,9.0,133.57,24.39,22.54,25.26,93.83,1
2026-03-05 08:56:38+00:00,19.118447,116.794003,9.79,146.04,24.39,22.55,20.6,80.71,1
2026-03-05 08:57:06+00:00,19.117322,116.794628,9.81,152.3,24.39,22.56,19.36,74.68,1
2026-03-05 08:57:45+00:00,19.115687,116.79518,9.51,162.31,24.39,22.57,18.47,60.27,1
2026-03-05 08:58:21+00:00,19.114247,116.795949,9.68,153.23,24.39,22.59,19.74,72.83,1
2026-03-05 08:58:51+00:00,19.113016,116.796393,9.37,161.18,24.39,22.6,18.16,59.47,1
2026-03-05 08:59:12+00:00,19.112262,116.796918,9.29,146.66,24.39,22.61,21.09,76.89,1
2026-03-05 08:59:31+00:00,19.111676,116.79753,9.37,135.38,24.4,22.62,22.85,90.52,1
2026-03-05 08:59:35+00:00,19.111617,116.797686,8.58,111.81,24.4,22.63,26.02,110.78,1
2026-03-05 08:59:51+00:00,19.111089,116.798181,9.53,138.46,24.4,22.64,22.01,88.15,1
2026-03-05 09:00:15+00:00,19.110202,116.79882,9.66,145.76,24.4,22.68,20.93,82.07,1
2026-03-05 09:00:23+00:00,19.109872,116.798967,9.67,157.17,24.4,22.7,18.67,64.07,1
2026-03-05 09:00:43+00:00,19.109071,116.799158,8.87,167.3,24.4,22.74,17.93,50.17,1
2026-03-05 09:00:56+00:00,19.108581,116.799377,8.84,157.11,24.4,22.77,18.64,65.27,1
2026-03-05 09:01:40+00:00,19.106949,116.800481,9.51,147.41,24.4,22.88,20.83,76.43,1
2026-03-05 09:02:08+00:00,19.105797,116.801015,9.71,156.35,24.4,22.95,18.62,75.05,1
2026-03-05 09:02:57+00:00,19.10387,116.802045,9.52,153.2,24.41,23.07,20.12,72.62,1
2026-03-05 09:03:22+00:00,19.103015,116.8027,9.13,144.1,24.41,23.13,21.11,80.52,1
2026-03-05 09:03:51+00:00,19.101849,116.80319,9.35,158.34,24.41,23.19,18.9,64.17,1
2026-03-05 09:04:29+00:00,19.100327,116.803993,9.67,153.5,24.41,23.28,19.42,70.95,1
2026-03-05 09:04:41+00:00,19.099892,116.804314,9.55,145.11,24.41,23.31,203.81,174.08,3
2026-03-05 09:04:51+00:00,19.099596,116.804634,9.15,134.39,24.41,23.34,23.21,91.17,1
2026-03-05 09:04:58+00:00,19.099313,116.804773,9.63,155.1,24.42,23.36,18.64,69.11,1
2026-03-05 09:05:24+00:00,19.098414,116.805503,9.42,142.5,24.42,23.42,21.86,82.91,1
2026-03-05 09:05:44+00:00,19.097863,116.806193,9.23,130.2,24.42,23.47,23.59,98.06,1
2026-03-05 09:06:32+00:00,19.096212,116.807624,9.61,140.68,24.42,23.59,21.43,88.79,1
2026-03-05 09:07:13+00:00,19.094696,116.808695,9.61,146.27,24.42,23.69,20.56,80.74,1
2026-03-05 09:07:47+00:00,19.093462,116.809691,9.87,142.67,24.42,23.77,21.97,82.15,1
2026-03-05 09:08:25+00:00,19.092263,116.810955,9.63,135.11,24.43,23.87,22.5,93.03,1
2026-03-05 09:08:58+00:00,19.091318,116.812171,9.74,129.43,24.43,23.95,23.75,100.91,1
2026-03-05 09:09:16+00:00,19.090687,116.812746,10.0,139.27,24.43,24.0,24.68,91.63,1
2026-03-05 09:09:36+00:00,19.089969,116.813308,9.65,143.51,24.43,24.04,25.87,85.12,1
2026-03-05 09:09:52+00:00,19.089381,116.813592,8.73,155.47,24.43,24.08,22.3,70.8,1
2026-03-05 09:10:12+00:00,19.088642,116.81411,9.58,146.48,24.44,24.13,21.67,80.49,1
2026-03-05 09:10:48+00:00,19.087442,116.815173,9.4,140.07,24.44,24.21,21.72,87.98,1
2026-03-05 09:11:03+00:00,19.086997,116.815708,9.71,131.35,24.44,24.25,23.82,94.79,1
2026-03-05 09:11:13+00:00,19.086655,116.816001,9.51,141.01,24.44,24.27,22.2,86.7,1
2026-03-05 09:11:38+00:00,19.085693,116.816626,9.76,148.45,24.44,24.33,20.78,81.61,1
2026-03-05 09:12:12+00:00,19.084566,116.81767,9.52,138.8,24.44,24.41,22.38,87.35,1
2026-03-05 09:12:44+00:00,19.083298,116.818353,9.61,153.02,24.45,24.48,182.78,-26.31,3
2026-03-05 09:13:15+00:00,19.082211,116.819216,9.48,143.12,24.45,24.55,21.59,84.31,1
2026-03-05 09:13:31+00:00,19.081716,116.819765,9.69,133.65,24.45,24.59,22.82,93.76,1
2026-03-05 09:13:53+00:00,19.080925,116.82031,9.27,146.93,24.45,24.64,21.15,80.91,1
2026-03-05 09:14:26+00:00,19.080127,116.82144,8.73,126.77,24.45,24.72,24.82,97.72,1
2026-03-05 09:15:01+00:00,19.079023,116.822582,9.53,135.65,24.46,24.81,22.57,95.52,1
2026-03-05 09:15:19+00:00,19.078321,116.823046,9.94,148.01,24.46,24.85,20.65,77.88,1
2026-03-05 09:15:49+00:00,19.077052,116.823524,9.71,160.4,24.46,24.91,18.94,68.21,1
2026-03-05 09:16:16+00:00,19.07602,116.823746,8.43,168.51,24.46,24.96,106.21,-82.82,3
2026-03-05 09:16:41+00:00,19.075021,116.824114,9.15,160.8,24.47,25.01,18.72,60.22,1
2026-03-05 09:16:56+00:00,19.074502,116.824403,8.45,152.24,24.47,25.05,20.83,72.45,1
2026-03-05 09:17:16+00:00,19.073915,116.825032,9.03,134.64,24.47,25.09,23.77,91.58,1
2026-03-05 09:17:57+00:00,19.072554,116.826261,9.43,139.52,24.47,25.19,22.37,86.11,1
2026-03-05 09:18:08+00:00,19.072175,116.826553,9.21,143.94,24.47,25.21,21.34,79.86,1
2026-03-05 09:18:14+00:00,19.071915,116.826625,9.68,165.33,24.48,25.22,17.68,59.88,1
2026-03-05 09:18:54+00:00,19.070384,116.827482,9.36,152.12,24.48,25.31,20.38,76.79,1
2026-03-05 09:19:16+00:00,19.069643,116.828096,9.25,141.93,24.48,25.35,22.29,86.71,1
2026-03-05 09:19:44+00:00,19.068805,116.82896,9.03,135.74,24.48,25.42,23.11,91.43,1
2026-03-05 09:19:55+00:00,19.068431,116.829303,9.73,139.08,24.49,25.44,22.43,90.72,1
2026-03-05 09:20:13+00:00,19.067768,116.829804,9.78,144.47,24.49,25.48,21.34,84.39,1
2026-03-05 09:20:26+00:00,19.067374,116.830227,9.33,134.58,24.49,25.51,22.86,90.43,1
2026-03-05 09:20:39+00:00,19.066924,116.830598,9.49,142.07,24.49,25.54,22.21,83.35,1
2026-03-05 09:21:06+00:00,19.065867,116.831342,10.16,146.37,24.49,25.59,21.45,83.17,1
2026-03-05 09:21:14+00:00,19.065669,116.831543,7.41,136.19,24.5,25.61,22.5,86.7,1
2026-03-05 09:21:53+00:00,19.064588,116.832905,9.32,130.02,24.5,25.7,24.44,99.51,1
2026-03-05 09:22:09+00:00,19.064056,116.833392,9.5,139.13,24.5,25.74,22.66,90.94,1
2026-03-05 09:22:48+00:00,19.062921,116.834741,9.46,131.67,24.5,25.82,24.15,97.91,1
2026-03-05 09:23:28+00:00,19.061863,116.83614,9.15,128.66,24.51,25.92,23.79,98.34,1
2026-03-05 09:23:42+00:00,19.061403,116.836602,9.79,136.49,24.51,25.95,23.07,90.21,1
2026-03-05 09:24:09+00:00,19.060665,116.837574,9.43,128.77,24.51,26.01,30.37,100.36,1
2026-03-05 09:24:41+00:00,19.059901,116.838757,9.15,124.34,24.51,26.08,27.81,104.1,1
2026-03-05 09:25:35+00:00,19.058379,116.840649,9.4,130.4,24.51,26.2,24.54,93.33,1
2026-03-05 09:25:51+00:00,19.057881,116.841198,9.72,133.82,24.52,26.23,23.7,93.97,1
2026-03-05 09:26:12+00:00,19.057163,116.841776,9.29,142.73,24.52,26.28,21.94,84.35,1
2026-03-05 09:26:24+00:00,19.056789,116.842197,9.84,133.22,24.52,26.3,23.31,96.8,1
2026-03-05 09:26:31+00:00,19.056681,116.842443,7.92,114.91,24.52,26.32,26.32,107.55,1
2026-03-05 09:27:12+00:00,19.05549,116.843842,9.38,132.01,24.53,26.4,23.5,96.65,1
2026-03-05 09:27:36+00:00,19.054868,116.844728,9.39,126.6,24.53,26.46,25.16,101.45,1
2026-03-05 09:28:12+00:00,19.053931,116.845984,9.08,128.28,24.53,26.54,24.28,99.34,1
2026-03-05 09:28:36+00:00,19.053198,116.846777,9.44,134.36,24.53,26.58,23.92,93.34,1
2026-03-05 09:28:48+00:00,19.0529,116.847244,9.59,124.02,24.54,26.61,25.37,103.52,1
2026-03-05 09:29:14+00:00,19.052086,116.848113,9.61,134.74,24.54,26.66,23.37,92.74,1
2026-03-05 09:29:35+00:00,19.051331,116.848745,9.91,141.65,24.54,26.71,22.1,89.63,1
2026-03-05 09:30:00+00:00,19.050536,116.849531,9.41,136.94,24.55,26.76,22.96,93.48,1
2026-03-05 09:30:53+00:00,19.048966,116.851317,9.4,132.92,24.55,26.86,23.86,94.78,1
2026-03-05 09:31:13+00:00,19.048442,116.852048,9.37,127.17,24.55,26.91,24.69,104.73,1
2026-03-05 09:31:52+00:00,19.04759,116.853482,8.87,122.15,24.55,26.99,25.17,104.62,1
2026-03-05 09:32:13+00:00,19.047017,116.85425,9.52,128.28,24.56,27.03,24.49,104.17,1
2026-03-05 09:32:29+00:00,19.046502,116.854755,9.49,137.17,24.56,27.06,23.11,91.31,1
2026-03-05 09:32:50+00:00,19.045949,116.85555,9.6,126.35,24.56,27.11,24.26,99.09,1
2026-03-05 09:33:29+00:00,19.044751,116.856891,9.67,133.38,24.56,27.19,,,0
2026-03-05 09:33:32+00:00,19.044627,116.856962,10.16,151.58,24.57,27.19,,,0
2026-03-05 09:33:45+00:00,19.044285,116.857439,9.41,127.18,24.57,27.22,,,0
2026-03-05 09:33:52+00:00,19.044155,116.857717,9.05,116.32,24.57,27.23,,,0
2026-03-05 09:34:11+00:00,19.043671,116.858374,8.96,127.93,24.58,27.27,,,0
2026-03-05 09:34:30+00:00,19.043066,116.859029,9.85,134.34,24.58,27.31,23.24,95.41,1
2026-03-05 09:34:47+00:00,19.04244,116.859503,9.79,144.41,24.58,27.34,21.72,85.74,1
2026-03-05 09:35:01+00:00,19.041887,116.859804,9.6,152.77,24.58,27.36,21.15,78.64,1
2026-03-05 09:35:19+00:00,19.041236,116.860267,9.42,146.09,24.58,27.4,21.54,84.06,1
2026-03-05 09:35:55+00:00,19.039926,116.861315,9.86,142.9,24.59,27.46,22.27,89.41,1
2026-03-05 09:36:42+00:00,19.038006,116.862526,10.28,149.2,24.59,27.54,21.22,82.39,1
2026-03-05 09:37:13+00:00,19.036899,116.863549,10.25,138.86,24.59,27.6,23.0,92.64,1
2026-03-05 09:37:55+00:00,19.035338,116.864724,9.86,144.57,24.6,27.67,21.95,84.39,1
2026-03-05 09:38:07+00:00,19.034893,116.864946,8.86,154.75,24.6,27.69,20.16,72.37,1
2026-03-05 09:38:21+00:00,19.034391,116.865346,9.7,143.01,24.6,27.72,22.69,81.28,1
2026-03-05 09:39:03+00:00,19.032756,116.866362,9.76,149.57,24.6,27.79,21.7,80.12,1
2026-03-05 09:39:34+00:00,19.031497,116.867094,10.02,151.21,24.61,27.84,20.35,80.13,1
2026-03-05 09:39:41+00:00,19.031189,116.867212,10.11,160.09,24.61,27.85,19.01,71.69,1
2026-03-05 09:40:30+00:00,19.029266,116.868459,9.95,148.49,24.61,27.93,21.27,82.57,1
2026-03-05 09:40:36+00:00,19.029021,116.868556,9.42,159.48,24.62,27.94,19.39,70.17,1
2026-03-05 09:41:30+00:00,19.027091,116.870181,9.87,141.48,24.62,28.04,22.74,85.84,1
2026-03-05 09:41:51+00:00,19.026262,116.870658,9.71,151.46,24.62,28.07,24.39,79.32,1
2026-03-05 09:42:19+00:00,19.025221,116.871481,10.03,143.23,24.63,28.12,28.1,85.57,1
2026-03-05 09:42:43+00:00,19.024302,116.872075,9.7,148.57,24.63,28.16,22.12,80.15,1
2026-03-05 09:43:07+00:00,19.023236,116.872573,10.5,156.17,24.63,28.19,20.03,76.12,1
2026-03-05 09:43:40+00:00,19.022011,116.873506,9.89,144.24,24.64,28.25,22.47,90.2,1
2026-03-05 09:43:58+00:00,19.021267,116.873842,9.71,156.88,24.64,28.28,20.4,74.37,1
2026-03-05 09:44:21+00:00,19.020469,116.874503,9.53,141.94,24.64,28.32,22.41,89.15,1
2026-03-05 09:44:31+00:00,19.020079,116.874689,9.25,155.73,24.65,28.33,20.15,73.67,1
2026-03-05 09:45:01+00:00,19.019099,116.875667,9.71,136.67,24.65,28.38,23.51,93.39,1
2026-03-05 09:45:17+00:00,19.018494,116.876123,10.04,144.53,24.65,28.41,22.41,86.8,1
2026-03-05 09:45:33+00:00,19.018,116.876691,9.86,132.61,24.66,28.43,24.25,99.93,1
2026-03-05 09:45:57+00:00,19.017151,116.877397,9.73,141.83,24.66,28.47,22.17,87.11,1
2026-03-05 09:46:07+00:00,19.016875,116.87779,10.0,126.61,24.66,28.49,25.93,106.15,1
2026-03-05 09:46:22+00:00,19.016353,116.878267,9.94,139.18,24.66,28.52,25.5,92.29,1
2026-03-05 09:46:46+00:00,19.015394,116.878849,9.96,150.15,24.67,28.55,26.03,83.61,1
2026-03-05 09:47:26+00:00,19.013873,116.879633,9.14,154.02,24.67,28.61,22.52,77.56,1
2026-03-05 09:47:58+00:00,19.012615,116.88052,10.21,146.31,24.67,28.66,21.48,83.41,1
2026-03-05 09:48:16+00:00,19.011835,116.880798,9.88,161.38,24.68,28.69,19.54,68.16,1
2026-03-05 09:48:44+00:00,19.010705,116.881345,9.59,155.41,24.68,28.73,25.87,73.71,1
2026-03-05 09:48:56+00:00,19.01022,116.881659,10.24,148.53,24.68,28.75,29.22,81.0,1
2026-03-05 09:49:11+00:00,19.009671,116.882128,10.17,141.07,24.69,28.77,25.86,89.95,1
2026-03-05 09:49:23+00:00,19.009195,116.882374,9.54,153.96,24.69,28.79,20.87,81.83,1
2026-03-05 09:49:45+00:00,19.00837,116.882985,9.89,145.0,24.69,28.82,22.35,88.64,1
2026-03-05 09:50:44+00:00,19.006047,116.884509,10.01,148.19,24.69,28.91,21.7,88.37,1
2026-03-05 09:51:06+00:00,19.005279,116.885251,10.22,137.59,24.7,28.95,23.49,97.33,1
2026-03-05 09:51:37+00:00,19.004358,116.886313,9.5,132.53,24.7,28.99,24.43,97.32,1
2026-03-05 09:51:56+00:00,19.003746,116.886911,9.48,137.27,24.7,29.02,22.77,93.49,1
2026-03-05 09:52:25+00:00,19.002999,116.887972,9.32,126.67,24.71,29.07,25.43,105.06,1
2026-03-05 09:52:37+00:00,19.002621,116.888399,9.96,133.11,24.71,29.09,24.34,100.29,1
2026-03-05 09:53:09+00:00,19.001522,116.889328,9.5,141.37,24.71,29.14,22.81,89.23,1
2026-03-05 09:53:54+00:00,19.000162,116.890929,9.77,131.94,24.72,29.21,25.11,97.16,1
2026-03-05 09:54:39+00:00,18.998613,116.892282,9.65,140.45,24.72,29.27,22.86,98.36,1
2026-03-05 09:55:11+00:00,18.997252,116.892989,10.24,153.84,24.73,29.32,20.6,79.23,1
2026-03-05 09:55:21+00:00,18.996891,116.893272,9.71,143.45,24.73,29.33,23.17,88.35,1
2026-03-05 09:55:42+00:00,18.996047,116.893748,9.84,151.93,24.73,29.36,20.88,80.77,1
2026-03-05 09:56:03+00:00,18.995232,116.894357,10.27,144.76,24.74,29.39,22.19,88.67,1
2026-03-05 09:56:12+00:00,18.994852,116.894505,9.73,159.78,24.74,29.4,19.83,71.75,1
2026-03-05 09:56:24+00:00,18.994425,116.894864,9.83,141.52,24.74,29.41,23.18,93.86,1
2026-03-05 09:56:50+00:00,18.993394,116.895541,10.09,148.16,24.75,29.45,21.84,85.01,1
2026-03-05 09:57:11+00:00,18.992654,116.896188,9.88,140.42,24.75,29.48,22.75,90.24,1
2026-03-05 09:57:43+00:00,18.991396,116.897019,10.02,148.01,24.76,29.52,21.67,84.97,1
2026-03-05 09:58:12+00:00,18.990447,116.897982,9.8,136.18,24.76,29.56,23.7,95.61,1
2026-03-05 09:59:06+00:00,18.988586,116.899564,9.56,141.21,24.76,29.63,23.01,93.97,1
2026-03-05 09:59:22+00:00,18.987939,116.899929,9.91,151.92,24.77,29.65,21.33,83.34,1
2026-03-05 09:59:47+00:00,18.987026,116.900631,9.76,143.98,24.77,29.68,22.71,89.12,1
2026-03-05 10:00:14+00:00,18.986045,116.901508,10.28,139.79,24.77,29.71,22.8,91.81,1
2026-03-05 10:00:40+00:00,18.985033,116.902163,9.86,148.53,24.78,29.74,22.13,82.1,1
2026-03-05 10:01:06+00:00,18.984075,116.902938,10.03,142.58,24.78,29.77,22.92,91.08,1
2026-03-05 10:01:58+00:00,18.981933,116.904221,10.23,150.47,24.79,29.82,21.87,84.24,1
2026-03-05 10:02:25+00:00,18.980929,116.904986,9.91,144.23,24.79,29.85,22.72,88.42,1
2026-03-05 10:02:44+00:00,18.98013,116.905383,10.04,154.83,24.8,29.87,21.07,77.45,1
2026-03-05 10:02:51+00:00,18.979836,116.905448,9.27,168.19,24.8,29.87,19.05,59.54,1
2026-03-05 10:02:59+00:00,18.979516,116.905675,10.41,146.15,24.8,29.88,22.65,88.5,1
2026-03-05 10:03:24+00:00,18.978503,116.906128,9.51,157.08,24.81,29.91,20.67,69.74,1
2026-03-05 10:03:46+00:00,18.977628,116.906741,10.31,146.48,24.81,29.93,22.18,85.79,1
2026-03-05 10:04:12+00:00,18.976594,116.90732,9.73,152.1,24.81,29.96,21.98,79.36,1
2026-03-05 10:04:26+00:00,18.976043,116.907734,10.44,144.61,24.82,29.97,22.83,92.65,1
2026-03-05 10:04:37+00:00,18.975558,116.907825,9.68,169.94,24.82,29.98,18.66,58.09,1
2026-03-05 10:04:48+00:00,18.975045,116.907827,10.08,179.79,24.82,29.99,16.51,48.03,1
2026-03-05 10:04:55+00:00,18.974799,116.908004,9.19,145.77,24.83,30.0,22.03,86.34,1
2026-03-05 10:05:27+00:00,18.973536,116.908595,9.33,156.13,24.83,30.03,20.84,77.8,1
2026-03-05 10:05:39+00:00,18.973072,116.908955,10.37,143.73,24.83,30.04,22.79,93.5,1
2026-03-05 10:05:46+00:00,18.972928,116.909222,8.98,119.7,24.84,30.05,26.28,110.07,1
2026-03-05 10:05:51+00:00,18.972737,116.909374,10.33,143.04,24.84,30.06,22.92,90.64,1
2026-03-05 10:06:25+00:00,18.971365,116.910152,9.9,151.8,24.84,30.09,21.85,80.17,1
2026-03-05 10:06:32+00:00,18.971066,116.91039,11.56,143.03,24.85,30.1,23.17,94.2,1
2026-03-05 10:06:56+00:00,18.970008,116.910792,10.12,160.24,24.85,30.12,19.55,71.92,1
2026-03-05 10:07:41+00:00,18.968085,116.91123,9.45,167.84,24.85,30.17,18.93,63.03,1
2026-03-05 10:08:18+00:00,18.966473,116.911866,10.05,159.54,24.86,30.2,19.81,74.31,1
2026-03-05 10:08:44+00:00,18.965324,116.912142,9.8,167.2,24.86,30.23,18.8,64.9,1
2026-03-05 10:09:18+00:00,18.963841,116.912267,9.46,175.44,24.86,30.26,17.81,54.86,1
2026-03-05 10:09:43+00:00,18.962762,116.912716,10.03,158.52,24.87,30.28,20.11,78.37,1
2026-03-05 10:09:55+00:00,18.962235,116.91303,10.9,150.6,24.87,30.3,21.16,85.85,1
2026-03-05 10:10:25+00:00,18.961201,116.913981,9.87,138.98,24.87,30.33,23.61,96.85,1
2026-03-05 10:10:39+00:00,18.960781,116.914452,9.45,133.32,24.88,30.34,130.52,172.5,3
2026-03-05 10:10:46+00:00,18.9605,116.914604,9.75,152.91,24.88,30.35,20.4,82.52,1
2026-03-05 10:10:54+00:00,18.960137,116.914715,10.21,163.87,24.88,30.36,19.94,71.14,1
2026-03-05 10:11:13+00:00,18.959254,116.914825,10.11,173.28,24.89,30.38,18.22,59.05,1
2026-03-05 10:11:50+00:00,18.957624,116.914802,9.52,180.76,24.89,30.41,17.15,45.67,1
2026-03-05 10:12:17+00:00,18.956488,116.914622,9.2,188.52,24.89,30.44,16.72,32.43,1
2026-03-05 10:12:26+00:00,18.956086,116.914704,9.83,169.08,24.9,30.45,18.33,58.93,1
2026-03-05 10:12:40+00:00,18.955617,116.915051,8.84,145.02,24.9,30.46,23.21,86.11,1
2026-03-05 10:12:55+00:00,18.95522,116.915532,8.7,131.11,24.9,30.48,25.39,102.59,1
2026-03-05 10:13:04+00:00,18.955081,116.915841,7.77,115.44,24.9,30.49,26.78,111.27,1
2026-03-05 10:13:26+00:00,18.955014,116.916363,4.89,97.73,24.91,30.53,27.49,123.92,1
2026-03-05 10:13:41+00:00,18.954691,116.916681,6.36,137.04,24.91,30.55,23.95,89.98,1
2026-03-05 10:13:55+00:00,18.954117,116.916854,9.21,164.09,24.91,30.56,19.33,65.69,1
2026-03-05 10:14:09+00:00,18.953428,116.916857,10.64,179.76,24.92,30.57,16.57,52.49,1
2026-03-05 10:14:17+00:00,18.95311,116.916972,9.08,161.12,24.92,30.58,20.27,63.59,1
2026-03-05 10:14:47+00:00,18.951937,116.917671,9.7,150.59,24.92,30.61,21.63,80.29,1
2026-03-05 10:14:58+00:00,18.951451,116.917821,9.95,163.73,24.92,30.62,19.46,66.9,1
2026-03-05 10:15:10+00:00,18.950916,116.917865,9.67,175.55,24.93,30.63,17.87,51.52,1
2026-03-05 10:15:31+00:00,18.949994,116.918177,9.96,162.25,24.93,30.65,19.75,71.21,1
2026-03-05 10:15:50+00:00,18.949174,116.918303,9.43,171.73,24.93,30.67,18.59,58.13,1
2026-03-05 10:16:07+00:00,18.948478,116.918576,9.44,159.65,24.94,30.69,20.05,72.95,1
2026-03-05 10:16:18+00:00,18.948024,116.918802,9.86,154.79,24.94,30.7,20.84,79.92,1
2026-03-05 10:16:31+00:00,18.947574,116.919227,10.03,138.23,24.94,30.72,23.53,94.17,1
2026-03-05 10:17:09+00:00,18.946149,116.920237,9.76,146.16,24.94,30.75,22.84,85.16,1
2026-03-05 10:17:23+00:00,18.945589,116.9205,9.46,156.05,24.95,30.77,20.33,77.14,1
2026-03-05 10:17:50+00:00,18.944476,116.920769,9.14,167.12,24.95,30.8,19.74,61.4,1
2026-03-05 10:18:01+00:00,18.944049,116.920958,9.1,157.28,24.95,30.81,21.28,70.9,1
2026-03-05 10:18:16+00:00,18.943519,116.921289,8.87,149.43,24.96,30.82,22.03,83.95,1
2026-03-05 10:18:34+00:00,18.942809,116.921615,9.3,156.53,24.96,30.84,20.16,78.24,1
2026-03-05 10:18:57+00:00,18.941921,116.922214,9.9,147.46,24.96,30.87,22.25,89.84,1
2026-03-05 10:19:14+00:00,18.941335,116.922701,9.48,141.83,24.96,30.88,23.3,91.73,1
2026-03-05 10:19:24+00:00,18.940914,116.922887,9.86,157.32,24.97,30.89,20.39,77.38,1
2026-03-05 10:19:44+00:00,18.939971,116.923045,10.32,170.99,24.97,30.91,18.14,63.88,1
2026-03-05 10:20:39+00:00,18.937601,116.923013,9.31,180.73,24.97,30.97,18.02,44.44,1
2026-03-05 10:20:52+00:00,18.937076,116.92322,9.32,159.55,24.98,30.98,20.7,74.46,1
2026-03-05 10:21:11+00:00,18.936342,116.923703,9.84,148.1,24.98,31.0,22.01,86.58,1
2026-03-05 10:21:20+00:00,18.935951,116.923865,10.09,158.6,24.98,31.01,19.98,77.24,1
2026-03-05 10:21:50+00:00,18.934636,116.924178,9.71,167.31,24.98,31.04,19.08,64.59,1
2026-03-05 10:22:02+00:00,18.934179,116.924048,8.52,195.06,24.99,31.05,16.89,26.55,1
2026-03-05 10:22:09+00:00,18.933874,116.924013,9.47,186.19,24.99,31.06,17.02,38.97,1
2026-03-05 10:22:14+00:00,18.933678,116.924064,8.73,166.17,24.99,31.07,19.63,60.05,1
2026-03-05 10:22:20+00:00,18.93342,116.924151,9.76,162.31,25.0,31.07,20.11,73.23,1
2026-03-05 10:22:38+00:00,18.932744,116.924576,9.44,149.26,25.0,31.09,22.74,82.0,1
2026-03-05 10:22:53+00:00,18.932128,116.924815,9.46,159.85,25.0,31.11,20.7,74.89,1
2026-03-05 10:23:06+00:00,18.931698,116.925168,9.05,142.17,25.0,31.12,23.32,89.99,1
2026-03-05 10:23:15+00:00,18.931338,116.925335,9.44,156.31,25.01,31.13,20.98,78.7,1
2026-03-05 10:23:34+00:00,18.93048,116.925373,9.77,177.6,25.01,31.15,17.6,53.56,1
2026-03-05 10:23:44+00:00,18.930077,116.925489,9.03,164.77,25.01,31.16,20.24,66.44,1
2026-03-05 10:24:32+00:00,18.928143,116.926221,9.25,160.3,25.01,31.21,20.29,72.44,1
2026-03-05 10:24:51+00:00,18.927337,116.926395,9.36,168.46,25.02,31.23,19.24,62.91,1
2026-03-05 10:25:31+00:00,18.925701,116.927043,9.44,159.46,25.02,31.27,20.58,68.93,1
2026-03-05 10:26:14+00:00,18.92385,116.927479,9.53,167.44,25.02,31.31,19.17,64.11,1
2026-03-05 10:26:45+00:00,18.922517,116.927434,9.3,181.83,25.03,31.34,17.13,42.42,1
2026-03-05 10:27:01+00:00,18.921871,116.927503,8.77,174.23,25.03,31.36,18.89,53.83,1
2026-03-05 10:27:17+00:00,18.921257,116.927734,8.8,160.41,25.03,31.38,20.63,68.02,1
2026-03-05 10:27:38+00:00,18.920471,116.928236,9.45,148.86,25.04,31.4,22.46,82.24,1
2026-03-05 10:28:04+00:00,18.919347,116.928633,9.85,161.52,25.04,31.42,19.99,75.06,1
2026-03-05 10:28:36+00:00,18.918063,116.928661,8.67,178.82,25.04,31.46,18.71,49.55,1
2026-03-05 10:28:53+00:00,18.917355,116.928864,9.33,164.82,25.05,31.47,19.58,66.63,1
2026-03-05 10:29:22+00:00,18.916204,116.929542,9.82,150.87,25.05,31.5,22.48,83.93,1
2026-03-05 10:29:36+00:00,18.915599,116.929701,9.62,166.04,25.05,31.52,19.02,65.54,1
2026-03-05 10:29:54+00:00,18.914903,116.930077,9.39,152.93,25.06,31.54,21.83,81.41,1
2026-03-05 10:30:21+00:00,18.913792,116.930456,9.35,162.11,25.06,31.56,20.41,68.61,1
2026-03-05 10:30:41+00:00,18.913011,116.930957,9.87,148.75,25.06,31.59,22.12,87.96,1
2026-03-05 10:30:53+00:00,18.912572,116.931342,10.27,140.32,25.07,31.6,23.97,94.86,1
2026-03-05 10:31:15+00:00,18.911671,116.931818,9.9,153.44,25.07,31.62,21.94,80.29,1
2026-03-05 10:31:27+00:00,18.911158,116.931967,9.58,164.64,25.07,31.63,19.15,67.75,1
2026-03-05 10:31:57+00:00,18.909961,116.932517,9.4,156.51,25.08,31.66,21.31,75.37,1
2026-03-05 10:32:44+00:00,18.908133,116.933755,9.98,147.35,25.08,31.71,21.88,88.46,1
2026-03-05 10:32:56+00:00,18.907554,116.933919,10.8,165.0,25.08,31.72,19.06,69.62,1
2026-03-05 10:33:04+00:00,18.907204,116.933922,9.46,179.54,25.09,31.73,18.3,49.57,1
2026-03-05 10:33:19+00:00,18.906538,116.934055,9.77,169.3,25.09,31.75,18.88,65.11,1
2026-03-05 10:33:43+00:00,18.905479,116.934498,10.26,158.41,25.09,31.77,20.33,75.38,1
2026-03-05 10:33:58+00:00,18.904873,116.934869,10.09,149.92,25.1,31.79,22.14,85.24,1
2026-03-05 10:34:27+00:00,18.90361,116.935128,9.59,169.02,25.1,31.82,19.82,63.55,1
2026-03-05 10:34:41+00:00,18.903043,116.935313,9.16,162.85,25.1,31.83,19.75,68.02,1
2026-03-05 10:35:00+00:00,18.902241,116.935679,9.94,156.65,25.11,31.85,20.76,78.91,1
2026-03-05 10:35:11+00:00,18.901819,116.935957,9.77,148.07,25.11,31.86,23.02,87.76,1
2026-03-05 10:35:28+00:00,18.901098,116.936194,9.6,162.73,25.11,31.88,20.74,72.41,1
2026-03-05 10:35:37+00:00,18.900748,116.936392,9.53,151.84,25.12,31.89,21.94,80.92,1
2026-03-05 10:35:52+00:00,18.90011,116.936473,9.26,173.15,25.12,31.9,18.44,54.81,1
2026-03-05 10:36:19+00:00,18.899157,116.937127,9.1,147.01,25.12,31.93,23.44,85.49,1
2026-03-05 10:36:39+00:00,18.898371,116.937508,9.35,155.36,25.12,31.95,21.93,75.98,1
2026-03-05 10:36:58+00:00,18.897565,116.937781,9.63,162.23,25.13,31.97,20.49,72.11,1
2026-03-05 10:37:10+00:00,18.897095,116.938055,9.67,151.12,25.13,31.99,21.86,81.01,1
2026-03-05 10:37:51+00:00,18.895678,116.939261,9.59,141.16,25.13,32.03,23.77,97.93,1
2026-03-05 10:38:13+00:00,18.894822,116.939776,9.68,150.35,25.14,32.05,22.2,86.82,1
2026-03-05 10:38:27+00:00,18.894214,116.940011,9.99,159.91,25.14,32.07,20.68,74.73,1
2026-03-05 10:38:39+00:00,18.893728,116.940319,10.21,149.05,25.14,32.08,22.88,88.68,1
2026-03-05 10:38:48+00:00,18.893386,116.940465,8.86,158.01,25.15,32.09,21.46,70.59,1
2026-03-05 10:39:06+00:00,18.89265,116.940601,8.97,170.08,25.15,32.11,19.11,65.07,1
2026-03-05 10:39:30+00:00,18.891646,116.941005,9.68,159.16,25.15,32.13,21.23,73.58,1
2026-03-05 10:39:48+00:00,18.890924,116.941481,10.22,148.05,25.15,32.15,22.74,87.82,1
2026-03-05 10:40:23+00:00,18.889504,116.942043,9.36,159.47,25.16,32.19,21.07,69.93,1
2026-03-05 10:40:56+00:00,18.888101,116.942169,9.22,175.14,25.16,32.22,19.09,55.4,1
2026-03-05 10:41:03+00:00,18.887827,116.942261,8.88,162.38,25.16,32.23,20.26,66.88,1
2026-03-05 10:41:18+00:00,18.887275,116.942641,9.49,146.92,25.17,32.25,22.88,87.66,1
2026-03-05 10:41:35+00:00,18.886573,116.943011,9.97,153.5,25.17,32.26,21.58,80.77,1
2026-03-05 10:42:03+00:00,18.885402,116.943421,9.52,161.67,25.17,32.29,20.03,69.51,1
2026-03-05 10:42:27+00:00,18.884445,116.943905,9.55,154.43,25.18,32.32,21.77,78.21,1
2026-03-05 10:42:44+00:00,18.883809,116.944264,9.17,151.89,25.18,32.34,22.9,82.0,1
2026-03-05 10:43:04+00:00,18.883097,116.944825,9.6,143.29,25.18,32.36,22.98,88.89,1
2026-03-05 10:43:28+00:00,18.881954,116.945094,10.55,167.45,25.19,32.38,19.21,66.24,1
2026-03-05 10:43:44+00:00,18.881232,116.945104,9.75,179.25,25.19,32.4,18.03,51.87,1
2026-03-05 10:43:53+00:00,18.880841,116.945177,9.54,169.98,25.19,32.41,19.3,67.14,1
2026-03-05 10:44:05+00:00,18.88043,116.945459,8.83,147.01,25.2,32.42,22.94,86.82,1
2026-03-05 10:44:34+00:00,18.879596,116.946375,8.96,133.9,25.2,32.45,24.62,97.29,1
2026-03-05 10:44:47+00:00,18.879021,116.946544,9.92,164.46,25.2,32.47,20.04,68.94,1
2026-03-05 10:44:59+00:00,18.878465,116.94655,10.02,179.41,25.21,32.48,114.99,153.27,3
2026-03-05 10:45:06+00:00,18.878147,116.946655,10.29,162.65,25.21,32.49,19.51,72.08,1
2026-03-05 10:45:22+00:00,18.877531,116.947025,9.57,150.39,25.21,32.5,22.75,86.12,1
2026-03-05 10:45:52+00:00,18.876274,116.947574,9.8,157.55,25.21,32.53,21.46,77.7,1
2026-03-05 10:46:29+00:00,18.874831,116.948408,9.61,151.33,25.22,32.57,22.27,85.31,1
2026-03-05 10:46:52+00:00,18.874094,116.949085,9.18,139.0,25.22,32.6,24.35,94.23,1
2026-03-05 10:47:19+00:00,18.873055,116.94961,9.22,154.45,25.22,32.63,22.14,81.88,1
2026-03-05 10:47:41+00:00,18.872202,116.949893,8.78,162.57,25.23,32.65,20.78,68.73,1
2026-03-05 10:48:15+00:00,18.870998,116.950644,8.89,149.45,25.23,32.69,22.94,81.8,1
2026-03-05 10:48:48+00:00,18.869672,116.951317,9.63,154.35,25.23,32.73,91.67,91.11,3
2026-03-05 10:49:19+00:00,18.868658,116.95218,9.08,141.15,25.24,32.76,24.37,89.01,1
2026-03-05 10:49:53+00:00,18.867702,116.953275,8.96,132.7,25.24,32.8,25.39,99.06,1
2026-03-05 10:50:30+00:00,18.866526,116.954224,8.64,142.63,25.25,32.84,23.81,88.98,1
2026-03-05 10:51:01+00:00,18.865536,116.955172,9.32,137.82,25.25,32.88,24.18,101.58,1
2026-03-05 10:51:19+00:00,18.864872,116.955605,9.37,148.32,25.25,32.9,22.94,89.92,1
2026-03-05 10:51:56+00:00,18.863753,116.95663,8.65,139.08,25.26,32.94,24.07,96.83,1
2026-03-05 10:52:08+00:00,18.863454,116.95702,8.56,129.01,25.26,32.95,25.61,102.53,1
2026-03-05 10:52:33+00:00,18.86269,116.957788,9.12,136.43,25.27,32.98,24.54,102.37,1
2026-03-05 10:53:06+00:00,18.861691,116.958733,8.78,138.17,25.27,33.02,24.17,95.84,1
2026-03-05 10:53:36+00:00,18.860944,116.959637,8.18,131.13,25.27,33.06,26.09,102.45,1
2026-03-05 10:53:50+00:00,18.860482,116.959984,8.75,144.6,25.28,33.07,23.92,89.09,1
2026-03-05 10:54:15+00:00,18.859868,116.96079,8.47,128.83,25.28,33.1,26.42,103.19,1
2026-03-05 10:55:03+00:00,18.858463,116.962152,8.59,137.47,25.29,33.16,24.25,94.94,1
2026-03-05 10:55:44+00:00,18.857378,116.963362,8.32,133.46,25.29,33.21,25.2,98.3,1
2026-03-05 10:56:01+00:00,18.857035,116.96392,8.01,123.01,25.29,33.23,26.17,108.98,1
2026-03-05 10:56:40+00:00,18.856053,116.965155,8.46,130.04,25.3,33.28,25.51,103.04,1
2026-03-05 10:57:09+00:00,18.855413,116.966137,8.41,124.55,25.3,33.31,26.22,107.2,1
2026-03-05 10:57:34+00:00,18.854776,116.966913,8.4,130.94,25.31,33.34,25.96,104.42,1
2026-03-05 10:57:54+00:00,18.85439,116.967562,7.84,122.15,25.31,33.37,26.54,102.39,1
2026-03-05 10:58:08+00:00,18.854115,116.968105,9.0,118.15,25.32,33.39,27.95,115.18,1
2026-03-05 10:59:11+00:00,18.852784,116.97019,8.17,124.0,25.32,33.47,26.71,108.82,1
2026-03-05 10:59:32+00:00,18.852209,116.970807,8.43,134.56,25.33,33.49,25.8,100.47,1
2026-03-05 11:00:01+00:00,18.851558,116.971753,8.25,126.02,25.33,33.53,25.85,105.64,1
2026-03-05 11:00:28+00:00,18.851142,116.9727,7.91,114.9,25.33,33.56,28.03,115.5,1
2026-03-05 11:00:33+00:00,18.850998,116.972834,8.29,138.63,25.34,33.56,24.87,95.96,1
2026-03-05 11:00:55+00:00,18.850641,116.973635,8.23,115.22,25.34,33.59,27.47,118.41,1
2026-03-05 11:01:05+00:00,18.850409,116.973976,8.59,125.71,25.35,33.6,26.76,106.21,1
2026-03-05 11:01:21+00:00,18.849927,116.974455,8.94,136.76,25.35,33.61,24.99,97.86,1
2026-03-05 11:01:42+00:00,18.849429,116.975114,8.21,128.61,25.35,33.63,25.9,106.76,1
2026-03-05 11:01:47+00:00,18.849249,116.97525,9.57,144.43,25.36,33.64,23.46,87.11,1
2026-03-05 11:02:00+00:00,18.848953,116.975694,8.55,125.16,25.36,33.65,26.33,105.88,1
2026-03-05 11:02:25+00:00,18.848123,116.976278,8.62,146.34,25.36,33.68,24.05,90.11,1
2026-03-05 11:02:47+00:00,18.847582,116.977039,8.85,126.91,25.36,33.7,26.39,108.53,1
2026-03-05 11:03:06+00:00,18.846966,116.977565,9.01,141.06,25.37,33.72,24.49,94.47,1
2026-03-05 11:03:53+00:00,18.845915,116.979199,8.6,124.2,25.37,33.76,26.49,107.43,1
2026-03-05 11:04:31+00:00,18.844798,116.980387,9.01,134.81,25.37,33.8,25.02,97.74,1
2026-03-05 11:05:07+00:00,18.843909,116.981687,9.11,125.85,25.37,33.84,26.98,106.78,1
2026-03-05 11:05:58+00:00,18.842342,116.9832,9.0,137.58,25.38,33.89,24.43,100.01,1
2026-03-05 11:06:32+00:00,18.841579,116.984392,8.66,124.07,25.38,33.92,26.67,107.45,1
2026-03-05 11:06:56+00:00,18.8409,116.985137,8.82,133.92,25.38,33.95,25.39,100.23,1
2026-03-05 11:07:27+00:00,18.840215,116.986194,8.45,124.4,25.38,33.98,26.73,106.53,1
2026-03-05 11:07:37+00:00,18.839933,116.986505,8.81,133.77,25.38,33.99,25.36,101.87,1
2026-03-05 11:07:56+00:00,18.839544,116.987201,8.7,120.56,25.39,34.01,27.44,110.9,1
2026-03-05 11:08:26+00:00,18.838781,116.988196,8.73,129.02,25.39,34.04,26.33,104.28,1
2026-03-05 11:08:48+00:00,18.838288,116.989048,9.29,121.44,25.39,34.06,27.65,109.02,1
2026-03-05 11:09:10+00:00,18.837647,116.989778,9.26,132.85,25.39,34.08,25.37,98.89,1
2026-03-05 11:09:27+00:00,18.83703,116.990228,9.53,145.38,25.39,34.1,23.58,90.78,1
2026-03-05 11:09:40+00:00,18.836641,116.990648,9.25,134.38,25.39,34.11,25.79,98.05,1
2026-03-05 11:10:03+00:00,18.836137,116.991484,8.82,122.5,25.4,34.13,27.39,114.81,1
2026-03-05 11:10:27+00:00,18.835488,116.992254,8.79,131.69,25.4,34.16,25.35,98.11,1
2026-03-05 11:10:32+00:00,18.835419,116.992447,8.44,110.69,25.4,34.16,28.67,118.57,1
2026-03-05 11:10:56+00:00,18.83477,116.993274,9.16,129.66,25.4,34.19,25.57,104.94,1
2026-03-05 11:11:19+00:00,18.834285,116.994101,8.65,121.78,25.4,34.21,27.19,110.24,1
2026-03-05 11:11:41+00:00,18.833573,116.994745,9.21,139.43,25.4,34.23,25.21,93.72,1
2026-03-05 11:11:54+00:00,18.833262,116.995244,9.4,123.36,25.4,34.24,26.94,109.17,1
2026-03-05 11:12:10+00:00,18.832804,116.995742,8.88,134.18,25.4,34.26,25.18,98.22,1
2026-03-05 11:12:37+00:00,18.832177,116.99667,8.64,125.52,25.4,34.29,26.89,107.1,1
2026-03-05 11:12:49+00:00,18.831794,116.997012,9.03,139.8,25.41,34.3,24.12,99.14,1
2026-03-05 11:13:00+00:00,18.831496,116.997417,9.54,127.86,25.41,34.31,26.39,107.59,1
2026-03-05 11:13:15+00:00,18.830994,116.997844,9.29,141.16,25.41,34.32,24.57,96.89,1
2026-03-05 11:13:34+00:00,18.830595,116.998558,8.93,120.56,25.41,34.34,27.29,113.71,1
2026-03-05 11:13:44+00:00,18.830284,116.99887,9.27,136.48,25.41,34.35,25.08,101.22,1
2026-03-05 11:14:06+00:00,18.829717,116.99962,8.93,128.62,25.41,34.37,26.53,99.94,1
2026-03-05 11:14:20+00:00,18.829379,117.000153,9.38,123.82,25.41,34.39,27.3,110.14,1
2026-03-05 11:14:47+00:00,18.828605,117.001068,9.3,131.79,25.41,34.42,26.0,106.09,1
2026-03-05 11:15:34+00:00,18.82723,117.002574,9.11,133.97,25.41,34.47,25.44,99.95,1
2026-03-05 11:16:11+00:00,18.826305,117.003811,8.72,128.31,25.41,34.51,26.43,109.02,1
2026-03-05 11:16:27+00:00,18.825957,117.004365,8.5,123.57,25.42,34.53,26.9,112.32,1
2026-03-05 11:16:40+00:00,18.825603,117.004784,8.84,131.75,25.42,34.54,25.98,101.69,1
2026-03-05 11:17:35+00:00,18.824391,117.006803,8.89,122.38,25.42,34.61,27.1,110.25,1
2026-03-05 11:17:44+00:00,18.824128,117.007084,8.98,134.68,25.42,34.62,25.38,98.26,1
2026-03-05 11:18:27+00:00,18.823046,117.008641,9.19,126.29,25.42,34.67,26.49,107.18,1
2026-03-05 11:18:37+00:00,18.82288,117.008996,8.1,116.29,25.42,34.68,27.77,112.69,1
2026-03-05 11:18:43+00:00,18.822703,117.00918,8.95,135.46,25.42,34.68,25.08,100.38,1
2026-03-05 11:18:51+00:00,18.822616,117.009456,7.44,108.42,25.42,34.69,28.08,117.92,1
2026-03-05 11:19:09+00:00,18.822227,117.010147,9.14,120.74,25.42,34.72,27.68,114.46,1
2026-03-05 11:19:16+00:00,18.822014,117.010361,9.08,136.44,25.42,34.72,25.26,100.19,1
2026-03-05 11:19:27+00:00,18.821841,117.010755,8.08,114.89,25.42,34.74,28.2,113.06,1
2026-03-05 11:19:42+00:00,18.821457,117.011293,9.19,127.02,25.42,34.75,26.56,110.96,1
2026-03-05 11:19:51+00:00,18.821188,117.011558,8.83,137.0,25.43,34.76,25.21,98.92,1
2026-03-05 11:20:15+00:00,18.820786,117.012389,7.96,117.07,25.43,34.79,27.81,115.79,1
2026-03-05 11:20:55+00:00,18.819874,117.013728,8.44,125.74,25.43,34.84,26.8,106.03,1
2026-03-05 11:21:07+00:00,18.819672,117.014174,8.43,115.57,25.43,34.85,27.8,117.78,1
2026-03-05 11:21:44+00:00,18.818647,117.015394,9.02,131.59,25.43,34.89,26.02,105.73,1
2026-03-05 11:21:52+00:00,18.818369,117.015605,9.25,144.31,25.43,34.9,24.11,91.71,1
2026-03-05 11:22:20+00:00,18.817627,117.016513,8.77,130.8,25.43,34.93,26.04,107.69,1
2026-03-05 11:22:36+00:00,18.817127,117.016971,8.94,139.07,25.43,34.95,160.04,108.85,3
2026-03-05 11:22:43+00:00,18.817002,117.017222,8.29,117.75,25.43,34.96,27.77,116.75,1
2026-03-05 11:22:54+00:00,18.816661,117.017472,8.16,145.24,25.43,34.97,24.53,89.01,1
2026-03-05 11:23:18+00:00,18.815917,117.018209,9.19,136.84,25.43,34.99,25.1,100.22,1
2026-03-05 11:23:31+00:00,18.81564,117.018666,8.54,122.63,25.43,35.01,26.95,107.34,1
2026-03-05 11:23:38+00:00,18.815408,117.018868,9.28,140.51,25.44,35.02,24.75,96.54,1
2026-03-05 11:24:03+00:00,18.814728,117.019713,9.08,130.37,25.44,35.04,26.3,103.38,1
2026-03-05 11:24:44+00:00,18.813375,117.020909,9.3,140.08,25.44,35.08,25.08,94.62,1
2026-03-05 11:25:19+00:00,18.812351,117.021973,8.87,135.47,25.44,35.12,25.01,103.24,1
2026-03-05 11:25:28+00:00,18.812007,117.022146,9.15,154.54,25.44,35.13,22.63,80.99,1
2026-03-05 11:25:45+00:00,18.811545,117.022667,8.59,133.13,25.44,35.15,25.87,99.35,1
2026-03-05 11:25:51+00:00,18.811312,117.022789,9.37,153.64,25.44,35.15,22.49,82.24,1
2026-03-05 11:26:11+00:00,18.810769,117.023437,8.85,131.52,25.44,35.18,26.1,100.84,1
2026-03-05 11:26:33+00:00,18.810068,117.02407,9.06,139.48,25.44,35.2,25.12,99.31,1
2026-03-05 11:27:05+00:00,18.809104,117.025071,9.13,135.49,25.44,35.23,25.72,99.02,1
2026-03-05 11:27:20+00:00,18.808677,117.025587,9.35,131.16,25.44,35.25,25.84,105.95,1
2026-03-05 11:27:35+00:00,18.808147,117.025948,9.09,147.19,25.44,35.26,23.85,91.71,1
2026-03-05 11:27:47+00:00,18.807792,117.026365,9.56,131.97,25.44,35.28,26.1,103.63,1
2026-03-05 11:27:55+00:00,18.807504,117.026571,9.4,145.9,25.45,35.29,23.84,92.12,1
2026-03-05 11:28:22+00:00,18.806737,117.027445,9.03,132.83,25.45,35.31,25.89,100.68,1
2026-03-05 11:28:45+00:00,18.805996,117.028092,9.03,140.43,25.45,35.34,24.64,100.5,1
2026-03-05 11:29:02+00:00,18.805499,117.028674,9.43,132.05,25.45,35.36,26.45,106.22,1
2026-03-05 11:29:16+00:00,18.805011,117.029058,9.39,143.32,25.45,35.37,24.24,93.28,1
2026-03-05 11:29:21+00:00,18.804888,117.029258,9.76,123.01,25.45,35.38,27.29,111.49,1
2026-03-05 11:29:40+00:00,18.804279,117.029808,9.11,139.47,25.45,35.4,24.74,96.53,1
2026-03-05 11:29:50+00:00,18.804005,117.03017,9.48,128.65,25.45,35.41,26.71,106.89,1
2026-03-05 11:30:22+00:00,18.802919,117.031029,9.16,143.18,25.45,35.44,24.65,97.24,1
2026-03-05 11:30:33+00:00,18.80258,117.031364,9.12,136.91,25.45,35.45,25.46,96.8,1
2026-03-05 11:30:43+00:00,18.802348,117.031749,9.34,122.48,25.45,35.46,27.31,113.03,1
2026-03-05 11:31:07+00:00,18.801496,117.032324,9.11,147.43,25.45,35.49,24.69,88.98,1
2026-03-05 11:31:38+00:00,18.800479,117.033204,9.17,140.68,25.45,35.52,27.89,95.6,1
2026-03-05 11:31:52+00:00,18.800045,117.033638,9.23,136.57,25.46,35.53,28.02,99.67,1
2026-03-05 11:32:15+00:00,18.799219,117.034153,9.01,149.45,25.46,35.55,23.48,86.58,1
2026-03-05 11:32:31+00:00,18.798717,117.034574,8.66,141.55,25.46,35.57,24.69,95.6,1
2026-03-05 11:32:50+00:00,18.798063,117.035001,8.75,148.28,25.46,35.59,23.76,88.6,1
2026-03-05 11:33:11+00:00,18.797395,117.035677,9.52,136.23,25.46,35.61,25.85,101.76,1
2026-03-05 11:33:37+00:00,18.796454,117.036355,9.47,145.7,25.46,35.64,24.24,85.69,1
2026-03-05 11:33:55+00:00,18.795832,117.036981,10.32,136.39,25.46,35.66,25.89,103.17,1
2026-03-05 11:34:23+00:00,18.794764,117.037608,9.43,150.94,25.46,35.68,22.98,83.14,1
2026-03-05 11:34:49+00:00,18.793896,117.03839,9.48,139.54,25.46,35.71,24.78,99.12,1
2026-03-05 11:35:12+00:00,18.793091,117.03898,9.21,145.25,25.46,35.73,24.11,94.63,1
2026-03-05 11:35:41+00:00,18.792005,117.039538,9.0,154.06,25.46,35.76,22.91,80.35,1
2026-03-05 11:35:59+00:00,18.791358,117.040041,9.65,143.65,25.46,35.78,24.24,93.8,1
2026-03-05 11:36:17+00:00,18.790662,117.040369,9.15,155.96,25.47,35.79,22.64,79.41,1
2026-03-05 11:36:27+00:00,18.790224,117.040474,9.71,167.21,25.47,35.8,20.83,71.98,1
2026-03-05 11:36:58+00:00,18.78907,117.041152,9.21,150.92,25.47,35.83,22.85,86.25,1
2026-03-05 11:37:26+00:00,18.787843,117.041488,9.78,165.47,25.47,35.86,20.4,75.26,1
2026-03-05 11:37:40+00:00,18.787398,117.041759,7.93,150.03,25.47,35.87,23.33,84.7,1
2026-03-05 11:37:52+00:00,18.78689,117.041926,9.58,162.71,25.47,35.88,21.26,74.9,1
2026-03-05 11:37:58+00:00,18.786685,117.04209,9.26,142.86,25.47,35.89,24.27,94.43,1
2026-03-05 11:38:19+00:00,18.785907,117.042418,8.62,158.24,25.47,35.91,22.5,78.56,1
2026-03-05 11:38:26+00:00,18.785677,117.042548,8.05,151.85,25.47,35.92,23.24,78.86,1
2026-03-05 11:38:36+00:00,18.785457,117.042857,7.91,126.94,25.47,35.93,26.55,106.5,1
2026-03-05 11:38:50+00:00,18.785018,117.043258,8.96,139.15,25.47,35.94,24.57,97.08,1
2026-03-05 11:39:00+00:00,18.784656,117.043496,9.22,148.1,25.48,35.95,23.2,90.51,1
2026-03-05 11:39:54+00:00,18.782558,117.044515,9.24,155.31,25.48,36.0,22.53,81.36,1
2026-03-05 11:40:07+00:00,18.782054,117.044787,9.41,152.94,25.48,36.02,22.18,82.58,1
2026-03-05 11:40:23+00:00,18.781533,117.045185,8.69,144.12,25.48,36.03,24.53,91.84,1
2026-03-05 11:40:38+00:00,18.781,117.045539,9.07,147.84,25.48,36.05,23.61,86.9,1
2026-03-05 11:41:11+00:00,18.780025,117.046603,9.18,134.06,25.48,36.08,26.83,98.76,1
2026-03-05 11:41:17+00:00,18.779883,117.046838,9.51,122.55,25.48,36.09,28.43,115.0,1
2026-03-05 11:41:30+00:00,18.779461,117.047225,9.29,139.03,25.48,36.1,25.04,99.38,1
2026-03-05 11:41:36+00:00,18.779336,117.047462,9.25,119.12,25.48,36.11,28.12,116.96,1
2026-03-05 11:42:06+00:00,18.778506,117.048391,8.71,133.34,25.48,36.14,26.18,104.92,1
2026-03-05 11:42:26+00:00,18.777869,117.048972,9.1,139.19,25.48,36.16,25.56,96.36,1
2026-03-05 11:43:04+00:00,18.776803,117.050257,9.2,131.22,25.48,36.2,25.83,102.49,1
2026-03-05 11:43:55+00:00,18.775435,117.051995,9.07,129.74,25.49,36.26,25.99,106.33,1
2026-03-05 11:44:11+00:00,18.774853,117.052402,9.43,146.49,25.49,36.27,23.74,90.79,1
2026-03-05 11:44:21+00:00,18.774519,117.05279,10.73,132.28,25.49,36.28,26.78,105.97,1
2026-03-05 11:44:35+00:00,18.773976,117.053018,9.02,158.32,25.49,36.29,22.22,78.09,1
2026-03-05 11:44:52+00:00,18.773376,117.053483,9.46,143.73,25.49,36.31,24.71,93.08,1
2026-03-05 11:45:17+00:00,18.772437,117.054046,9.34,150.42,25.49,36.33,22.94,83.71,1
2026-03-05 11:45:40+00:00,18.771717,117.054735,9.13,137.82,25.49,36.36,24.62,98.36,1
2026-03-05 11:46:00+00:00,18.77096,117.055187,9.4,150.52,25.49,36.38,23.54,85.2,1
2026-03-05 11:46:56+00:00,18.769145,117.056748,9.03,140.84,25.49,36.43,24.59,96.68,1
2026-03-05 11:47:02+00:00,18.769009,117.056959,8.71,124.25,25.49,36.44,26.65,109.5,1
2026-03-05 11:47:17+00:00,18.768499,117.057392,9.43,141.21,25.5,36.46,91.01,7.05,3
2026-03-05 11:47:44+00:00,18.76771,117.058249,9.06,134.2,25.5,36.48,26.12,105.79,1
2026-03-05 11:48:08+00:00,18.766945,117.05895,9.12,139.05,25.5,36.51,25.11,99.55,1
2026-03-05 11:48:33+00:00,18.766315,117.059837,9.08,126.87,25.5,36.53,26.88,106.19,1
2026-03-05 11:48:45+00:00,18.765926,117.060203,9.38,138.3,25.5,36.55,25.27,102.53,1
2026-03-05 11:48:54+00:00,18.76572,117.060525,8.84,124.05,25.5,36.56,27.24,114.49,1
2026-03-05 11:49:12+00:00,18.765055,117.060982,9.53,146.95,25.5,36.57,23.51,91.59,1
2026-03-05 11:49:26+00:00,18.764675,117.061429,8.78,131.92,25.5,36.59,25.97,106.82,1
2026-03-05 11:49:46+00:00,18.763959,117.061949,9.39,145.49,25.5,36.61,24.31,91.6,1
2026-03-05 11:50:01+00:00,18.763545,117.062456,9.13,130.77,25.5,36.62,26.56,102.26,1
2026-03-05 11:50:20+00:00,18.762803,117.062846,9.43,153.54,25.5,36.64,22.89,83.18,1
2026-03-05 11:50:26+00:00,18.762616,117.063036,9.35,136.11,25.51,36.65,25.38,105.04,1
2026-03-05 11:51:04+00:00,18.761177,117.06397,9.61,148.43,25.51,36.68,23.64,87.4,1
2026-03-05 11:51:14+00:00,18.760854,117.064265,9.23,139.15,25.51,36.69,24.53,98.52,1
2026-03-05 11:51:31+00:00,18.760178,117.06466,9.82,151.05,25.51,36.71,23.31,88.37,1
2026-03-05 11:51:42+00:00,18.759869,117.065017,9.0,132.43,25.51,36.72,26.62,103.26,1
2026-03-05 11:52:06+00:00,18.759021,117.065671,9.46,143.86,25.51,36.74,24.02,93.68,1
2026-03-05 11:52:27+00:00,18.758431,117.066302,8.64,134.64,25.51,36.77,25.61,101.66,1
2026-03-05 11:52:37+00:00,18.758182,117.066646,8.86,127.4,25.51,36.78,27.02,107.48,1
2026-03-05 11:52:58+00:00,18.75752,117.067312,9.41,136.39,25.51,36.8,26.06,98.75,1
2026-03-05 11:53:24+00:00,18.756678,117.068092,9.31,138.74,25.51,36.82,25.15,99.63,1
2026-03-05 11:53:41+00:00,18.756223,117.068612,8.52,132.74,25.52,36.84,25.85,105.24,1
2026-03-05 11:54:01+00:00,18.755518,117.069217,9.82,140.9,25.52,36.86,24.43,100.07,1
2026-03-05 11:54:15+00:00,18.755133,117.069665,8.84,132.23,25.52,36.88,26.25,102.66,1
2026-03-05 11:54:34+00:00,18.754425,117.070129,9.48,148.18,25.52,36.89,173.77,-96.09,3
2026-03-05 11:54:43+00:00,18.754169,117.070443,9.42,130.73,25.52,36.9,26.69,106.3,1
2026-03-05 11:54:56+00:00,18.753715,117.070824,9.64,141.53,25.52,36.92,24.89,100.53,1
2026-03-05 11:55:22+00:00,18.753095,117.071593,7.95,130.41,25.52,36.94,26.36,105.41,1
2026-03-05 11:55:38+00:00,18.752509,117.072035,9.73,144.46,25.52,36.96,24.42,96.23,1
2026-03-05 11:55:48+00:00,18.752113,117.072248,9.61,153.01,25.52,36.97,22.74,87.79,1
2026-03-05 11:56:13+00:00,18.751348,117.07306,9.38,134.85,25.52,36.99,26.21,103.95,1
2026-03-05 11:56:23+00:00,18.751154,117.073425,8.57,119.31,25.52,37.01,28.06,115.6,1
2026-03-05 11:56:35+00:00,18.750801,117.073789,8.89,135.68,25.53,37.02,25.74,102.62,1
2026-03-05 11:56:52+00:00,18.750218,117.074223,9.07,144.82,25.53,37.03,24.05,91.9,1
2026-03-05 11:57:20+00:00,18.749147,117.07487,9.52,150.23,25.53,37.06,23.87,85.9,1
2026-03-05 11:57:37+00:00,18.748715,117.075478,9.15,126.88,25.53,37.08,27.35,111.34,1
2026-03-05 11:57:53+00:00,18.748203,117.075966,9.32,137.93,25.53,37.09,25.31,102.69,1
2026-03-05 11:58:09+00:00,18.747613,117.076378,9.56,146.53,25.53,37.11,24.4,90.3,1
2026-03-05 11:58:23+00:00,18.747217,117.076824,8.94,133.16,25.53,37.12,26.0,105.48,1
2026-03-05 11:59:17+00:00,18.745462,117.078443,9.33,138.86,25.53,37.17,25.11,102.8,1
2026-03-05 11:59:39+00:00,18.744803,117.079139,9.16,135.0,25.53,37.19,25.7,102.67,1
2026-03-05 11:59:44+00:00,18.74469,117.079334,9.36,121.46,25.53,37.2,27.53,113.48,1
2026-03-05 12:00:13+00:00,18.743856,117.080242,8.93,134.13,25.53,37.22,26.16,103.26,1
2026-03-05 12:00:42+00:00,18.742923,117.081099,9.22,138.98,25.54,37.24,24.77,98.03,1
2026-03-05 12:01:29+00:00,18.741137,117.08212,9.34,151.57,25.54,37.27,22.93,85.89,1
2026-03-05 12:01:49+00:00,18.740554,117.082806,9.43,131.91,25.54,37.29,25.88,107.03,1
2026-03-05 12:02:14+00:00,18.739758,117.083595,9.44,136.81,25.54,37.3,25.7,98.5,1
2026-03-05 12:02:41+00:00,18.738799,117.084341,9.54,143.62,25.54,37.32,24.58,92.63,1
2026-03-05 12:03:05+00:00,18.738116,117.085186,9.47,130.48,25.54,37.34,26.65,107.61,1
2026-03-05 12:03:15+00:00,18.737728,117.085432,9.78,149.02,25.54,37.34,23.42,90.8,1
2026-03-05 12:03:44+00:00,18.736784,117.086219,8.96,141.71,25.54,37.36,24.53,96.77,1
2026-03-05 12:04:24+00:00,18.735449,117.087389,9.37,140.31,25.54,37.39,25.3,102.13,1
2026-03-05 12:04:51+00:00,18.73448,117.088107,9.48,144.94,25.54,37.41,24.26,94.39,1
2026-03-05 12:05:16+00:00,18.733713,117.088878,9.16,136.41,25.54,37.43,25.85,102.77,1
2026-03-05 12:05:46+00:00,18.732658,117.089683,9.38,144.15,25.54,37.45,24.28,92.81,1
2026-03-05 12:06:12+00:00,18.731917,117.090512,8.97,133.35,25.54,37.46,26.25,105.58,1
2026-03-05 12:06:39+00:00,18.730947,117.09128,9.71,143.14,25.54,37.48,25.15,95.47,1
2026-03-05 12:07:06+00:00,18.729981,117.091917,9.12,148.02,25.54,37.5,24.1,90.54,1
2026-03-05 12:07:17+00:00,18.729705,117.092234,8.01,132.59,25.55,37.51,25.96,102.51,1
2026-03-05 12:07:29+00:00,18.729271,117.092538,9.38,146.44,25.55,37.52,24.27,94.66,1
2026-03-05 12:07:40+00:00,18.728949,117.092912,9.41,132.27,25.55,37.52,26.41,103.36,1
2026-03-05 12:07:51+00:00,18.728512,117.093135,9.54,154.21,25.55,37.53,22.91,80.6,1
2026-03-05 12:08:08+00:00,18.727955,117.093648,9.4,138.9,25.55,37.54,25.33,99.46,1
2026-03-05 12:08:20+00:00,18.727515,117.09395,9.45,146.98,25.55,37.55,24.06,93.21,1
2026-03-05 12:08:39+00:00,18.726965,117.094559,9.07,133.64,25.55,37.56,26.25,104.36,1
2026-03-05 12:09:07+00:00,18.7262,117.095478,8.95,131.31,25.55,37.58,26.22,108.41,1
2026-03-05 12:09:53+00:00,18.724553,117.096682,9.41,145.3,25.55,37.61,24.09,94.75,1
2026-03-05 12:10:08+00:00,18.724049,117.097143,9.61,139.1,25.55,37.62,25.03,99.12,1
2026-03-05 12:10:17+00:00,18.723786,117.097474,9.83,130.0,25.55,37.63,26.51,104.32,1
2026-03-05 12:10:38+00:00,18.7231,117.098086,9.24,139.8,25.55,37.64,24.91,98.31,1
2026-03-05 12:10:55+00:00,18.722506,117.098541,9.33,144.04,25.55,37.66,24.65,97.01,1
2026-03-05 12:11:20+00:00,18.721792,117.0994,9.36,131.27,25.55,37.67,26.38,106.13,1
2026-03-05 12:11:40+00:00,18.721078,117.099945,9.52,144.14,25.55,37.69,24.76,95.39,1
2026-03-05 12:11:57+00:00,18.720588,117.100503,9.16,132.84,25.55,37.7,26.37,105.96,1
2026-03-05 12:12:37+00:00,18.719377,117.101716,9.02,136.51,25.55,37.73,25.17,99.43,1
2026-03-05 12:12:56+00:00,18.718711,117.102146,8.88,148.55,25.55,37.74,24.08,90.77,1
2026-03-05 12:13:26+00:00,18.717828,117.103098,9.09,134.4,25.55,37.76,26.35,106.87,1
2026-03-05 12:13:50+00:00,18.716991,117.103698,9.11,145.83,25.55,37.77,24.03,92.47,1
2026-03-05 12:13:56+00:00,18.71683,117.103906,9.17,129.26,25.55,37.78,27.05,106.16,1
2026-03-05 12:14:16+00:00,18.716142,117.104469,9.41,142.22,25.55,37.79,24.68,96.87,1
2026-03-05 12:14:49+00:00,18.714884,117.105222,9.47,150.45,25.55,37.81,23.62,84.67,1
2026-03-05 12:15:08+00:00,18.714238,117.105708,9.02,144.53,25.55,37.82,24.15,94.6,1
2026-03-05 12:15:21+00:00,18.713858,117.106116,9.01,134.52,25.55,37.83,25.55,104.28,1
2026-03-05 12:15:47+00:00,18.712953,117.106665,8.68,150.12,25.55,37.85,23.55,90.91,1
2026-03-05 12:15:58+00:00,18.712661,117.106981,8.22,134.29,25.55,37.86,25.91,101.51,1
2026-03-05 12:16:15+00:00,18.712068,117.107423,9.23,144.78,25.55,37.87,24.4,95.02,1
2026-03-05 12:17:16+00:00,18.710289,117.109243,8.78,135.9,25.55,37.91,25.48,99.94,1
2026-03-05 12:17:29+00:00,18.709894,117.109563,8.28,142.5,25.55,37.92,24.68,93.55,1
2026-03-05 12:17:55+00:00,18.709144,117.11039,9.02,133.76,25.56,37.94,26.3,101.13,1
2026-03-05 12:18:33+00:00,18.707874,117.111369,8.94,143.87,25.56,37.96,24.64,94.13,1
2026-03-05 12:18:52+00:00,18.707457,117.111972,8.04,126.13,25.56,37.98,27.09,108.54,1
2026-03-05 12:19:20+00:00,18.706675,117.112823,8.67,134.13,25.56,38.0,25.89,103.75,1
2026-03-05 12:19:28+00:00,18.706533,117.11307,7.39,121.26,25.56,38.01,27.78,111.03,1
2026-03-05 12:19:40+00:00,18.706124,117.113399,9.26,142.7,25.56,38.01,24.53,96.59,1
2026-03-05 12:19:46+00:00,18.705874,117.1135,9.64,159.06,25.56,38.02,22.33,80.16,1
2026-03-05 12:20:08+00:00,18.705209,117.114189,9.15,135.54,25.56,38.03,26.35,102.26,1
2026-03-05 12:20:30+00:00,18.70441,117.11468,9.08,149.8,25.56,38.05,23.89,89.22,1
2026-03-05 12:20:42+00:00,18.704036,117.115049,9.22,136.94,25.56,38.05,25.74,101.88,1
2026-03-05 12:20:58+00:00,18.703706,117.115607,8.42,121.98,25.56,38.07,27.58,115.17,1
2026-03-05 12:21:17+00:00,18.703132,117.116131,8.63,139.15,25.56,38.08,25.67,98.2,1
2026-03-05 12:21:25+00:00,18.702985,117.116406,8.08,119.44,25.56,38.09,27.51,114.56,1
2026-03-05 12:21:43+00:00,18.702489,117.116965,8.71,133.13,25.56,38.1,25.98,103.9,1
2026-03-05 12:22:03+00:00,18.701781,117.117412,8.92,149.12,25.56,38.11,23.74,87.97,1
2026-03-05 12:22:52+00:00,18.700214,117.118885,9.26,138.32,25.56,38.14,25.97,99.95,1
2026-03-05 12:23:13+00:00,18.699448,117.11926,8.69,155.12,25.56,38.16,23.08,86.81,1
2026-03-05 12:23:24+00:00,18.6991,117.119537,8.56,142.99,25.56,38.16,24.5,92.86,1
2026-03-05 12:23:45+00:00,18.698553,117.120171,8.36,132.33,25.56,38.18,26.22,103.77,1
2026-03-05 12:23:52+00:00,18.698334,117.120331,8.22,145.32,25.56,38.18,24.25,90.85,1
2026-03-05 12:24:14+00:00,18.697752,117.121065,8.91,129.93,25.56,38.2,26.6,107.17,1
2026-03-05 12:24:25+00:00,18.697394,117.121324,8.53,145.58,25.56,38.21,24.71,91.44,1
2026-03-05 12:24:46+00:00,18.696756,117.121938,8.89,137.65,25.56,38.22,25.24,101.11,1
2026-03-05 12:24:58+00:00,18.696423,117.122324,8.91,132.33,25.56,38.23,26.94,102.1,1
2026-03-05 12:25:10+00:00,18.695983,117.122607,9.28,148.65,25.56,38.24,24.21,92.95,1
2026-03-05 12:25:36+00:00,18.695305,117.123416,8.51,131.5,25.56,38.25,26.81,106.72,1
2026-03-05 12:25:59+00:00,18.694524,117.124015,9.07,144.0,25.56,38.27,24.56,92.49,1
2026-03-05 12:26:14+00:00,18.694004,117.12433,8.64,150.15,25.56,38.28,23.69,83.33,1
2026-03-05 12:26:22+00:00,18.69368,117.124436,9.16,162.78,25.56,38.28,21.3,73.89,1
2026-03-05 12:26:49+00:00,18.69273,117.125061,8.96,148.07,25.56,38.3,23.9,90.26,1
2026-03-05 12:27:06+00:00,18.69219,117.125556,9.09,139.03,25.56,38.31,25.64,104.96,1
2026-03-05 12:27:21+00:00,18.69183,117.126039,8.39,128.2,25.56,38.32,27.31,109.37,1
2026-03-05 12:27:35+00:00,18.691406,117.126404,8.45,140.8,25.56,38.33,24.8,93.07,1
2026-03-05 12:27:42+00:00,18.691114,117.126584,10.44,149.72,25.57,38.33,23.72,91.31,1
2026-03-05 12:28:01+00:00,18.690368,117.126806,8.82,164.26,25.57,38.35,21.56,73.28,1
2026-03-05 12:28:48+00:00,18.689006,117.128216,8.77,135.56,25.57,38.38,25.55,102.91,1
2026-03-05 12:28:54+00:00,18.688782,117.128338,9.08,152.71,25.57,38.38,23.52,83.8,1
2026-03-05 12:29:09+00:00,18.688132,117.128437,9.46,171.79,25.57,38.39,153.36,151.92,3
2026-03-05 12:29:24+00:00,18.687631,117.128773,8.55,147.57,25.57,38.4,24.09,88.93,1
2026-03-05 12:29:43+00:00,18.687012,117.129286,8.95,141.87,25.57,38.41,24.91,94.68,1
2026-03-05 12:30:27+00:00,18.685643,117.130512,8.82,139.69,25.57,38.44,25.13,99.2,1
2026-03-05 12:30:40+00:00,18.685288,117.130913,8.64,133.06,25.57,38.45,26.32,106.04,1
2026-03-05 12:31:08+00:00,18.684316,117.131597,9.02,146.31,25.57,38.47,24.3,94.46,1
2026-03-05 12:31:33+00:00,18.683509,117.132269,8.89,141.73,25.57,38.48,24.96,98.08,1
2026-03-05 12:31:56+00:00,18.682609,117.132688,9.24,156.2,25.57,38.49,22.57,82.34,1
2026-03-05 12:32:23+00:00,18.681726,117.133408,8.93,142.32,25.57,38.51,25.09,97.93,1
2026-03-05 12:32:57+00:00,18.680654,117.134388,9.02,139.11,25.57,38.53,26.0,100.38,1
2026-03-05 12:33:14+00:00,18.680201,117.134919,8.61,132.0,25.57,38.54,26.53,105.74,1
2026-03-05 12:33:35+00:00,18.679494,117.135479,9.1,143.12,25.57,38.56,25.19,94.93,1
2026-03-05 12:34:04+00:00,18.678338,117.136044,9.49,155.16,25.57,38.57,22.53,84.14,1
2026-03-05 12:34:37+00:00,18.677072,117.136533,8.83,159.9,25.57,38.59,22.35,78.61,1
2026-03-05 12:35:10+00:00,18.67587,117.137228,8.98,151.29,25.57,38.61,23.28,92.74,1
2026-03-05 12:35:24+00:00,18.675321,117.137504,9.39,154.53,25.57,38.62,22.63,86.16,1
2026-03-05 12:35:52+00:00,18.674306,117.13795,8.49,157.4,25.57,38.64,22.52,79.11,1
2026-03-05 12:36:08+00:00,18.673753,117.138298,8.7,149.2,25.57,38.65,24.31,87.66,1
2026-03-05 12:36:26+00:00,18.673242,117.138778,8.21,138.33,25.57,38.66,25.8,97.84,1
2026-03-05 12:36:33+00:00,18.672983,117.138935,9.22,150.13,25.57,38.66,23.87,94.02,1
2026-03-05 12:37:30+00:00,18.670808,117.140062,9.19,153.85,25.58,38.69,22.75,85.04,1
2026-03-05 12:37:53+00:00,18.670001,117.140562,8.79,149.59,25.58,38.71,23.84,91.04,1
2026-03-05 12:38:27+00:00,18.668656,117.14121,9.4,155.47,25.58,38.73,23.03,83.97,1
2026-03-05 12:38:54+00:00,18.667597,117.141771,9.49,153.35,25.58,38.74,23.34,87.65,1
2026-03-05 12:39:09+00:00,18.667082,117.142146,9.02,145.4,25.58,38.75,24.01,95.52,1
2026-03-05 12:40:00+00:00,18.665147,117.143252,9.33,151.56,25.58,38.78,23.32,87.45,1
2026-03-05 12:40:10+00:00,18.664752,117.143414,9.16,158.77,25.58,38.78,22.43,79.43,1
2026-03-05 12:40:29+00:00,18.664089,117.143838,8.82,148.79,25.58,38.79,24.29,93.49,1
2026-03-05 12:40:52+00:00,18.663235,117.144121,8.41,162.57,25.58,38.81,25.91,76.7,1
2026-03-05 12:41:09+00:00,18.66259,117.144422,8.97,156.15,25.58,38.82,30.05,84.61,1
2026-03-05 12:41:25+00:00,18.66194,117.144544,8.92,169.92,25.58,38.83,24.99,69.31,1
2026-03-05 12:41:53+00:00,18.660883,117.145017,8.86,157.02,25.58,38.84,23.03,82.79,1
2026-03-05 12:42:11+00:00,18.660239,117.14545,9.17,147.5,25.58,38.85,24.47,96.37,1
2026-03-05 12:42:44+00:00,18.659213,117.146342,8.71,140.52,25.58,38.87,25.48,98.13,1
2026-03-05 12:43:13+00:00,18.658154,117.146964,9.03,150.9,25.58,38.89,23.48,89.81,1
2026-03-05 12:43:25+00:00,18.657718,117.147299,9.71,143.95,25.58,38.89,24.32,94.18,1
2026-03-05 12:43:42+00:00,18.657037,117.14765,9.64,153.97,25.58,38.9,23.09,85.38,1
2026-03-05 12:43:55+00:00,18.656629,117.148003,8.77,140.66,25.59,38.91,25.6,95.69,1
2026-03-05 12:44:08+00:00,18.656112,117.148235,9.34,156.97,25.59,38.92,23.16,85.75,1
2026-03-05 12:44:16+00:00,18.655812,117.148292,8.24,169.8,25.59,38.92,21.35,61.16,1
2026-03-05 12:44:28+00:00,18.655372,117.148522,8.84,153.65,25.59,38.93,23.44,84.63,1
2026-03-05 12:44:44+00:00,18.654838,117.148957,9.11,142.34,25.59,38.94,25.21,91.3,1
2026-03-05 12:45:22+00:00,18.653488,117.149721,8.71,151.8,25.59,38.96,23.45,85.38,1
2026-03-05 12:45:37+00:00,18.652999,117.150164,9.29,139.36,25.59,38.97,25.56,99.53,1
2026-03-05 12:45:57+00:00,18.652242,117.150658,9.62,148.27,25.59,38.98,24.68,95.53,1
2026-03-05 12:46:28+00:00,18.651059,117.151175,8.93,157.51,25.59,39.0,22.44,82.48,1
2026-03-05 12:46:55+00:00,18.650114,117.151766,8.79,149.35,25.59,39.01,24.48,88.09,1
2026-03-05 12:47:10+00:00,18.649642,117.152155,8.63,142.01,25.59,39.02,25.0,98.71,1
2026-03-05 12:47:42+00:00,18.648549,117.152876,8.71,147.99,25.59,39.04,24.61,90.97,1
2026-03-05 12:48:33+00:00,18.64689,117.15428,9.01,141.27,25.59,39.07,24.85,98.27,1
2026-03-05 12:48:56+00:00,18.646031,117.154734,9.03,153.4,25.59,39.08,23.55,83.89,1
2026-03-05 12:49:48+00:00,18.644171,117.156045,9.3,146.26,25.59,39.11,24.3,92.11,1
2026-03-05 12:50:25+00:00,18.642729,117.156644,9.05,158.52,25.59,39.13,22.15,79.42,1
2026-03-05 12:50:41+00:00,18.642158,117.157044,9.26,146.42,25.6,39.14,24.56,93.97,1
2026-03-05 12:50:58+00:00,18.641646,117.157568,9.07,135.88,25.6,39.15,26.44,103.58,1
2026-03-05 12:51:17+00:00,18.640961,117.158008,9.12,148.67,25.6,39.16,23.88,94.45,1
2026-03-05 12:51:31+00:00,18.640561,117.158359,8.03,140.26,25.6,39.17,24.86,97.83,1
2026-03-05 12:52:00+00:00,18.63943,117.158921,9.32,154.79,25.6,39.19,23.12,80.27,1
2026-03-05 12:52:22+00:00,18.638706,117.159512,8.99,142.28,25.6,39.2,25.11,97.84,1
2026-03-05 12:52:30+00:00,18.638395,117.159626,8.9,160.85,25.6,39.2,22.43,75.35,1
2026-03-05 12:52:45+00:00,18.637884,117.160024,9.15,143.57,25.6,39.21,25.24,94.52,1
2026-03-05 12:53:21+00:00,18.636491,117.160895,9.72,149.35,25.6,39.23,24.04,90.55,1
2026-03-05 12:54:00+00:00,18.634966,117.161719,9.5,152.89,25.6,39.25,24.02,86.79,1
2026-03-05 12:54:26+00:00,18.634,117.162394,9.63,146.49,25.6,39.26,24.61,92.04,1
2026-03-05 12:55:14+00:00,18.632146,117.163301,9.2,155.13,25.6,39.29,23.02,85.55,1
2026-03-05 12:55:46+00:00,18.631021,117.164171,9.42,143.77,25.6,39.31,24.49,94.14,1
2026-03-05 12:56:12+00:00,18.630188,117.164935,9.17,139.01,25.61,39.32,25.63,101.63,1
2026-03-05 12:56:29+00:00,18.629559,117.165345,9.4,148.3,25.61,39.33,24.14,97.02,1
2026-03-05 12:56:46+00:00,18.629017,117.165832,9.05,139.59,25.61,39.34,25.88,97.46,1
2026-03-05 12:57:02+00:00,18.628406,117.166245,9.8,147.36,25.61,39.35,25.86,93.86,1
2026-03-05 12:57:36+00:00,18.627378,117.167281,9.04,136.32,25.61,39.37,29.98,98.1,1
2026-03-05 12:58:33+00:00,18.625287,117.168547,9.14,150.16,25.61,39.4,24.31,89.56,1
2026-03-05 12:58:57+00:00,18.624418,117.169151,9.37,146.63,25.61,39.41,24.73,95.47,1
2026-03-05 12:59:11+00:00,18.623889,117.169393,8.9,156.56,25.61,39.42,23.42,84.48,1
2026-03-05 12:59:50+00:00,18.622606,117.170546,9.34,139.58,25.61,39.44,25.94,101.0,1
2026-03-05 13:00:42+00:00,18.620734,117.171809,9.24,147.41,25.61,39.45,24.63,94.92,1
2026-03-05 13:01:08+00:00,18.619737,117.172298,9.14,155.07,25.61,39.45,23.19,90.3,1
2026-03-05 13:01:27+00:00,18.619093,117.17283,9.3,141.94,25.62,39.45,25.41,101.98,1
2026-03-05 13:01:47+00:00,18.618366,117.173182,8.64,155.35,25.62,39.45,23.56,82.65,1
2026-03-05 13:02:04+00:00,18.61774,117.173694,10.07,142.22,25.62,39.45,24.97,97.1,1
2026-03-05 13:02:57+00:00,18.615943,117.174961,8.81,146.25,25.62,39.45,24.46,92.48,1
2026-03-05 13:03:09+00:00,18.615537,117.175286,9.18,142.82,25.62,39.45,24.9,95.55,1
2026-03-05 13:03:19+00:00,18.615245,117.175626,9.4,132.18,25.62,39.45,26.98,108.62,1
2026-03-05 13:03:39+00:00,18.61455,117.176169,9.35,143.48,25.62,39.45,25.42,94.82,1
2026-03-05 13:04:08+00:00,18.613572,117.176539,7.74,160.28,25.62,39.45,22.47,76.1,1
2026-03-05 13:04:28+00:00,18.612943,117.176948,7.98,148.36,25.62,39.45,23.52,90.93,1
2026-03-05 13:05:03+00:00,18.611914,117.177987,8.8,136.26,25.62,39.46,25.96,102.55,1
2026-03-05 13:05:18+00:00,18.611355,117.178362,9.55,147.55,25.62,39.46,24.68,91.83,1
2026-03-05 13:05:24+00:00,18.61122,117.178556,8.22,126.29,25.62,39.46,27.5,112.98,1
2026-03-05 13:05:45+00:00,18.610523,117.179095,8.89,143.76,25.63,39.46,25.09,92.13,1
2026-03-05 13:06:16+00:00,18.609708,117.179998,8.24,133.6,25.63,39.46,26.26,103.38,1
2026-03-05 13:06:34+00:00,18.609069,117.180495,9.53,143.61,25.63,39.46,24.68,97.41,1
2026-03-05 13:06:49+00:00,18.608689,117.180987,8.67,129.18,25.63,39.46,27.25,108.97,1
2026-03-05 13:07:05+00:00,18.608143,117.181508,9.94,137.88,25.63,39.46,25.85,104.09,1
2026-03-05 13:07:29+00:00,18.607449,117.18226,8.96,134.24,25.63,39.47,27.09,106.18,1
2026-03-05 13:08:03+00:00,18.606263,117.182951,8.61,151.09,25.63,39.47,24.01,87.93,1
2026-03-05 13:08:20+00:00,18.605665,117.18338,9.19,145.79,25.63,39.47,24.5,93.89,1
2026-03-05 13:09:01+00:00,18.604305,117.18448,9.03,142.53,25.63,39.47,24.99,96.58,1
2026-03-05 13:09:12+00:00,18.603955,117.184847,9.7,135.18,25.63,39.47,26.46,104.43,1
2026-03-05 13:09:34+00:00,18.603128,117.185345,9.36,150.29,25.63,39.47,23.89,92.16,1
2026-03-05 13:09:45+00:00,18.602692,117.18551,9.1,160.27,25.63,39.47,22.72,78.35,1
2026-03-05 13:10:05+00:00,18.602043,117.185961,8.4,146.63,25.63,39.47,24.56,93.64,1
2026-03-05 13:10:23+00:00,18.601517,117.18648,8.65,136.92,25.63,39.47,25.75,101.87,1
2026-03-05 13:10:34+00:00,18.601143,117.186743,8.83,146.32,25.63,39.47,25.14,92.23,1
2026-03-05 13:10:54+00:00,18.600504,117.187343,9.24,138.33,25.64,39.47,25.89,103.04,1
2026-03-05 13:11:28+00:00,18.599551,117.18846,9.06,131.99,25.64,39.47,27.04,105.75,1
2026-03-05 13:11:56+00:00,18.598672,117.189301,9.16,137.8,25.64,39.47,25.76,103.4,1
2026-03-05 13:12:09+00:00,18.598253,117.189575,8.2,148.21,25.64,39.48,24.39,90.34,1
2026-03-05 13:12:19+00:00,18.597889,117.18972,8.41,159.32,25.64,39.48,22.75,77.75,1
2026-03-05 13:12:46+00:00,18.596996,117.19039,8.77,144.58,25.64,39.48,24.27,95.88,1
2026-03-05 13:13:44+00:00,18.595154,117.192077,9.09,139.04,25.64,39.48,26.35,101.91,1
2026-03-05 13:14:11+00:00,18.594276,117.192776,8.81,142.96,25.64,39.48,25.48,98.78,1
2026-03-05 13:14:50+00:00,18.593069,117.193922,9.0,138.02,25.64,39.48,25.76,103.51,1
2026-03-05 13:15:23+00:00,18.591888,117.194622,8.87,150.67,25.64,39.48,23.58,90.03,1
2026-03-05 13:16:19+00:00,18.590079,117.195988,8.59,144.41,25.64,39.48,24.96,92.32,1
2026-03-05 13:16:56+00:00,18.589009,117.197033,8.52,137.21,25.64,39.49,25.94,106.19,1
2026-03-05 13:17:09+00:00,18.588679,117.197449,8.55,129.93,25.64,39.49,27.08,105.24,1
2026-03-05 13:17:26+00:00,18.588098,117.197922,9.33,142.34,25.64,39.49,25.32,100.15,1
2026-03-05 13:17:58+00:00,18.587237,117.198851,8.32,134.36,25.65,39.49,26.43,104.38,1
2026-03-05 13:18:25+00:00,18.586377,117.199568,8.77,141.68,25.65,39.49,25.73,95.29,1
2026-03-05 13:18:52+00:00,18.585602,117.200387,8.78,134.95,25.65,39.5,26.48,103.7,1
2026-03-05 13:19:33+00:00,18.584268,117.20154,9.09,140.67,25.65,39.5,25.18,99.14,1
2026-03-05 13:19:56+00:00,18.583375,117.202057,9.57,151.24,25.65,39.5,24.23,92.78,1
2026-03-05 13:20:30+00:00,18.582282,117.202907,8.63,143.6,25.65,39.5,25.48,94.04,1
2026-03-05 13:20:40+00:00,18.582048,117.203247,8.61,125.98,25.65,39.5,28.5,111.16,1
2026-03-05 13:21:07+00:00,18.581275,117.204072,8.8,134.67,25.65,39.5,26.02,99.59,1
2026-03-05 13:21:38+00:00,18.580041,117.204482,9.02,162.52,25.65,39.5,22.15,80.49,1
2026-03-05 13:22:14+00:00,18.578834,117.205429,9.03,143.36,25.65,39.5,24.45,94.47,1
2026-03-05 13:22:54+00:00,18.577473,117.206317,8.65,148.26,25.65,39.5,24.46,91.59,1
2026-03-05 13:23:36+00:00,18.576182,117.207522,8.87,138.5,25.65,39.5,25.64,100.65,1
2026-03-05 13:23:50+00:00,18.575696,117.207874,9.1,145.53,25.66,39.5,25.32,94.49,1
2026-03-05 13:24:24+00:00,18.574639,117.208831,8.85,139.36,25.66,39.51,25.44,101.63,1
2026-03-05 13:24:40+00:00,18.574054,117.209225,9.38,147.44,25.66,39.51,23.95,96.8,1
2026-03-05 13:25:05+00:00,18.573169,117.209694,8.56,153.33,25.66,39.51,23.4,86.12,1
2026-03-05 13:25:32+00:00,18.57235,117.210509,9.01,136.67,25.66,39.51,25.52,104.17,1
2026-03-05 13:26:17+00:00,18.570872,117.211581,8.62,145.49,25.66,39.51,24.94,94.25,1
2026-03-05 13:26:24+00:00,18.570719,117.211814,8.3,124.71,25.66,39.51,27.0,114.25,1
2026-03-05 13:26:48+00:00,18.570004,117.212505,8.73,137.51,25.66,39.51,25.94,100.56,1
2026-03-05 13:27:18+00:00,18.56898,117.213203,8.78,147.13,25.66,39.51,23.86,94.53,1
2026-03-05 13:27:27+00:00,18.568649,117.213308,8.3,163.26,25.66,39.51,22.06,76.62,1
2026-03-05 13:27:53+00:00,18.567847,117.214043,8.83,139.02,25.66,39.51,26.22,102.45,1
2026-03-05 13:29:09+00:00,18.565188,117.215558,8.59,151.63,25.66,39.51,23.91,86.11,1
2026-03-05 13:29:37+00:00,18.564226,117.216207,8.81,147.4,25.67,39.51,24.18,91.85,1
2026-03-05 13:30:11+00:00,18.563012,117.21677,8.43,156.27,25.67,39.51,23.12,82.72,1
2026-03-05 13:30:33+00:00,18.562248,117.217272,8.84,148.08,25.67,39.51,24.35,88.83,1
2026-03-05 13:30:58+00:00,18.561446,117.217891,8.59,143.81,25.67,39.51,25.12,98.37,1
2026-03-05 13:31:46+00:00,18.560013,117.219203,8.54,139.04,25.67,39.52,25.27,99.61,1
2026-03-05 13:32:03+00:00,18.559553,117.219718,8.53,133.3,25.67,39.52,26.69,105.51,1
2026-03-05 13:32:28+00:00,18.558788,117.220368,8.49,141.15,25.67,39.52,96.15,49.27,3
2026-03-05 13:33:00+00:00,18.557606,117.220992,8.93,153.41,25.67,39.52,23.33,83.76,1
2026-03-05 13:33:17+00:00,18.557032,117.221204,7.73,160.7,25.67,39.52,22.51,74.59,1
2026-03-05 13:33:38+00:00,18.556239,117.221571,8.91,156.31,25.67,39.52,23.26,83.82,1
2026-03-05 13:33:56+00:00,18.555633,117.221998,8.75,146.26,25.67,39.52,24.63,94.51,1
2026-03-05 13:34:41+00:00,18.554462,117.223376,8.43,131.87,25.67,39.52,26.27,106.36,1
2026-03-05 13:35:28+00:00,18.552977,117.224625,8.73,141.43,25.68,39.52,25.06,98.48,1
2026-03-05 13:36:00+00:00,18.552054,117.22562,8.91,134.38,25.68,39.53,26.52,104.09,1
2026-03-05 13:36:16+00:00,18.551516,117.226008,8.8,145.64,25.68,39.53,24.7,94.89,1
2026-03-05 13:36:39+00:00,18.550691,117.226389,8.46,156.36,25.68,39.53,22.95,85.2,1
2026-03-05 13:36:51+00:00,18.550296,117.226675,8.63,145.53,25.68,39.53,24.59,95.0,1
2026-03-05 13:37:44+00:00,18.548801,117.228265,8.66,134.76,25.68,39.53,26.55,105.49,1
2026-03-05 13:38:08+00:00,18.548175,117.229034,8.65,130.65,25.68,39.53,26.78,108.21,1
2026-03-05 13:38:50+00:00,18.546871,117.230176,8.72,140.3,25.68,39.54,25.51,95.84,1
2026-03-05 13:39:14+00:00,18.546116,117.230753,8.4,144.07,25.68,39.54,25.59,92.4,1
2026-03-05 13:39:54+00:00,18.544642,117.231527,8.9,153.53,25.68,39.54,23.09,87.13,1
2026-03-05 13:40:09+00:00,18.544218,117.23191,8.04,139.42,25.68,39.54,25.01,98.15,1
2026-03-05 13:40:49+00:00,18.543131,117.233104,8.48,133.84,25.69,39.54,26.67,105.24,1
2026-03-05 13:41:21+00:00,18.542283,117.234133,8.73,131.0,25.69,39.54,26.72,110.82,1
2026-03-05 13:41:45+00:00,18.541759,117.234843,7.68,127.9,25.69,39.55,26.93,109.61,1
2026-03-05 13:42:26+00:00,18.540653,117.236056,8.41,133.88,25.69,39.55,26.18,106.7,1
2026-03-05 13:42:38+00:00,18.540219,117.236308,8.92,151.17,25.69,39.55,23.81,88.89,1
2026-03-05 13:42:55+00:00,18.539592,117.236496,8.29,164.13,25.69,39.55,22.55,71.82,1
2026-03-05 13:43:07+00:00,18.539165,117.236732,8.68,152.34,25.69,39.55,23.96,86.81,1
2026-03-05 13:43:20+00:00,18.538757,117.237,7.99,148.09,25.06,39.55,24.02,88.45,1
2026-03-05 13:44:07+00:00,18.537234,117.238206,8.76,143.1,24.46,39.55,23.54,100.38,1
2026-03-05 13:44:31+00:00,18.536433,117.238679,8.27,150.76,23.89,39.55,21.93,90.62,1
2026-03-05 13:44:44+00:00,18.53599,117.238812,7.66,164.11,23.36,39.55,19.18,74.83,1
2026-03-05 13:45:04+00:00,18.535339,117.239161,7.89,153.06,22.85,39.55,20.75,89.14,1
2026-03-05 13:45:41+00:00,18.534239,117.240143,8.42,139.75,22.38,39.55,22.76,97.4,1
2026-03-05 13:46:08+00:00,18.533397,117.24079,8.34,143.92,21.94,39.56,21.6,98.93,1
2026-03-05 13:46:31+00:00,18.5326,117.241276,8.65,149.96,21.53,39.56,20.15,90.62,1
2026-03-05 13:47:29+00:00,18.53076,117.242681,8.47,144.1,21.79,39.56,21.29,98.07,1
2026-03-05 13:47:50+00:00,18.530164,117.243176,7.81,141.78,22.02,39.56,21.55,97.69,1
2026-03-05 13:48:40+00:00,18.528453,117.244188,8.48,150.72,22.25,39.56,20.82,92.57,1
2026-03-05 13:49:16+00:00,18.527364,117.245198,8.71,138.67,22.46,39.56,23.0,103.53,1
2026-03-05 13:49:48+00:00,18.526344,117.245992,8.56,143.57,22.66,39.56,21.71,100.66,1
2026-03-05 13:50:04+00:00,18.525777,117.246349,8.92,149.16,22.84,39.56,21.64,92.14,1
2026-03-05 13:50:54+00:00,18.524246,117.247604,8.38,142.14,23.02,39.56,22.99,99.95,1
2026-03-05 13:51:47+00:00,18.522653,117.249039,8.54,139.5,23.18,39.57,23.16,101.59,1
2026-03-05 13:52:20+00:00,18.521582,117.249862,8.68,143.92,23.33,39.57,23.0,94.03,1
2026-03-05 13:53:08+00:00,18.520204,117.251206,8.45,137.24,23.48,39.57,24.71,101.04,1
2026-03-05 13:53:32+00:00,18.519447,117.251835,8.68,141.77,23.61,39.57,23.34,98.79,1
2026-03-05 13:54:24+00:00,18.517772,117.253091,8.54,144.59,23.74,39.57,23.17,98.18,1
2026-03-05 13:54:45+00:00,18.517161,117.253704,8.68,136.43,23.86,39.58,24.18,104.76,1
2026-03-05 13:55:00+00:00,18.51665,117.254026,8.58,149.14,23.97,39.58,22.65,89.06,1
2026-03-05 13:55:28+00:00,18.515747,117.254783,8.9,141.52,24.08,39.58,24.02,99.17,1
2026-03-05 13:55:44+00:00,18.515187,117.255069,8.41,154.16,24.18,39.58,22.11,89.73,1
2026-03-05 13:56:24+00:00,18.513974,117.256087,8.38,141.49,24.27,39.58,23.68,98.29,1
2026-03-05 13:57:09+00:00,18.512624,117.257319,8.58,139.13,24.36,39.58,24.51,100.04,1
2026-03-05 13:57:25+00:00,18.512222,117.257839,8.59,129.19,24.45,39.58,26.41,110.71,1
2026-03-05 13:57:55+00:00,18.511294,117.258674,8.79,139.53,24.52,39.59,24.72,102.21,1
2026-03-05 13:58:22+00:00,18.510457,117.259266,8.07,146.15,24.6,39.59,23.89,91.65,1
2026-03-05 13:58:31+00:00,18.510256,117.259517,7.48,130.18,24.67,39.59,25.63,107.34,1
2026-03-05 13:58:43+00:00,18.50988,117.259777,8.1,146.75,24.73,39.59,23.87,91.29,1
2026-03-05 13:59:11+00:00,18.509122,117.260632,8.57,133.07,24.79,39.59,27.33,107.37,1
2026-03-05 13:59:26+00:00,18.508669,117.261011,8.33,141.57,24.85,39.59,27.5,97.78,1
2026-03-05 13:59:40+00:00,18.508183,117.261273,8.43,152.92,24.9,39.59,27.93,87.37,1
2026-03-05 14:00:00+00:00,18.507585,117.261802,8.44,140.01,24.95,39.6,30.16,97.57,1
2026-03-05 14:00:15+00:00,18.507005,117.262181,9.83,148.22,25.0,39.6,27.41,92.82,1
2026-03-05 14:00:53+00:00,18.505631,117.262792,8.48,157.14,25.04,39.6,22.48,83.96,1
2026-03-05 14:01:27+00:00,18.50465,117.263718,8.37,138.17,25.09,39.61,25.33,100.43,1
2026-03-05 14:02:42+00:00,18.502256,117.265037,7.78,152.41,25.13,39.63,22.89,85.77,1
2026-03-05 14:03:00+00:00,18.501655,117.265526,9.12,142.35,25.16,39.63,25.12,97.68,1
2026-03-05 14:03:59+00:00,18.499686,117.266857,8.57,147.34,25.2,39.64,24.19,93.97,1
2026-03-05 14:04:54+00:00,18.498169,117.268375,8.22,136.5,25.23,39.66,25.38,100.54,1
2026-03-05 14:05:19+00:00,18.49741,117.269023,8.44,141.0,25.26,39.67,24.55,97.72,1
2026-03-05 14:05:58+00:00,18.496105,117.269908,8.6,147.25,25.29,39.68,26.9,93.86,1
2026-03-05 14:06:12+00:00,18.495722,117.270333,8.58,133.54,25.32,39.68,30.11,107.58,1
2026-03-05 14:06:22+00:00,18.495384,117.270595,9.07,143.68,25.34,39.69,29.27,95.77,1
2026-03-05 14:06:58+00:00,18.494472,117.271664,8.19,131.97,25.37,39.7,34.22,109.74,1
2026-03-05 14:07:49+00:00,18.492994,117.273092,8.5,137.5,25.39,39.72,25.06,101.99,1
2026-03-05 14:08:56+00:00,18.490805,117.274664,8.54,145.74,25.41,39.73,24.36,91.51,1
2026-03-05 14:09:16+00:00,18.490179,117.275196,8.69,141.13,25.43,39.74,25.11,99.1,1
2026-03-05 14:09:39+00:00,18.489535,117.275883,8.61,134.67,25.45,39.75,26.35,103.46,1
2026-03-05 14:10:17+00:00,18.488351,117.276904,8.7,140.72,25.47,39.76,25.09,99.64,1
2026-03-05 14:10:41+00:00,18.487588,117.277456,8.33,145.55,25.49,39.77,25.07,93.19,1
2026-03-05 14:12:14+00:00,18.48499,117.28,8.24,137.12,25.5,39.8,25.21,101.31,1
2026-03-05 14:12:51+00:00,18.484169,117.281159,8.01,126.76,25.52,39.81,27.54,108.38,1
2026-03-05 14:13:33+00:00,18.483016,117.282222,7.88,138.83,25.53,39.83,25.45,100.74,1
2026-03-05 14:13:54+00:00,18.482317,117.282724,8.7,145.74,25.54,39.83,24.88,91.66,1
2026-03-05 14:14:28+00:00,18.481372,117.283737,8.57,134.53,25.56,39.85,,,0
2026-03-05 14:14:35+00:00,18.481156,117.283878,7.84,148.24,25.57,39.85,24.6,90.21,1
2026-03-05 14:15:05+00:00,18.480433,117.284772,8.03,130.45,25.58,39.86,26.61,110.09,1
2026-03-05 14:15:21+00:00,18.479991,117.285155,7.73,140.59,25.59,39.87,24.99,96.03,1
2026-03-05 14:15:48+00:00,18.479288,117.28596,8.31,132.64,25.6,39.88,26.95,106.87,1
2026-03-05 14:16:14+00:00,18.47848,117.286527,8.07,146.35,25.61,39.88,24.54,94.03,1
2026-03-05 14:17:34+00:00,18.476057,117.288462,8.21,142.86,25.62,39.91,25.15,97.29,1
2026-03-05 14:18:14+00:00,18.474906,117.289537,8.31,138.46,25.62,39.92,26.11,99.45,1
2026-03-05 14:18:49+00:00,18.474016,117.290604,8.32,131.33,25.63,39.94,26.45,104.54,1
2026-03-05 14:19:05+00:00,18.473549,117.291009,8.17,140.56,25.64,39.94,25.61,93.37,1
2026-03-05 14:19:38+00:00,18.472735,117.291926,7.8,133.1,25.64,39.95,26.22,103.49,1
2026-03-05 14:20:18+00:00,18.471496,117.29308,8.93,138.54,25.65,39.97,28.74,103.74,1
2026-03-05 14:21:37+00:00,18.46904,117.294818,8.09,146.13,25.66,39.99,25.09,89.99,1
2026-03-05 14:22:00+00:00,18.46836,117.295476,8.67,137.45,25.66,40.0,25.55,103.26,1
2026-03-05 14:22:23+00:00,18.467782,117.29624,8.71,128.58,25.67,40.01,27.08,108.13,1
2026-03-05 14:22:44+00:00,18.46716,117.296847,8.72,137.21,25.67,40.02,180.96,79.73,3
2026-03-05 14:23:01+00:00,18.46657,117.297247,8.92,147.26,25.68,40.02,24.83,94.47,1
2026-03-05 14:23:47+00:00,18.465131,117.298531,8.86,139.76,25.68,40.04,102.9,-137.6,3
2026-03-05 14:24:13+00:00,18.464167,117.298996,8.81,155.41,25.69,40.04,23.39,84.94,1
2026-03-05 14:24:23+00:00,18.463838,117.299221,8.48,147.03,25.69,40.05,24.5,91.44,1
2026-03-05 14:24:45+00:00,18.463197,117.299845,8.57,137.28,25.69,40.05,26.45,103.24,1
2026-03-05 14:25:06+00:00,18.462452,117.300365,9.2,146.49,25.7,40.06,24.66,94.94,1
2026-03-05 14:25:44+00:00,18.461346,117.301412,8.45,138.08,25.7,40.07,25.98,100.96,1
2026-03-05 14:26:51+00:00,18.459209,117.303022,8.47,144.45,25.7,40.09,25.33,97.94,1
2026-03-05 14:27:12+00:00,18.458669,117.303616,8.03,133.78,25.71,40.1,26.2,105.3,1
2026-03-05 14:27:45+00:00,18.457576,117.30443,8.77,144.76,25.71,40.11,25.44,93.82,1
2026-03-05 14:28:32+00:00,18.456072,117.305702,8.87,141.26,25.71,40.13,25.07,98.62,1
2026-03-05 14:28:42+00:00,18.455726,117.305918,8.69,149.37,25.72,40.13,24.77,90.37,1
2026-03-05 14:29:18+00:00,18.454426,117.306366,8.21,161.9,25.72,40.14,22.39,76.48,1
2026-03-05 14:29:41+00:00,18.453641,117.306791,8.29,152.82,25.72,40.15,23.72,91.15,1
2026-03-05 14:29:58+00:00,18.45315,117.307217,8.09,140.55,25.72,40.15,24.97,98.5,1
2026-03-05 14:30:34+00:00,18.451799,117.307714,8.59,160.76,25.72,40.16,22.46,74.43,1
2026-03-05 14:30:46+00:00,18.451386,117.30796,8.54,150.53,25.73,40.17,23.81,87.94,1
2026-03-05 14:30:56+00:00,18.45106,117.308262,9.38,138.69,25.73,40.17,25.86,98.48,1
2026-03-05 14:31:05+00:00,18.450725,117.308441,9.02,153.12,25.73,40.17,23.67,86.89,1
2026-03-05 14:31:34+00:00,18.449741,117.309208,9.12,143.52,25.73,40.18,25.53,93.28,1
2026-03-05 14:32:22+00:00,18.447991,117.310042,8.65,155.67,25.73,40.2,23.42,82.31,1
2026-03-05 14:33:22+00:00,18.445902,117.311323,8.71,149.81,25.73,40.21,24.33,87.13,1
2026-03-05 14:34:01+00:00,18.444629,117.312182,8.38,147.38,25.18,40.23,23.76,93.03,1
2026-03-05 14:34:25+00:00,18.443951,117.312809,8.12,138.74,25.06,40.24,24.91,100.11,1
2026-03-05 14:34:43+00:00,18.443338,117.313135,8.24,153.23,25.1,40.24,23.7,86.75,1
2026-03-05 14:35:02+00:00,18.442666,117.313374,8.07,161.36,24.47,40.25,21.22,77.47,1
2026-03-05 14:35:54+00:00,18.441038,117.314582,8.28,144.86,23.86,40.26,23.7,92.81,1
2026-03-05 14:36:33+00:00,18.439839,117.315201,7.4,153.91,23.28,40.28,21.34,85.86,1
2026-03-05 14:36:48+00:00,18.439419,117.315579,7.96,139.51,22.72,40.28,22.84,104.74,1
2026-03-05 14:37:20+00:00,18.438239,117.315989,8.39,161.76,22.21,40.29,19.53,81.23,1
2026-03-05 14:37:33+00:00,18.437979,117.316338,7.0,128.14,21.74,40.3,23.47,108.94,1
2026-03-05 14:38:09+00:00,18.43787,117.317053,4.12,99.13,21.31,40.32,23.68,126.89,1
2026-03-05 14:38:47+00:00,18.436701,117.317823,7.84,148.0,20.93,40.33,19.88,92.46,1
2026-03-05 14:39:19+00:00,18.435683,117.318688,8.83,141.13,21.22,40.35,21.39,104.04,1
2026-03-05 14:39:43+00:00,18.434868,117.319281,8.92,145.38,21.49,40.35,21.13,101.3,1
2026-03-05 14:39:50+00:00,18.434647,117.31956,10.65,129.86,21.75,40.36,24.57,117.0,1
2026-03-05 14:40:30+00:00,18.43337,117.320535,8.52,144.08,21.99,40.37,21.62,100.4,1
2026-03-05 14:40:46+00:00,18.432818,117.320815,8.28,154.3,22.22,40.38,20.51,89.34,1
2026-03-05 14:41:26+00:00,18.431406,117.321812,9.18,146.18,22.44,40.39,22.3,99.12,1
2026-03-05 14:41:41+00:00,18.430853,117.322053,8.62,157.54,22.64,40.39,20.33,83.84,1
2026-03-05 14:42:16+00:00,18.429582,117.322931,9.38,146.76,22.83,40.4,22.19,98.03,1
2026-03-05 14:42:45+00:00,18.428514,117.323223,8.22,165.46,23.0,40.41,19.03,73.47,1
2026-03-05 14:43:10+00:00,18.427576,117.323677,8.92,155.34,23.17,40.42,20.24,87.75,1
2026-03-05 14:43:38+00:00,18.426575,117.324316,9.03,148.8,23.33,40.43,22.32,95.01,1
2026-03-05 14:43:47+00:00,18.426336,117.324626,9.1,129.1,23.47,40.43,25.34,115.71,1
2026-03-05 14:43:59+00:00,18.42593,117.324934,9.01,144.26,23.61,40.44,23.02,95.74,1
2026-03-05 14:44:16+00:00,18.425301,117.325251,8.86,154.45,23.74,40.44,21.78,88.87,1
2026-03-05 14:44:31+00:00,18.424785,117.325616,8.95,146.13,23.86,40.45,23.09,99.18,1
2026-03-05 14:44:54+00:00,18.424072,117.326288,8.99,138.2,23.98,40.45,24.79,105.14,1
2026-03-05 14:45:07+00:00,18.423578,117.326448,8.59,162.92,24.09,40.46,20.81,79.62,1
2026-03-05 14:45:35+00:00,18.422602,117.32698,8.48,152.65,24.19,40.47,22.18,89.51,1
2026-03-05 14:45:50+00:00,18.422192,117.32743,8.53,133.84,24.28,40.47,25.56,108.93,1
2026-03-05 14:46:18+00:00,18.421289,117.328098,8.52,144.94,24.37,40.48,23.66,93.71,1
2026-03-05 14:46:24+00:00,18.42099,117.328238,11.79,156.05,24.46,40.48,22.25,90.43,1
2026-03-05 14:46:46+00:00,18.420246,117.32838,7.43,169.74,24.53,40.49,20.51,66.92,1
2026-03-05 14:47:04+00:00,18.419636,117.328716,8.26,152.41,24.61,40.5,22.65,83.37,1
2026-03-05 14:47:32+00:00,18.418765,117.32947,8.7,140.6,24.68,40.51,24.71,102.67,1
2026-03-05 14:47:38+00:00,18.41862,117.329685,9.02,125.41,24.74,40.51,27.08,116.91,1
2026-03-05 14:48:03+00:00,18.417846,117.330386,8.82,139.33,24.8,40.52,25.17,100.72,1
2026-03-05 14:48:19+00:00,18.417263,117.330715,8.93,151.83,24.86,40.53,23.08,89.01,1
2026-03-05 14:48:48+00:00,18.416323,117.331342,8.29,147.67,24.92,40.54,23.28,92.14,1
2026-03-05 14:49:20+00:00,18.415376,117.332186,8.38,139.78,24.97,40.55,24.9,100.16,1
2026-03-05 14:49:38+00:00,18.414666,117.332527,9.37,155.5,25.01,40.55,22.95,87.27,1
2026-03-05 14:50:05+00:00,18.413738,117.333167,8.88,146.8,25.06,40.56,24.04,95.56,1
2026-03-05 14:50:26+00:00,18.413068,117.333657,8.39,145.24,25.1,40.57,24.29,94.45,1
2026-03-05 14:50:49+00:00,18.412383,117.334312,8.69,137.78,25.14,40.58,25.85,104.41,1
2026-03-05 14:51:38+00:00,18.41061,117.335411,9.07,149.54,25.18,40.6,23.62,93.05,1
2026-03-05 14:52:18+00:00,18.409108,117.336135,8.92,155.42,25.21,40.61,22.48,84.65,1
2026-03-05 14:52:43+00:00,18.40829,117.336741,8.64,144.9,25.25,40.62,24.54,98.31,1
2026-03-05 14:53:20+00:00,18.40689,117.337297,8.74,159.35,25.28,40.63,22.28,78.54,1
2026-03-05 14:53:54+00:00,18.405635,117.337979,8.98,152.72,25.31,40.64,23.17,88.5,1
2026-03-05 14:54:14+00:00,18.404946,117.338468,8.98,146.04,25.33,40.65,24.48,97.2,1
2026-03-05 14:54:50+00:00,18.403814,117.339521,9.07,138.57,25.36,40.66,25.88,101.07,1
2026-03-05 14:55:20+00:00,18.402835,117.340227,8.55,145.62,25.38,40.67,24.6,95.28,1
2026-03-05 14:56:00+00:00,18.40134,117.341014,9.03,153.46,25.41,40.69,23.53,89.12,1
2026-03-05 14:56:17+00:00,18.400721,117.34141,9.21,148.74,25.43,40.69,24.76,91.42,1
2026-03-05 14:56:33+00:00,18.400079,117.341632,9.13,161.83,25.45,40.7,22.05,79.37,1
2026-03-05 14:56:40+00:00,18.399842,117.341791,8.68,147.52,25.47,40.7,24.49,92.75,1
2026-03-05 14:57:01+00:00,18.399159,117.342349,8.89,142.22,25.48,40.71,25.11,97.57,1
2026-03-05 14:57:25+00:00,18.398392,117.343146,9.7,135.4,25.5,40.72,26.28,111.29,1
2026-03-05 14:58:15+00:00,18.396596,117.344366,9.24,147.2,25.51,40.73,24.38,93.16,1
2026-03-05 14:59:13+00:00,18.39458,117.345871,9.21,144.69,25.53,40.75,24.82,99.05,1
2026-03-05 14:59:50+00:00,18.393281,117.346545,8.46,153.79,25.54,40.77,23.67,85.49,1
2026-03-05 15:00:21+00:00,18.392162,117.347247,9.08,149.23,25.56,40.78,24.97,90.17,1
2026-03-05 15:01:05+00:00,18.390762,117.348433,8.82,141.2,25.57,40.8,25.28,99.7,1
2026-03-05 15:01:27+00:00,18.390012,117.348948,8.79,146.91,25.58,40.81,24.51,95.26,1
2026-03-05 15:02:00+00:00,18.388895,117.349884,9.35,141.51,25.59,40.83,25.54,102.21,1
2026-03-05 15:02:18+00:00,18.388184,117.350319,9.87,149.86,25.6,40.83,24.37,96.73,1
2026-03-05 15:02:51+00:00,18.387044,117.351261,9.49,141.9,25.61,40.85,25.63,106.22,1
2026-03-05 15:03:14+00:00,18.38618,117.35171,9.05,153.75,25.62,40.86,24.0,88.29,1
2026-03-05 15:03:32+00:00,18.385498,117.352158,9.65,148.06,25.62,40.86,23.84,93.52,1
2026-03-05 15:03:50+00:00,18.384807,117.352461,8.99,157.41,25.63,40.87,22.35,84.77,1
2026-03-05 15:04:26+00:00,18.383537,117.353349,9.15,146.43,25.64,40.89,24.66,94.74,1
2026-03-05 15:04:50+00:00,18.382862,117.354039,8.47,135.87,25.64,40.9,26.63,105.59,1
2026-03-05 15:05:14+00:00,18.381956,117.354497,9.05,154.37,25.65,40.91,23.09,84.58,1
2026-03-05 15:05:22+00:00,18.381747,117.354759,8.78,130.05,25.66,40.91,26.34,114.39,1
2026-03-05 15:05:52+00:00,18.380713,117.3555,9.01,145.78,25.66,40.93,25.09,97.31,1
2026-03-05 15:06:00+00:00,18.380463,117.355801,10.26,131.19,25.67,40.93,,,0
2026-03-05 15:06:21+00:00,18.379748,117.356381,9.29,142.41,25.67,40.94,25.18,98.02,1
2026-03-05 15:07:08+00:00,18.378047,117.35745,9.11,149.19,25.67,40.96,24.11,94.16,1
2026-03-05 15:07:51+00:00,18.376621,117.358617,9.08,142.17,25.68,40.98,25.23,101.59,1
2026-03-05 15:08:18+00:00,18.375601,117.359313,9.73,147.07,25.68,41.0,24.85,93.51,1
2026-03-05 15:08:32+00:00,18.375195,117.359743,8.89,134.85,25.68,41.0,26.42,107.04,1
2026-03-05 15:09:01+00:00,18.374182,117.360547,9.45,143.01,25.69,41.02,25.61,95.4,1
2026-03-05 15:09:16+00:00,18.373676,117.360893,8.69,147.02,25.69,41.02,23.89,93.56,1
2026-03-05 15:09:34+00:00,18.372974,117.361242,9.32,154.74,25.69,41.03,23.29,89.76,1
2026-03-05 15:09:48+00:00,18.372549,117.361622,8.61,139.68,25.69,41.04,25.5,99.47,1
2026-03-05 15:09:59+00:00,18.372081,117.361799,9.77,160.26,25.7,41.04,22.52,79.94,1
2026-03-05 15:10:21+00:00,18.371277,117.362242,8.91,152.39,25.7,41.05,27.84,89.24,1
2026-03-05 15:10:31+00:00,18.370964,117.362524,8.9,139.47,25.7,41.06,30.32,100.23,1
2026-03-05 15:10:50+00:00,18.370448,117.363181,9.21,129.61,25.7,41.07,26.96,112.26,1
2026-03-05 15:11:31+00:00,18.369046,117.364293,9.25,143.03,25.7,41.09,25.47,97.12,1
2026-03-05 15:11:53+00:00,18.36824,117.364625,8.5,158.65,25.7,41.1,23.21,80.0,1
2026-03-05 15:12:06+00:00,18.367812,117.364951,8.78,144.14,25.7,41.1,25.78,92.75,1
2026-03-05 15:12:19+00:00,18.367362,117.365172,8.25,155.01,25.71,41.11,23.46,85.09,1
2026-03-05 15:13:00+00:00,18.366013,117.366157,8.65,145.28,25.71,41.13,25.14,95.11,1
2026-03-05 15:13:10+00:00,18.365723,117.366456,8.77,135.62,25.71,41.14,25.96,102.4,1
2026-03-05 15:13:59+00:00,18.363899,117.367509,9.17,151.28,25.71,41.16,23.42,91.17,1
2026-03-05 15:14:21+00:00,18.363255,117.368107,8.43,138.61,25.71,41.17,26.25,103.38,1
2026-03-05 15:14:37+00:00,18.362841,117.368595,8.39,131.79,25.71,41.18,26.96,107.09,1
2026-03-05 15:14:49+00:00,18.36241,117.368911,9.46,145.17,25.71,41.19,25.51,97.95,1
2026-03-05 15:15:42+00:00,18.360653,117.370527,9.51,138.88,25.71,41.21,25.78,103.97,1
2026-03-05 15:16:17+00:00,18.359715,117.371641,8.73,131.58,25.71,41.23,27.26,106.03,1
2026-03-05 15:16:36+00:00,18.35912,117.372199,9.06,138.33,25.71,41.24,26.74,107.11,1
2026-03-05 15:17:03+00:00,18.358545,117.373158,8.62,122.28,25.71,41.26,28.49,115.5,1
2026-03-05 15:17:34+00:00,18.35768,117.374146,8.9,132.69,25.71,41.28,27.08,109.13,1
2026-03-05 15:18:10+00:00,18.356801,117.375334,8.58,127.94,25.71,41.3,27.58,113.0,1
2026-03-05 15:18:30+00:00,18.356197,117.375878,8.59,139.48,25.71,41.31,25.45,100.7,1
2026-03-05 15:19:37+00:00,18.354662,117.3781,8.41,126.05,25.71,41.35,28.19,114.07,1
2026-03-05 15:20:11+00:00,18.353757,117.379186,8.72,131.28,25.71,41.37,26.98,109.31,1
2026-03-05 15:20:44+00:00,18.352699,117.380217,9.44,137.23,25.71,41.39,26.62,102.1,1
2026-03-05 15:21:10+00:00,18.351778,117.38081,8.97,148.57,25.71,41.4,24.13,92.57,1
2026-03-05 15:21:26+00:00,18.351311,117.381258,8.53,137.68,25.71,41.41,25.83,101.4,1
2026-03-05 15:21:48+00:00,18.350535,117.381796,9.13,146.65,25.7,41.42,25.35,94.55,1
2026-03-05 15:22:01+00:00,18.350053,117.381962,8.43,161.9,25.7,41.43,22.52,75.66,1
2026-03-05 15:22:15+00:00,18.349561,117.382283,8.93,148.23,25.7,41.44,25.09,95.76,1
2026-03-05 15:22:51+00:00,18.348516,117.383305,8.56,137.13,25.7,41.46,26.25,106.45,1
2026-03-05 15:23:22+00:00,18.347928,117.384431,8.51,118.82,25.7,41.48,28.24,121.37,1
2026-03-05 15:23:37+00:00,18.347551,117.384976,9.22,126.08,25.7,41.49,28.38,117.01,1
2026-03-05 15:24:15+00:00,18.346305,117.386045,9.14,140.84,25.7,41.51,25.67,100.4,1
2026-03-05 15:24:38+00:00,18.345752,117.38685,8.86,125.89,25.7,41.52,28.2,112.72,1
2026-03-05 15:24:52+00:00,18.345346,117.387315,9.26,132.61,25.7,41.53,27.16,107.3,1
2026-03-05 15:25:18+00:00,18.344475,117.38793,8.72,146.17,25.7,41.55,24.5,96.41,1
2026-03-05 15:25:49+00:00,18.343527,117.388821,8.86,138.26,25.7,41.56,26.23,103.39,1
2026-03-05 15:25:56+00:00,18.343302,117.388948,7.88,151.82,25.7,41.57,24.79,87.44,1
2026-03-05 15:26:15+00:00,18.342812,117.389595,8.94,128.59,25.7,41.58,27.79,114.42,1
2026-03-05 15:26:38+00:00,18.342086,117.39019,8.64,142.12,25.69,41.59,25.55,99.7,1
2026-03-05 15:26:57+00:00,18.341645,117.390795,8.24,127.52,25.69,41.61,27.86,109.77,1
2026-03-05 15:27:09+00:00,18.341287,117.391139,8.73,137.63,25.69,41.61,26.32,101.92,1
2026-03-05 15:27:39+00:00,18.340322,117.392012,9.16,139.35,25.69,41.63,27.48,104.01,1
2026-03-05 15:28:01+00:00,18.339471,117.392385,9.06,157.41,25.69,41.64,28.45,86.86,1
2026-03-05 15:28:11+00:00,18.339189,117.392686,8.68,134.63,25.69,41.65,32.41,107.07,1
2026-03-05 15:28:23+00:00,18.33877,117.392938,8.69,150.28,25.69,41.65,28.01,94.94,1
2026-03-05 15:28:41+00:00,18.338184,117.393442,9.08,140.77,25.69,41.66,25.6,104.46,1
2026-03-05 15:29:11+00:00,18.337024,117.393956,9.07,157.19,25.69,41.68,23.7,85.96,1
2026-03-05 15:30:01+00:00,18.335206,117.395089,9.13,149.39,25.69,41.7,24.48,91.43,1
2026-03-05 15:30:32+00:00,18.334141,117.395872,9.06,145.09,25.69,41.72,24.92,94.49,1
2026-03-05 15:31:03+00:00,18.333223,117.396778,8.77,136.87,25.68,41.74,26.69,103.43,1
2026-03-05 15:31:21+00:00,18.33259,117.397231,9.19,145.81,25.68,41.75,25.0,98.26,1
2026-03-05 15:31:59+00:00,18.331385,117.398317,9.02,139.45,25.68,41.77,26.29,106.04,1
2026-03-05 15:32:12+00:00,18.331068,117.39878,9.01,125.8,25.68,41.78,28.0,115.42,1
2026-03-05 15:32:40+00:00,18.330197,117.399654,9.29,136.39,25.68,41.8,26.58,108.11,1
2026-03-05 15:32:56+00:00,18.329785,117.400161,8.56,130.57,25.68,41.81,27.39,109.06,1
2026-03-05 15:33:16+00:00,18.329136,117.40061,8.39,146.71,25.68,41.82,24.97,95.38,1
2026-03-05 15:33:43+00:00,18.328396,117.401491,8.94,131.5,25.68,41.84,26.64,111.14,1
2026-03-05 15:34:12+00:00,18.32746,117.402243,8.77,142.67,25.68,41.85,25.19,94.96,1
2026-03-05 15:34:29+00:00,18.326834,117.402603,9.07,151.37,25.67,41.86,24.48,90.35,1
2026-03-05 15:34:51+00:00,18.326104,117.403138,8.74,145.17,25.67,41.88,25.11,98.37,1
2026-03-05 15:35:08+00:00,18.325497,117.403453,8.6,153.77,25.67,41.89,23.68,88.22,1
2026-03-05 15:35:33+00:00,18.324697,117.404121,8.83,141.6,25.67,41.9,25.29,97.7,1
2026-03-05 15:35:55+00:00,18.324177,117.404904,8.91,124.98,25.67,41.92,27.85,110.38,1
2026-03-05 15:36:27+00:00,18.323197,117.405842,8.94,137.74,25.67,41.94,25.71,103.23,1
2026-03-05 15:37:29+00:00,18.321391,117.407828,9.1,133.77,25.67,41.97,26.93,107.78,1
2026-03-05 15:38:00+00:00,18.32051,117.408837,9.07,132.61,25.67,41.99,26.95,107.16,1
2026-03-05 15:38:37+00:00,18.319583,117.410129,8.98,127.08,25.66,42.02,27.62,113.92,1
2026-03-05 15:38:54+00:00,18.319014,117.410574,9.01,143.41,25.66,42.03,25.45,99.93,1
2026-03-05 15:39:11+00:00,18.318543,117.411182,9.47,129.22,25.66,42.04,27.9,114.07,1
2026-03-05 15:39:29+00:00,18.317983,117.411708,9.01,138.28,25.66,42.05,26.89,99.01,1
2026-03-05 15:39:46+00:00,18.31754,117.412347,9.55,126.14,25.66,42.06,27.83,112.92,1
2026-03-05 15:40:44+00:00,18.315992,117.41439,9.25,128.59,25.66,42.1,28.15,112.29,1
2026-03-05 15:40:55+00:00,18.315761,117.414808,9.02,120.2,25.66,42.11,29.19,120.84,1
2026-03-05 15:41:00+00:00,18.315593,117.41495,9.31,141.26,25.66,42.11,25.63,102.66,1
2026-03-05 15:41:32+00:00,18.3149,117.416112,8.8,122.14,25.65,42.14,28.59,118.63,1
2026-03-05 15:42:15+00:00,18.313758,117.41754,8.91,130.11,25.65,42.17,27.32,110.21,1
2026-03-05 15:42:48+00:00,18.312958,117.418784,9.34,124.11,25.65,42.19,28.56,116.36,1
2026-03-05 15:43:04+00:00,18.31246,117.419282,9.28,136.49,25.65,42.2,27.07,104.59,1
2026-03-05 15:43:24+00:00,18.311805,117.419794,8.81,143.42,25.65,42.21,25.63,100.19,1
2026-03-05 15:43:36+00:00,18.311394,117.419995,8.16,155.1,25.65,42.22,23.85,83.78,1
2026-03-05 15:44:11+00:00,18.310374,117.42089,8.2,140.2,25.65,42.24,25.69,102.07,1
2026-03-05 15:44:42+00:00,18.309609,117.421956,8.85,127.09,25.65,42.26,27.43,114.02,1
2026-03-05 15:45:10+00:00,18.30882,117.422785,8.6,135.07,25.64,42.28,26.59,105.93,1
2026-03-05 15:45:42+00:00,18.308083,117.423866,8.53,125.68,25.64,42.31,28.31,112.97,1
2026-03-05 15:46:20+00:00,18.306997,117.425174,9.38,131.17,25.64,42.33,27.02,108.41,1
2026-03-05 15:46:44+00:00,18.306424,117.426054,9.12,124.44,25.64,42.35,28.06,115.18,1
2026-03-05 15:47:32+00:00,18.305085,117.427575,8.87,132.84,25.64,42.38,27.1,108.01,1
2026-03-05 15:48:15+00:00,18.304123,117.42912,8.82,123.26,25.64,42.41,28.11,112.26,1
2026-03-05 15:49:08+00:00,18.302852,117.430906,8.64,126.85,25.64,42.45,27.6,113.2,1
2026-03-05 15:49:44+00:00,18.301735,117.432026,9.26,136.41,25.63,42.48,26.52,108.2,1
2026-03-05 15:50:03+00:00,18.301091,117.43249,8.88,145.63,25.63,42.49,24.74,98.1,1
2026-03-05 15:50:42+00:00,18.300058,117.43381,9.0,129.5,25.63,42.52,27.32,111.03,1
2026-03-05 15:51:10+00:00,18.299193,117.434592,8.8,139.36,25.63,42.54,26.3,102.84,1
2026-03-05 15:51:41+00:00,18.298401,117.435706,9.21,126.83,25.63,42.56,27.69,113.67,1
2026-03-05 15:52:16+00:00,18.297372,117.43683,9.16,133.96,25.63,42.58,26.53,108.73,1
2026-03-05 15:52:31+00:00,18.29688,117.437209,8.78,143.82,25.62,42.59,25.23,101.67,1
2026-03-05 15:53:03+00:00,18.295951,117.438213,8.99,134.26,25.62,42.62,27.13,109.8,1
2026-03-05 15:53:56+00:00,18.294739,117.440112,8.86,123.91,25.62,42.66,28.3,117.78,1
2026-03-05 15:54:13+00:00,18.294326,117.440671,8.55,127.89,25.62,42.67,27.54,111.72,1
2026-03-05 15:54:27+00:00,18.293891,117.441082,9.02,138.11,25.62,42.68,26.36,106.01,1
2026-03-05 15:54:55+00:00,18.293242,117.442094,8.95,124.04,25.62,42.7,27.86,113.46,1
2026-03-05 15:55:08+00:00,18.292823,117.442509,9.56,136.76,25.62,42.71,26.85,106.38,1
2026-03-05 15:55:14+00:00,18.292665,117.442759,10.27,123.65,25.61,42.71,29.18,120.66,1
2026-03-05 15:55:19+00:00,18.292491,117.442852,8.43,153.09,25.61,42.72,23.89,90.33,1
2026-03-05 15:55:29+00:00,18.292196,117.443157,8.94,135.53,25.61,42.72,27.01,108.05,1
2026-03-05 15:55:42+00:00,18.291854,117.443641,9.52,126.66,25.61,42.73,27.91,116.25,1
2026-03-05 15:56:01+00:00,18.291215,117.444123,8.94,144.39,25.61,42.74,25.7,98.16,1
2026-03-05 15:56:15+00:00,18.290945,117.444661,8.92,117.86,25.61,42.76,29.25,123.14,1
2026-03-05 15:56:36+00:00,18.290314,117.445409,9.78,131.62,25.61,42.77,27.49,110.0,1
2026-03-05 15:56:52+00:00,18.289772,117.445859,9.32,141.75,25.61,42.78,25.84,100.21,1
2026-03-05 15:57:02+00:00,18.289604,117.446252,8.85,114.24,25.6,42.79,29.6,125.12,1
2026-03-05 15:57:09+00:00,18.289423,117.446475,8.6,130.53,25.6,42.8,27.7,110.95,1
2026-03-05 15:57:34+00:00,18.288557,117.447118,9.16,144.82,25.6,42.81,25.01,95.06,1
2026-03-05 15:57:44+00:00,18.288217,117.447331,8.55,149.25,25.6,42.82,24.36,93.96,1
2026-03-05 15:58:04+00:00,18.287778,117.448105,9.25,120.85,25.6,42.83,29.28,121.73,1
2026-03-05 15:58:14+00:00,18.287518,117.448433,8.77,129.86,25.6,42.84,,,0
2026-03-05 15:58:54+00:00,18.286316,117.449744,9.35,134.0,25.6,42.87,27.35,113.82,1
2026-03-05 15:59:19+00:00,18.285541,117.450468,8.96,138.43,25.6,42.89,26.8,102.92,1
2026-03-05 15:59:38+00:00,18.285038,117.451102,8.92,129.88,25.59,42.9,27.43,111.18,1
2026-03-05 16:00:02+00:00,18.284256,117.451773,9.08,140.83,25.59,42.92,26.16,101.58,1
2026-03-05 16:00:38+00:00,18.282918,117.452615,9.36,149.14,25.59,42.91,24.33,94.98,1
2026-03-05 16:00:55+00:00,18.282411,117.45318,9.39,133.38,25.59,42.91,27.41,109.07,1
2026-03-05 16:01:12+00:00,18.281843,117.453662,9.27,141.14,25.59,42.91,26.0,99.68,1
2026-03-05 16:01:17+00:00,18.281736,117.453862,9.42,119.4,25.59,42.91,29.4,120.66,1
2026-03-05 16:02:04+00:00,18.280401,117.455439,9.23,131.72,25.59,42.9,27.19,110.68,1
2026-03-05 16:02:12+00:00,18.280219,117.455772,9.86,119.92,25.59,42.9,117.63,-13.07,3
2026-03-05 16:02:38+00:00,18.279515,117.456627,8.93,130.93,25.59,42.9,27.54,115.4,1
2026-03-05 16:02:56+00:00,18.279106,117.457274,8.86,123.65,25.58,42.9,27.77,119.86,1
2026-03-05 16:03:10+00:00,18.278657,117.457715,9.48,137.0,25.58,42.9,26.54,105.14,1
2026-03-05 16:03:18+00:00,18.278465,117.458015,9.28,123.98,25.58,42.9,265.02,-137.65,3
2026-03-05 16:04:17+00:00,18.276592,117.459805,9.27,137.78,25.58,42.89,26.51,105.22,1
2026-03-05 16:04:36+00:00,18.276105,117.460473,9.1,127.52,25.58,42.89,28.52,117.86,1
2026-03-05 16:04:59+00:00,18.275349,117.461117,9.14,141.03,25.58,42.89,26.22,101.95,1
2026-03-05 16:05:36+00:00,18.274244,117.462377,9.51,132.72,25.58,42.88,27.12,107.89,1
2026-03-05 16:06:01+00:00,18.273488,117.463185,9.31,134.58,25.58,42.88,26.97,107.5,1
2026-03-05 16:07:04+00:00,18.27132,117.46502,9.54,141.21,25.57,42.87,25.95,104.5,1
2026-03-05 16:07:51+00:00,18.269865,117.466466,9.2,136.66,25.57,42.86,26.12,107.78,1
2026-03-05 16:08:15+00:00,18.269121,117.467272,9.61,134.19,25.57,42.86,26.83,109.04,1
2026-03-05 16:08:51+00:00,18.267989,117.468303,8.99,139.14,25.57,42.86,25.99,105.05,1
2026-03-05 16:09:06+00:00,18.26754,117.468852,9.91,130.74,25.57,42.86,27.15,108.48,1
2026-03-05 16:09:27+00:00,18.266776,117.469276,8.89,152.21,25.57,42.85,24.14,91.19,1
2026-03-05 16:09:39+00:00,18.2664,117.469618,8.95,139.18,25.57,42.85,26.06,105.28,1
2026-03-05 16:10:04+00:00,18.265512,117.470223,9.14,147.1,25.56,42.85,24.44,94.9,1
2026-03-05 16:10:10+00:00,18.265379,117.470431,8.58,123.95,25.56,42.85,28.31,114.71,1
2026-03-05 16:10:24+00:00,18.264927,117.470863,9.42,137.77,25.56,42.84,26.69,102.11,1
2026-03-05 16:10:28+00:00,18.264842,117.471035,9.95,117.49,25.56,42.84,29.85,127.33,1
2026-03-05 16:10:50+00:00,18.264188,117.471675,8.77,137.1,25.56,42.84,26.3,103.65,1
2026-03-05 16:11:37+00:00,18.262804,117.473255,9.39,132.69,25.56,42.84,27.43,110.78,1
2026-03-05 16:12:16+00:00,18.261731,117.474606,9.27,129.91,25.56,42.83,27.83,113.71,1
2026-03-05 16:12:42+00:00,18.260909,117.475343,8.97,139.59,25.56,42.83,26.16,106.26,1
2026-03-05 16:12:58+00:00,18.260464,117.475871,9.06,131.59,25.55,42.83,27.05,110.31,1
2026-03-05 16:13:25+00:00,18.259547,117.476687,9.61,139.8,25.55,42.83,26.27,103.31,1
2026-03-05 16:13:55+00:00,18.258719,117.477724,9.27,130.06,25.55,42.82,27.96,112.72,1
2026-03-05 16:14:05+00:00,18.258383,117.478022,9.5,139.89,25.55,42.82,25.96,106.63,1
2026-03-05 16:15:09+00:00,18.256602,117.480277,9.41,129.75,25.55,42.82,28.32,112.55,1
2026-03-05 16:15:23+00:00,18.256117,117.48068,9.54,141.72,25.55,42.81,25.69,100.56,1
2026-03-05 16:15:52+00:00,18.25521,117.481645,9.61,134.7,25.55,42.81,27.0,105.87,1
2026-03-05 16:16:06+00:00,18.254856,117.48214,9.09,126.98,25.54,42.81,27.77,112.24,1
2026-03-05 16:16:56+00:00,18.253104,117.48333,9.01,147.18,25.54,42.8,24.95,97.89,1
2026-03-05 16:17:25+00:00,18.252204,117.484257,9.38,135.63,25.54,42.8,26.25,107.02,1
2026-03-05 16:17:40+00:00,18.251646,117.484658,9.73,145.69,25.54,42.8,25.06,98.0,1
2026-03-05 16:18:05+00:00,18.250827,117.48546,9.67,137.08,25.54,42.79,26.3,105.52,1
2026-03-05 16:18:43+00:00,18.249726,117.486823,9.67,130.38,25.54,42.79,28.67,112.99,1
2026-03-05 16:19:06+00:00,18.248922,117.487488,9.61,141.85,25.54,42.79,30.53,102.01,1
2026-03-05 16:19:18+00:00,18.248493,117.487712,8.63,153.62,25.53,42.78,30.27,88.35,1
2026-03-05 16:19:53+00:00,18.247319,117.488675,9.19,142.08,25.53,42.78,27.75,104.06,1
2026-03-05 16:20:05+00:00,18.24686,117.488924,9.3,152.74,25.53,42.77,25.57,94.46,1
2026-03-05 16:20:50+00:00,18.24542,117.490329,9.43,137.18,25.53,42.77,26.62,103.13,1
2026-03-05 16:21:05+00:00,18.244892,117.490708,9.21,145.72,25.53,42.77,24.89,98.63,1
2026-03-05 16:22:15+00:00,18.242747,117.493084,9.61,133.55,25.53,42.76,27.2,108.39,1
2026-03-05 16:22:42+00:00,18.241971,117.494043,9.58,130.43,25.53,42.75,27.68,112.1,1
2026-03-05 16:23:02+00:00,18.24146,117.494794,9.48,125.62,25.52,42.75,28.11,117.16,1
2026-03-05 16:23:28+00:00,18.240628,117.495683,9.85,134.58,25.52,42.75,27.12,109.08,1
2026-03-05 16:23:51+00:00,18.239772,117.496181,9.19,151.08,25.52,42.74,24.46,93.21,1
2026-03-05 16:24:04+00:00,18.239384,117.49661,9.35,133.6,25.52,42.74,28.75,110.72,1
2026-03-05 16:24:24+00:00,18.23863,117.497165,9.94,145.04,25.52,42.74,29.15,100.83,1
2026-03-05 16:24:42+00:00,18.238075,117.497745,9.39,135.21,25.52,42.73,32.37,106.71,1
2026-03-05 16:24:48+00:00,18.237832,117.497872,9.77,153.6,25.52,42.73,29.28,90.38,1
2026-03-05 16:25:12+00:00,18.237012,117.498542,9.35,142.19,25.51,42.73,28.61,98.7,1
2026-03-05 16:25:33+00:00,18.236347,117.499208,9.45,136.43,25.51,42.72,27.22,105.32,1
2026-03-05 16:26:04+00:00,18.235196,117.500039,9.73,145.56,25.51,42.72,25.45,103.2,1
2026-03-05 16:26:27+00:00,18.234565,117.500878,9.55,128.37,25.51,42.71,141.81,70.53,3
2026-03-05 16:27:07+00:00,18.233216,117.502122,9.69,138.79,25.51,42.7,26.15,103.01,1
2026-03-05 16:27:21+00:00,18.232664,117.502536,10.46,144.54,25.51,42.7,25.76,102.47,1
2026-03-05 16:27:34+00:00,18.232216,117.502778,8.37,152.84,25.51,42.7,23.54,88.79,1
2026-03-05 16:27:56+00:00,18.231501,117.503439,9.35,138.71,25.5,42.69,25.96,104.35,1
2026-03-05 16:28:10+00:00,18.230951,117.503805,10.05,147.71,25.5,42.69,24.58,100.76,1
2026-03-05 16:28:22+00:00,18.230579,117.504202,9.54,134.61,25.5,42.68,27.25,109.91,1
2026-03-05 16:28:47+00:00,18.22964,117.504752,9.29,150.91,25.5,42.68,24.54,92.04,1
2026-03-05 16:29:15+00:00,18.2288,117.505692,9.46,133.25,25.5,42.67,27.25,109.0,1
2026-03-05 16:30:04+00:00,18.227105,117.507121,9.58,141.31,25.5,42.66,26.17,101.82,1
2026-03-05 16:30:22+00:00,18.226521,117.507717,9.77,135.89,25.5,42.65,26.52,109.86,1
2026-03-05 16:30:42+00:00,18.22594,117.508468,9.94,129.16,25.49,42.65,28.03,113.69,1
2026-03-05 16:30:51+00:00,18.225592,117.508684,9.7,149.48,25.49,42.64,24.47,91.84,1
2026-03-05 16:31:08+00:00,18.225007,117.509194,9.66,140.37,25.49,42.64,26.27,103.75,1
2026-03-05 16:31:31+00:00,18.224159,117.509654,8.96,152.74,25.49,42.63,23.9,87.41,1
2026-03-05 16:32:09+00:00,18.223078,117.510945,9.3,131.4,25.49,42.62,27.2,115.49,1
2026-03-05 16:32:25+00:00,18.222662,117.511501,9.08,128.23,25.49,42.62,27.87,111.54,1
2026-03-05 16:32:46+00:00,18.221947,117.512058,9.15,143.5,25.49,42.61,25.66,99.52,1
2026-03-05 16:33:07+00:00,18.221351,117.51281,9.58,129.84,25.49,42.61,28.13,113.52,1
2026-03-05 16:33:15+00:00,18.221077,117.513029,9.29,142.79,25.48,42.61,27.08,100.23,1
2026-03-05 16:33:31+00:00,18.220618,117.513627,9.87,128.94,25.48,42.6,30.92,113.74,1
2026-03-05 16:33:40+00:00,18.220324,117.513874,9.03,141.41,25.48,42.6,29.27,102.36,1
2026-03-05 16:33:54+00:00,18.219934,117.514406,9.86,127.66,25.48,42.6,34.03,118.44,1
2026-03-05 16:34:53+00:00,18.218043,117.516322,9.61,136.1,25.48,42.58,26.86,109.11,1
2026-03-05 16:35:14+00:00,18.2175,117.517094,9.39,126.52,25.48,42.58,28.15,118.45,1
2026-03-05 16:35:28+00:00,18.217038,117.517556,9.84,136.47,25.48,42.57,26.09,105.59,1
2026-03-05 16:35:42+00:00,18.216649,117.518076,9.71,128.22,25.47,42.57,27.84,115.25,1
2026-03-05 16:35:59+00:00,18.216108,117.518588,9.25,138.05,25.47,42.56,25.59,105.36,1
2026-03-05 16:36:27+00:00,18.215253,117.519579,9.82,132.25,25.47,42.56,27.76,112.05,1
2026-03-05 16:36:32+00:00,18.215146,117.519804,10.33,116.59,25.47,42.56,29.68,128.05,1
2026-03-05 16:36:51+00:00,18.214553,117.520549,10.5,129.96,25.47,42.55,28.36,114.17,1
2026-03-05 16:37:20+00:00,18.213639,117.521508,9.62,135.1,25.47,42.54,27.1,107.63,1
2026-03-05 16:37:41+00:00,18.213115,117.522306,9.48,124.66,25.47,42.54,28.1,118.29,1
2026-03-05 16:38:01+00:00,18.212485,117.52297,9.63,134.97,25.47,42.53,26.5,105.02,1
2026-03-05 16:38:17+00:00,18.212095,117.523593,9.57,123.39,25.46,42.53,28.7,117.97,1
2026-03-05 16:39:12+00:00,18.210181,117.525236,9.71,140.81,25.46,42.51,25.66,103.19,1
2026-03-05 16:39:40+00:00,18.209332,117.526173,9.5,133.65,25.46,42.5,27.03,107.6,1
2026-03-05 16:40:08+00:00,18.208376,117.526941,9.28,142.65,25.46,42.49,25.37,102.94,1
2026-03-05 16:40:46+00:00,18.206857,117.527717,9.6,154.11,25.46,42.48,23.13,88.4,1
2026-03-05 16:41:00+00:00,18.206349,117.528139,9.99,141.72,25.46,42.48,25.14,102.94,1
2026-03-05 16:41:29+00:00,18.205423,117.529199,10.2,132.6,25.46,42.47,27.47,112.3,1
2026-03-05 16:41:51+00:00,18.20459,117.529722,9.53,149.19,25.45,42.46,24.31,97.87,1
2026-03-05 16:42:26+00:00,18.203222,117.530442,9.45,153.44,25.45,42.45,23.6,90.77,1
2026-03-05 16:43:11+00:00,18.201686,117.531723,9.41,141.61,25.45,42.43,25.9,103.9,1
2026-03-05 16:43:35+00:00,18.200907,117.532576,10.12,133.87,25.45,42.43,27.5,111.84,1
2026-03-05 16:43:49+00:00,18.200334,117.532855,9.75,155.18,25.45,42.42,23.39,90.01,1
2026-03-05 16:44:15+00:00,18.199372,117.532891,8.0,177.96,25.45,42.41,20.41,58.12,1
2026-03-05 16:44:27+00:00,18.198973,117.533174,8.67,146.03,25.44,42.41,25.02,93.3,1
2026-03-05 16:44:51+00:00,18.198247,117.533993,9.58,133.02,25.44,42.4,26.68,110.31,1
2026-03-05 16:45:07+00:00,18.197619,117.534408,10.02,147.88,25.44,42.39,24.8,96.41,1
2026-03-05 16:45:33+00:00,18.196578,117.534915,9.54,155.17,25.44,42.39,23.62,91.06,1
2026-03-05 16:45:59+00:00,18.195668,117.535653,9.55,142.39,25.44,42.38,25.78,103.06,1
2026-03-05 16:46:53+00:00,18.193554,117.53673,9.4,154.17,25.44,42.36,23.03,89.5,1
2026-03-05 16:47:11+00:00,18.192849,117.537019,9.09,158.72,25.44,42.35,22.67,82.14,1
2026-03-05 16:47:44+00:00,18.191657,117.537872,9.44,145.79,25.43,42.34,24.72,99.13,1
2026-03-05 16:48:07+00:00,18.190838,117.53862,10.19,139.05,25.43,42.33,26.3,103.9,1
2026-03-05 16:48:38+00:00,18.189718,117.539508,9.78,143.01,25.43,42.32,25.64,99.93,1
2026-03-05 16:49:06+00:00,18.188622,117.540062,9.39,154.35,25.43,42.31,24.02,87.66,1
2026-03-05 16:49:46+00:00,18.187186,117.541092,9.39,145.73,25.43,42.29,24.83,97.74,1
2026-03-05 16:49:58+00:00,18.186695,117.54136,9.96,152.59,25.43,42.29,23.73,95.08,1
2026-03-05 16:50:22+00:00,18.185849,117.542129,10.07,139.19,25.43,42.28,26.54,105.51,1
2026-03-05 16:50:53+00:00,18.184739,117.542873,9.18,147.51,25.42,42.27,24.74,94.91,1
2026-03-05 16:51:13+00:00,18.184104,117.543462,9.15,138.61,25.42,42.26,26.43,101.03,1
2026-03-05 16:51:32+00:00,18.183362,117.543884,9.59,151.62,25.42,42.26,24.1,93.89,1
2026-03-05 16:51:59+00:00,18.18238,117.544692,9.98,141.98,25.42,42.25,25.34,101.21,1
2026-03-05 16:52:43+00:00,18.180679,117.545523,9.21,155.1,25.42,42.23,25.22,88.6,1
2026-03-05 16:53:02+00:00,18.180047,117.5461,9.52,139.06,25.42,42.22,30.53,103.72,1
2026-03-05 16:53:21+00:00,18.179308,117.546605,10.02,147.01,25.41,42.21,27.83,99.86,1
2026-03-05 16:53:57+00:00,18.178153,117.547824,9.82,134.92,25.41,42.2,27.16,108.43,1
2026-03-05 16:54:11+00:00,18.177632,117.548186,9.64,146.57,25.41,42.2,25.39,97.59,1
2026-03-05 16:54:35+00:00,18.176825,117.548964,9.86,137.51,25.41,42.19,26.64,107.48,1
2026-03-05 16:55:05+00:00,18.175774,117.549706,9.12,146.15,25.41,42.18,25.19,101.11,1
2026-03-05 16:56:07+00:00,18.173327,117.551024,9.58,152.9,25.41,42.15,23.59,93.18,1
2026-03-05 16:56:57+00:00,18.171353,117.551899,9.26,157.16,25.4,42.13,22.72,86.12,1
2026-03-05 16:57:33+00:00,18.169996,117.552776,9.56,148.45,25.4,42.12,24.75,95.67,1
2026-03-05 16:57:49+00:00,18.169334,117.552953,9.23,165.75,25.4,42.11,21.82,76.05,1
2026-03-05 16:58:09+00:00,18.168562,117.553326,9.18,155.34,25.4,42.1,23.39,86.04,1
2026-03-05 16:58:24+00:00,18.16808,117.553759,9.13,139.52,25.4,42.1,25.97,101.97,1
2026-03-05 16:58:38+00:00,18.167526,117.553959,9.04,161.07,25.4,42.09,22.55,80.11,1
2026-03-05 16:59:23+00:00,18.165899,117.555129,9.46,145.66,25.39,42.07,25.32,99.38,1
2026-03-05 16:59:35+00:00,18.16544,117.555395,9.44,151.16,25.39,42.07,24.41,90.56,1
2026-03-05 16:59:50+00:00,18.16486,117.555625,8.93,159.35,25.39,42.06,22.89,85.82,1
2026-03-05 17:00:07+00:00,18.164277,117.556023,8.84,147.03,25.39,42.05,24.89,96.8,1
2026-03-05 17:00:24+00:00,18.163645,117.556261,8.53,160.31,25.39,42.03,22.78,81.15,1
2026-03-05 17:01:01+00:00,18.162399,117.557174,8.87,145.15,25.39,41.98,24.77,97.11,1
2026-03-05 17:01:20+00:00,18.161718,117.557567,8.84,151.26,25.39,41.95,24.19,89.94,1
2026-03-05 17:01:44+00:00,18.160868,117.558204,9.4,144.55,25.38,41.92,24.65,99.37,1
2026-03-05 17:02:07+00:00,18.159974,117.558756,9.74,149.6,25.38,41.89,24.58,96.95,1
2026-03-05 17:02:28+00:00,18.159168,117.559379,10.29,143.7,25.38,41.86,25.0,100.16,1
2026-03-05 17:03:21+00:00,18.157253,117.560449,8.84,152.04,25.38,41.79,23.9,87.08,1
2026-03-05 17:03:58+00:00,18.155984,117.561499,9.43,141.82,25.38,41.74,25.23,102.69,1
2026-03-05 17:04:09+00:00,18.155576,117.561729,9.09,151.82,25.38,41.72,24.0,91.55,1
2026-03-05 17:04:41+00:00,18.154485,117.562533,9.0,145.0,25.38,41.68,24.89,95.03,1
2026-03-05 17:04:49+00:00,18.154166,117.562691,9.53,154.8,25.38,41.67,22.86,87.45,1
2026-03-05 17:05:09+00:00,18.153516,117.563323,9.56,137.26,25.38,41.64,26.35,103.94,1
2026-03-05 17:05:47+00:00,18.15207,117.564253,9.64,148.57,25.37,41.59,24.2,93.8,1
2026-03-05 17:06:00+00:00,18.151587,117.564494,8.89,154.63,25.37,41.58,23.63,86.78,1
2026-03-05 17:06:38+00:00,18.150219,117.565441,9.31,146.66,25.37,41.52,24.64,95.73,1
2026-03-05 17:07:04+00:00,18.149259,117.565944,8.92,153.53,25.37,41.49,23.64,87.22,1
2026-03-05 17:07:26+00:00,18.14854,117.566564,9.13,140.67,25.37,41.46,25.27,99.93,1
2026-03-05 17:08:44+00:00,18.145815,117.568345,8.89,148.16,25.37,41.36,24.16,93.21,1
2026-03-05 17:08:54+00:00,18.145498,117.56864,9.15,138.51,25.37,41.34,25.73,103.7,1
2026-03-05 17:09:28+00:00,18.144278,117.569491,9.3,146.46,25.37,41.3,24.89,95.59,1
2026-03-05 17:09:42+00:00,18.143834,117.569944,9.55,135.89,25.37,41.28,26.88,108.86,1
2026-03-05 17:10:37+00:00,18.141816,117.571141,9.1,150.59,25.37,41.21,29.92,92.65,1
2026-03-05 17:11:19+00:00,18.140291,117.572262,9.57,145.06,25.37,41.15,25.19,94.85,1
2026-03-05 17:11:45+00:00,18.139334,117.572765,8.89,153.46,25.37,41.11,22.82,89.22,1
2026-03-05 17:11:55+00:00,18.138975,117.573028,9.45,145.15,25.36,41.1,24.47,98.84,1
2026-03-05 17:12:19+00:00,18.138257,117.573916,9.98,130.39,25.36,41.07,27.08,111.19,1
2026-03-05 17:12:58+00:00,18.136807,117.574854,9.43,148.42,25.36,41.02,23.87,91.38,1
2026-03-05 17:13:20+00:00,18.13609,117.575532,9.47,138.06,25.36,40.99,25.48,104.17,1
2026-03-05 17:13:51+00:00,18.134931,117.576443,10.09,143.24,25.36,40.94,25.34,100.69,1
2026-03-05 17:14:20+00:00,18.133758,117.577175,10.16,149.33,25.36,40.91,24.09,92.86,1
2026-03-05 17:14:38+00:00,18.133151,117.577707,9.49,140.21,25.36,40.88,25.71,99.22,1
2026-03-05 17:15:27+00:00,18.131359,117.578873,9.29,148.27,25.36,40.82,24.46,93.82,1
2026-03-05 17:15:49+00:00,18.130584,117.579506,9.64,142.18,25.36,40.79,25.37,100.08,1
2026-03-05 17:16:13+00:00,18.129716,117.579951,8.7,154.02,25.36,40.75,23.53,85.92,1
2026-03-05 17:16:23+00:00,18.129382,117.580263,9.65,138.4,25.36,40.74,25.88,103.85,1
2026-03-05 17:16:45+00:00,18.128584,117.580724,8.94,151.23,25.36,40.71,23.39,87.93,1
2026-03-05 17:17:06+00:00,18.127918,117.581332,9.08,139.06,25.36,40.68,203.27,88.75,3
2026-03-05 17:17:22+00:00,18.127349,117.581741,9.31,145.66,25.36,40.66,24.47,97.47,1
2026-03-05 17:17:46+00:00,18.126498,117.582284,8.96,148.77,25.36,40.63,23.84,91.84,1
2026-03-05 17:18:21+00:00,18.125335,117.583404,9.74,137.53,25.36,40.58,25.98,101.5,1
2026-03-05 17:18:31+00:00,18.124942,117.583633,9.71,151.02,25.35,40.57,23.5,91.11,1
2026-03-05 17:18:47+00:00,18.124406,117.584105,9.44,140.07,25.35,40.55,25.42,99.71,1
2026-03-05 17:19:15+00:00,18.123362,117.584672,9.07,152.7,25.35,40.51,25.64,89.3,1
2026-03-05 17:19:53+00:00,18.122076,117.585756,9.37,141.3,25.35,40.46,30.06,101.12,1
2026-03-05 17:19:59+00:00,18.121844,117.585891,9.55,151.06,25.35,40.45,27.32,88.2,1
2026-03-05 17:20:12+00:00,18.121403,117.586014,7.59,165.15,25.35,40.44,23.95,73.32,1
2026-03-05 17:20:39+00:00,18.120462,117.58658,8.68,150.25,25.35,40.4,24.17,87.95,1
2026-03-05 17:20:49+00:00,18.120112,117.586857,9.47,143.05,25.35,40.39,25.19,102.1,1
2026-03-05 17:21:02+00:00,18.119793,117.587341,9.31,124.74,25.35,40.37,28.47,114.96,1
2026-03-05 17:21:15+00:00,18.11936,117.58771,9.26,140.99,25.35,40.36,25.69,97.93,1
2026-03-05 17:21:36+00:00,18.118574,117.588212,9.46,148.74,25.35,40.33,24.44,91.18,1
2026-03-05 17:22:17+00:00,18.117052,117.588976,8.89,154.49,25.35,40.27,22.75,86.96,1
2026-03-05 17:22:35+00:00,18.116418,117.589212,8.08,160.52,25.35,40.25,22.62,77.1,1
2026-03-05 17:23:04+00:00,18.115405,117.58988,8.91,147.92,25.35,40.21,24.16,92.65,1
2026-03-05 17:23:17+00:00,18.114901,117.590098,9.06,157.65,25.35,40.2,22.48,86.56,1
2026-03-05 17:23:51+00:00,18.113781,117.590987,8.92,142.97,25.35,40.15,24.99,96.2,1
2026-03-05 17:24:23+00:00,18.112609,117.591611,8.87,153.16,25.35,40.11,23.63,87.54,1
2026-03-05 17:24:53+00:00,18.111528,117.592475,9.78,142.78,25.35,40.07,25.23,102.49,1
2026-03-05 17:25:47+00:00,18.109433,117.593637,9.48,152.2,25.35,40.0,23.2,90.3,1
2026-03-05 17:26:11+00:00,18.108722,117.594435,9.36,133.15,25.35,39.97,26.75,104.24,1
2026-03-05 17:26:33+00:00,18.108006,117.595075,9.23,139.65,25.35,39.94,25.28,102.23,1
2026-03-05 17:27:11+00:00,18.106583,117.596043,9.64,147.11,25.35,39.89,24.37,92.71,1
2026-03-05 17:27:37+00:00,18.105629,117.596643,9.24,149.13,25.35,39.85,23.85,94.9,1
2026-03-05 17:27:45+00:00,18.10542,117.596901,8.71,130.44,25.34,39.84,26.65,106.78,1
2026-03-05 17:27:58+00:00,18.105227,117.597385,8.29,112.76,25.34,39.83,29.12,128.94,1
2026-03-05 17:28:05+00:00,18.105006,117.597599,9.27,137.37,25.34,39.82,25.51,106.24,1
2026-03-05 17:28:24+00:00,18.104305,117.598088,9.57,146.45,25.34,39.8,24.97,93.82,1
2026-03-05 17:28:33+00:00,18.103961,117.598243,8.99,156.82,25.34,39.78,22.17,83.64,1
2026-03-05 17:28:51+00:00,18.103307,117.598777,9.94,142.19,25.34,39.76,24.97,101.78,1
2026-03-05 17:29:13+00:00,18.102487,117.599253,9.2,151.11,25.34,39.73,23.71,91.47,1
2026-03-05 17:29:34+00:00,18.101779,117.59986,9.4,140.82,25.34,39.7,25.45,101.17,1
2026-03-05 17:30:05+00:00,18.100641,117.600497,8.99,151.98,25.34,39.66,23.42,90.95,1
2026-03-05 17:30:27+00:00,18.099877,117.601089,9.32,143.63,25.34,39.63,24.78,97.16,1
2026-03-05 17:31:01+00:00,18.09866,117.601816,8.9,150.41,25.34,39.59,23.81,89.0,1
2026-03-05 17:31:17+00:00,18.098105,117.602339,10.07,138.15,25.34,39.57,25.76,103.39,1
2026-03-05 17:31:55+00:00,18.096776,117.603181,8.82,148.94,25.34,39.52,24.32,92.67,1
2026-03-05 17:32:12+00:00,18.096107,117.603501,9.34,155.55,25.34,39.5,23.09,86.25,1
2026-03-05 17:32:16+00:00,18.096012,117.603666,9.91,121.2,25.34,39.49,28.77,118.99,1
2026-03-05 17:32:27+00:00,18.095603,117.603905,9.19,150.95,25.34,39.48,23.29,91.39,1
2026-03-05 17:32:42+00:00,18.095088,117.604371,9.79,139.3,25.34,39.46,25.53,98.23,1
2026-03-05 17:33:14+00:00,18.093867,117.605183,9.76,147.7,25.34,39.42,24.04,94.92,1
2026-03-05 17:33:55+00:00,18.092463,117.606403,9.6,140.44,25.34,39.36,25.01,101.21,1
2026-03-05 17:34:06+00:00,18.092012,117.606671,10.18,150.54,25.34,39.35,23.76,95.81,1
2026-03-05 17:34:21+00:00,18.091485,117.607071,9.36,144.19,25.34,39.33,24.5,93.62,1
2026-03-05 17:34:37+00:00,18.090982,117.607566,9.3,136.91,25.34,39.31,26.01,106.45,1
2026-03-05 17:34:56+00:00,18.090256,117.608049,9.77,147.69,25.34,39.28,23.79,94.37,1
2026-03-05 17:35:06+00:00,18.089952,117.608374,9.37,134.54,25.34,39.27,26.71,106.57,1
2026-03-05 17:35:33+00:00,18.088942,117.608941,9.16,151.91,25.34,39.24,23.12,91.87,1
2026-03-05 17:36:13+00:00,18.087669,117.610104,9.11,139.03,25.34,39.19,25.48,101.96,1
2026-03-05 17:36:20+00:00,18.087467,117.610368,9.95,128.83,25.34,39.18,27.51,112.54,1
2026-03-05 17:36:33+00:00,18.087003,117.610717,9.48,144.44,25.34,39.16,24.43,97.04,1
2026-03-05 17:36:43+00:00,18.086712,117.611065,9.52,131.34,25.34,39.15,26.98,107.7,1
2026-03-05 17:37:59+00:00,18.084139,117.613025,9.03,144.09,25.34,39.05,24.22,95.69,1
2026-03-05 17:38:25+00:00,18.083328,117.61375,8.85,139.64,25.34,39.02,25.69,98.09,1
2026-03-05 17:38:31+00:00,18.083102,117.613905,9.72,146.9,25.34,39.01,24.19,94.51,1
2026-03-05 17:38:49+00:00,18.082444,117.614158,8.41,159.92,25.34,38.99,22.04,73.35,1
2026-03-05 17:39:07+00:00,18.081892,117.614526,7.85,147.64,25.34,38.97,23.91,90.23,1
2026-03-05 17:39:19+00:00,18.081499,117.614878,9.3,139.59,25.34,38.95,25.57,100.27,1
2026-03-05 17:39:44+00:00,18.080565,117.615417,9.21,151.25,25.34,38.92,23.26,88.31,1
2026-03-05 17:39:51+00:00,18.080351,117.615644,9.38,134.76,25.34,38.91,25.88,105.54,1
2026-03-05 17:40:49+00:00,18.078346,117.617187,9.26,143.81,25.33,38.84,24.56,93.46,1
2026-03-05 17:41:24+00:00,18.077255,117.618284,9.32,136.29,25.33,38.79,25.47,107.32,1
2026-03-05 17:41:43+00:00,18.076556,117.618667,8.97,152.49,25.33,38.77,23.77,86.77,1
2026-03-05 17:42:06+00:00,18.075801,117.619398,9.64,137.37,25.33,38.74,25.55,102.83,1
2026-03-05 17:42:28+00:00,18.07499,117.619917,9.33,148.68,25.33,38.71,24.07,89.69,1
2026-03-05 17:42:43+00:00,18.074489,117.620351,9.35,140.53,25.33,38.69,25.2,99.56,1
2026-03-05 17:44:07+00:00,18.071522,117.622482,9.24,145.67,25.33,38.59,23.99,97.03,1
2026-03-05 17:44:18+00:00,18.071188,117.622863,9.68,132.68,25.33,38.57,26.46,109.37,1
2026-03-05 17:44:40+00:00,18.070416,117.623511,9.7,141.41,25.33,38.55,25.26,101.05,1
2026-03-05 17:45:04+00:00,18.069437,117.62404,9.91,152.81,25.33,38.51,23.04,89.82,1
2026-03-05 17:45:27+00:00,18.068691,117.624671,9.0,141.2,25.33,38.49,25.31,97.17,1
2026-03-05 17:45:41+00:00,18.068173,117.624925,8.82,155.01,25.33,38.47,23.11,80.82,1
2026-03-05 17:46:13+00:00,18.067083,117.625813,9.31,142.24,25.33,38.43,25.09,97.16,1
2026-03-05 17:46:28+00:00,18.066479,117.626111,9.61,154.87,25.33,38.41,22.6,85.31,1
2026-03-05 17:47:02+00:00,18.065307,117.627076,9.46,141.95,25.33,38.37,24.55,100.22,1
2026-03-05 17:48:13+00:00,18.062787,117.628663,8.94,149.09,25.33,38.28,23.49,90.48,1
2026-03-05 17:48:30+00:00,18.062193,117.628964,8.38,154.28,25.33,38.26,22.99,86.39,1
2026-03-05 17:48:56+00:00,18.061317,117.629723,9.44,140.52,25.33,38.23,25.24,101.67,1
2026-03-05 17:49:23+00:00,18.060285,117.630311,9.4,151.56,25.33,38.19,22.61,87.49,1
2026-03-05 17:50:08+00:00,18.058763,117.631677,9.61,139.53,25.33,38.14,25.25,96.92,1
2026-03-05 17:50:48+00:00,18.057375,117.632659,9.04,146.07,25.33,38.09,24.17,95.66,1
2026-03-05 17:51:07+00:00,18.056709,117.633095,8.92,148.1,25.33,38.06,23.72,93.31,1
2026-03-05 17:51:25+00:00,18.056143,117.633684,9.56,135.31,25.33,38.04,26.31,101.47,1
2026-03-05 17:51:38+00:00,18.055718,117.634008,8.73,144.06,25.33,38.03,24.53,97.08,1
2026-03-05 17:51:53+00:00,18.055304,117.634499,8.99,131.57,25.33,38.01,26.74,107.12,1
2026-03-05 17:52:17+00:00,18.054442,117.635111,9.37,145.98,25.33,37.98,24.07,93.98,1
2026-03-05 17:52:40+00:00,18.053689,117.63576,9.15,140.67,25.33,37.95,25.25,101.46,1
2026-03-05 17:52:59+00:00,18.052987,117.636061,8.62,157.82,25.33,37.93,22.81,82.37,1
2026-03-05 17:53:15+00:00,18.052389,117.636427,9.35,149.8,25.33,37.91,23.9,91.06,1
2026-03-05 17:54:21+00:00,18.050085,117.638342,9.62,141.68,25.33,37.83,24.52,99.16,1
2026-03-05 17:54:41+00:00,18.049375,117.638745,8.72,151.65,25.33,37.8,23.14,87.48,1
2026-03-05 17:55:04+00:00,18.048556,117.639319,9.25,146.32,25.33,37.77,23.94,92.04,1
2026-03-05 17:55:18+00:00,18.048166,117.639765,8.89,132.6,25.33,37.76,26.27,104.87,1
2026-03-05 17:55:32+00:00,18.047636,117.640013,8.96,156.02,25.33,37.74,22.72,80.43,1
2026-03-05 17:56:06+00:00,18.046371,117.640771,9.26,150.33,25.33,37.7,23.13,88.13,1
2026-03-05 17:56:33+00:00,18.045455,117.641537,9.37,141.51,25.33,37.67,24.83,96.93,1
2026-03-05 17:56:45+00:00,18.045063,117.641927,9.72,136.59,25.33,37.65,25.07,101.75,1
2026-03-05 17:57:17+00:00,18.043914,117.642703,9.22,147.29,25.33,37.61,24.29,91.94,1
2026-03-05 17:57:23+00:00,18.043736,117.642886,8.97,135.65,25.33,37.61,25.51,101.55,1
2026-03-05 17:57:37+00:00,18.043215,117.643175,9.09,152.19,25.33,37.59,23.09,87.4,1
2026-03-05 17:58:15+00:00,18.041951,117.644004,8.47,148.05,25.33,37.55,23.63,85.79,1
2026-03-05 17:58:54+00:00,18.040587,117.645033,9.3,144.35,25.33,37.5,24.66,94.4,1
2026-03-05 17:59:08+00:00,18.040067,117.64531,9.0,153.14,25.33,37.48,22.06,85.34,1
2026-03-05 17:59:15+00:00,18.039797,117.645382,8.6,165.77,25.33,37.47,21.1,69.73,1
2026-03-05 17:59:30+00:00,18.039385,117.64588,9.04,131.03,25.33,37.46,26.33,106.11,1
2026-03-05 17:59:40+00:00,18.039022,117.646108,9.14,149.15,25.33,37.44,23.4,86.27,1
2026-03-05 17:59:56+00:00,18.038666,117.64668,8.78,123.21,25.33,37.43,27.93,113.57,1
2026-03-05 18:00:09+00:00,18.038251,117.647103,9.61,135.9,25.33,37.42,25.46,104.49,1
2026-03-05 18:00:38+00:00,18.037241,117.6477,8.64,150.66,25.33,37.4,23.54,87.62,1
2026-03-05 18:00:53+00:00,18.0366,117.647904,9.65,163.16,25.33,37.39,21.29,77.99,1
2026-03-05 18:01:12+00:00,18.035971,117.648395,8.91,143.42,25.33,37.37,24.8,94.9,1
2026-03-05 18:01:28+00:00,18.035394,117.64867,8.56,155.62,25.33,37.36,22.37,82.21,1
2026-03-05 18:01:45+00:00,18.034869,117.649179,9.08,137.33,25.33,37.35,25.16,100.96,1
2026-03-05 18:01:58+00:00,18.034453,117.649436,8.02,149.57,25.33,37.35,23.83,87.57,1
2026-03-05 18:02:15+00:00,18.033959,117.649935,8.71,136.15,25.33,37.33,25.62,97.76,1
2026-03-05 18:02:36+00:00,18.033278,117.650484,8.83,142.53,25.33,37.32,24.08,93.33,1
2026-03-05 18:03:15+00:00,18.031919,117.651506,9.26,144.43,25.33,37.3,24.11,97.42,1
2026-03-05 18:03:36+00:00,18.031313,117.652162,8.95,134.17,25.33,37.28,25.95,98.31,1
2026-03-05 18:03:52+00:00,18.030673,117.652512,9.74,152.52,25.33,37.27,23.18,87.07,1
2026-03-05 18:04:09+00:00,18.030184,117.652972,8.34,138.19,25.33,37.26,24.92,100.45,1
2026-03-05 18:04:33+00:00,18.02933,117.653601,9.39,144.99,25.33,37.24,23.31,93.77,1
2026-03-05 18:04:52+00:00,18.028603,117.654,9.33,152.44,25.33,37.23,23.12,85.55,1
2026-03-05 18:05:24+00:00,18.027433,117.654819,9.49,146.35,25.33,37.21,23.59,93.1,1
2026-03-05 18:06:05+00:00,18.026096,117.65606,9.4,138.57,25.33,37.18,24.61,99.35,1
2026-03-05 18:06:23+00:00,18.025441,117.656485,9.24,148.33,25.33,37.17,22.77,90.31,1
2026-03-05 18:06:35+00:00,18.025052,117.656858,9.48,137.64,25.33,37.17,,,0
2026-03-05 18:07:05+00:00,18.023962,117.657551,9.18,148.84,25.33,37.15,23.58,91.76,1
2026-03-05 18:07:33+00:00,18.023063,117.658455,9.6,136.28,25.33,37.13,25.55,105.41,1
2026-03-05 18:07:54+00:00,18.022267,117.658939,9.46,149.96,25.33,37.11,23.76,88.82,1
2026-03-05 18:08:05+00:00,18.021908,117.659235,8.96,141.9,25.33,37.11,24.81,93.05,1
2026-03-05 18:08:14+00:00,18.021722,117.659514,7.78,125.03,25.33,37.1,27.25,107.91,1
2026-03-05 18:08:54+00:00,18.020257,117.660333,8.97,152.0,25.33,37.08,22.62,85.37,1
2026-03-05 18:09:17+00:00,18.019449,117.660696,8.26,156.87,25.33,37.06,22.39,79.86,1
2026-03-05 18:09:47+00:00,18.018457,117.661426,8.72,145.02,25.33,37.04,23.63,90.14,1
2026-03-05 18:10:28+00:00,18.017007,117.662393,9.05,147.62,25.33,37.02,23.64,88.8,1
2026-03-05 18:11:03+00:00,18.015751,117.663145,8.93,150.34,25.33,37.0,23.21,88.28,1
2026-03-05 18:11:34+00:00,18.014655,117.66407,9.8,141.25,25.33,36.98,25.0,100.11,1
2026-03-05 18:12:00+00:00,18.013675,117.664557,9.01,154.71,25.33,36.96,22.61,81.68,1
2026-03-05 18:12:18+00:00,18.013063,117.665063,9.35,141.82,25.33,36.95,24.84,93.96,1
2026-03-05 18:13:39+00:00,18.010077,117.666734,9.03,151.98,25.34,36.9,23.22,92.3,1
2026-03-05 18:14:23+00:00,18.008477,117.667786,9.27,147.98,25.34,36.87,24.28,91.92,1
2026-03-05 18:14:55+00:00,18.007294,117.66837,8.83,154.85,25.34,36.85,22.49,81.66,1
2026-03-05 18:15:19+00:00,18.006457,117.668874,8.69,150.2,25.34,36.84,23.02,88.39,1
2026-03-05 18:15:41+00:00,18.00578,117.669533,9.06,137.21,25.34,36.82,25.4,99.98,1
2026-03-05 18:16:00+00:00,18.005148,117.670039,9.04,142.71,25.34,36.81,24.22,96.65,1
2026-03-05 18:16:27+00:00,18.004263,117.670904,9.67,137.09,25.34,36.79,25.9,101.98,1
2026-03-05 18:16:58+00:00,18.003119,117.671501,8.9,153.6,25.34,36.78,22.67,83.8,1
2026-03-05 18:17:15+00:00,18.002578,117.672008,9.21,138.29,25.34,36.77,25.0,99.27,1
2026-03-05 18:17:56+00:00,18.001179,117.672959,8.78,147.12,25.34,36.74,23.61,87.01,1
2026-03-05 18:18:22+00:00,18.000301,117.673674,9.23,142.24,25.34,36.72,24.75,99.61,1
2026-03-05 18:18:46+00:00,17.999546,117.674354,8.95,139.42,25.34,36.71,24.9,95.9,1
2026-03-05 18:18:56+00:00,17.99925,117.674725,9.95,129.99,25.34,36.7,26.5,105.85,1
2026-03-05 18:19:28+00:00,17.998221,117.675558,8.77,142.41,25.34,36.68,24.97,94.04,1
2026-03-05 18:19:38+00:00,17.99785,117.675759,9.02,152.74,25.34,36.68,22.61,82.78,1
2026-03-05 18:19:56+00:00,17.99729,117.676311,9.22,136.85,25.34,36.67,25.4,100.65,1
2026-03-05 18:20:51+00:00,17.995433,117.677803,9.18,142.61,25.34,36.63,24.66,96.55,1
2026-03-05 18:21:30+00:00,17.994249,117.678981,9.03,136.58,25.34,36.61,24.9,102.53,1
2026-03-05 18:21:56+00:00,17.993399,117.679676,8.95,142.13,25.34,36.59,24.66,96.69,1
2026-03-05 18:22:37+00:00,17.991931,117.680694,9.27,146.59,25.34,36.57,24.1,90.81,1
2026-03-05 18:23:01+00:00,17.991087,117.681108,8.39,154.99,25.34,36.55,24.75,80.72,1
2026-03-05 18:23:37+00:00,17.98986,117.681879,8.58,149.14,25.34,36.53,25.28,87.98,1
2026-03-05 18:23:57+00:00,17.98911,117.682208,8.78,157.35,25.34,36.52,23.43,75.54,1
2026-03-05 18:24:14+00:00,17.988655,117.682696,8.26,134.43,25.35,36.51,26.01,101.91,1
2026-03-05 18:24:44+00:00,17.987621,117.683453,9.08,145.15,25.35,36.49,24.29,89.4,1
2026-03-05 18:24:57+00:00,17.987266,117.683876,8.92,131.42,25.35,36.49,26.21,109.02,1
2026-03-05 18:25:11+00:00,17.986809,117.684245,8.9,142.48,25.35,36.48,24.37,93.67,1
2026-03-05 18:25:32+00:00,17.986247,117.684942,8.95,130.29,25.35,36.47,26.14,105.64,1
2026-03-05 18:26:04+00:00,17.985136,117.685837,9.45,142.54,25.35,36.45,24.92,94.15,1
2026-03-05 18:26:52+00:00,17.983443,117.68701,9.13,146.61,25.35,36.42,23.58,89.65,1
2026-03-05 18:27:04+00:00,17.983176,117.68743,8.65,123.76,25.35,36.41,26.85,115.76,1
2026-03-05 18:27:38+00:00,17.982197,117.688506,9.0,133.73,25.35,36.39,25.99,104.8,1
2026-03-05 18:28:01+00:00,17.981408,117.689158,9.43,141.83,25.35,36.38,24.34,93.15,1
2026-03-05 18:28:29+00:00,17.980421,117.689784,8.9,148.9,25.35,36.36,23.14,91.01,1
2026-03-05 18:29:16+00:00,17.979013,117.69114,8.78,137.51,25.35,36.33,24.73,101.23,1
2026-03-05 18:29:38+00:00,17.97825,117.69169,9.09,145.56,25.35,36.32,23.8,91.19,1
2026-03-05 18:29:54+00:00,17.977791,117.692183,8.86,134.39,25.35,36.31,25.63,102.54,1
2026-03-05 18:30:35+00:00,17.976359,117.693289,9.37,143.7,25.35,36.29,24.33,94.18,1
2026-03-05 18:30:46+00:00,17.976088,117.693678,9.01,126.22,25.35,36.28,27.2,113.57,1
2026-03-05 18:31:00+00:00,17.975614,117.694068,9.29,141.95,25.35,36.27,24.69,94.12,1
2026-03-05 18:31:16+00:00,17.975206,117.694604,8.82,128.67,25.35,36.26,26.43,107.32,1
2026-03-05 18:32:14+00:00,17.97328,117.696184,9.1,142.03,25.35,36.23,24.43,94.3,1
2026-03-05 18:32:29+00:00,17.972762,117.696537,8.9,147.05,25.35,36.22,23.85,86.85,1
2026-03-05 18:32:47+00:00,17.97206,117.696785,8.89,161.43,25.35,36.21,21.87,78.93,1
2026-03-05 18:33:09+00:00,17.971357,117.697351,8.7,142.55,25.35,36.2,24.41,91.31,1
2026-03-05 18:33:33+00:00,17.970496,117.697768,8.54,155.26,25.35,36.19,22.34,80.75,1
2026-03-05 18:34:07+00:00,17.969375,117.698637,8.85,143.6,25.35,36.17,23.92,89.5,1
2026-03-05 18:34:35+00:00,17.968399,117.699225,8.68,150.18,25.35,36.15,22.78,85.14,1
2026-03-05 18:34:50+00:00,17.967834,117.699466,8.79,157.92,25.35,36.14,22.23,78.89,1
2026-03-05 18:35:06+00:00,17.967322,117.699888,8.79,141.9,25.35,36.13,24.65,92.8,1
2026-03-05 18:35:35+00:00,17.966297,117.700359,8.34,156.39,25.36,36.12,22.52,79.7,1
2026-03-05 18:35:51+00:00,17.965809,117.700653,7.6,150.18,25.36,36.11,23.27,82.7,1
2026-03-05 18:36:13+00:00,17.965144,117.701264,8.68,138.85,25.36,36.1,25.34,99.42,1
2026-03-05 18:36:32+00:00,17.964625,117.70189,8.99,131.07,25.36,36.09,26.01,107.75,1
2026-03-05 18:36:49+00:00,17.963984,117.702313,9.62,147.88,25.36,36.08,23.83,89.32,1
2026-03-05 18:37:40+00:00,17.962328,117.703659,8.87,142.29,25.36,36.05,24.4,94.33,1
2026-03-05 18:37:57+00:00,17.961747,117.703977,8.33,152.5,25.36,36.04,22.71,82.92,1
2026-03-05 18:38:32+00:00,17.960656,117.705013,9.08,137.91,25.36,36.02,25.29,100.07,1
2026-03-05 18:38:41+00:00,17.960364,117.705358,10.55,131.66,25.36,36.01,26.61,107.73,1
2026-03-05 18:39:12+00:00,17.959363,117.70619,8.9,141.67,25.36,36.0,24.61,95.17,1
2026-03-05 18:39:41+00:00,17.958448,117.70689,8.43,143.95,25.36,35.98,24.15,90.96,1
2026-03-05 18:39:53+00:00,17.95799,117.707074,8.83,159.08,25.36,35.97,21.82,76.93,1
2026-03-05 18:40:29+00:00,17.956741,117.707759,8.46,152.45,25.36,35.95,23.59,85.43,1
2026-03-05 18:41:06+00:00,17.955605,117.708687,8.4,142.15,25.36,35.93,24.74,94.4,1
2026-03-05 18:41:31+00:00,17.95479,117.709239,8.38,147.21,25.36,35.92,23.86,89.41,1
2026-03-05 18:41:47+00:00,17.954406,117.709721,8.08,129.94,25.36,35.91,26.1,105.42,1
2026-03-05 18:42:04+00:00,17.953871,117.710106,8.24,145.61,25.36,35.9,24.18,88.96,1
2026-03-05 18:42:18+00:00,17.953435,117.710519,9.06,137.98,25.36,35.9,25.24,99.24,1
2026-03-05 18:42:38+00:00,17.952735,117.710917,8.6,151.59,25.36,35.89,22.99,81.83,1
2026-03-05 18:42:55+00:00,17.952301,117.711456,8.54,130.24,25.36,35.88,26.05,107.19,1
2026-03-05 18:43:27+00:00,17.951299,117.712256,8.5,142.78,25.36,35.86,24.27,87.07,1
2026-03-05 18:44:09+00:00,17.950105,117.713486,8.6,135.58,25.36,35.84,24.41,99.61,1
2026-03-05 18:44:35+00:00,17.949195,117.714118,9.07,146.55,25.36,35.82,23.79,92.5,1
2026-03-05 18:45:16+00:00,17.948,117.715273,8.56,137.4,25.36,35.8,24.94,95.2,1
2026-03-05 18:45:44+00:00,17.947028,117.715806,8.46,152.45,25.36,35.79,23.33,83.46,1
2026-03-05 18:46:29+00:00,17.945731,117.717143,8.73,135.56,24.77,35.76,24.83,99.11,1
2026-03-05 18:46:45+00:00,17.945181,117.717482,8.61,149.61,24.81,35.75,22.38,85.68,1
2026-03-05 18:47:31+00:00,17.943751,117.718646,8.5,142.25,24.22,35.73,23.26,95.87,1
2026-03-05 18:47:45+00:00,17.943276,117.718891,8.17,153.86,23.65,35.72,,,0
2026-03-05 18:47:58+00:00,17.942833,117.718987,7.52,168.35,23.12,35.72,,,0
2026-03-05 18:48:04+00:00,17.942668,117.719097,7.04,147.62,22.62,35.71,,,0
2026-03-05 18:48:29+00:00,17.942028,117.719844,8.27,132.0,22.15,35.7,,,0
2026-03-05 18:49:20+00:00,17.940352,117.721111,8.75,144.28,22.35,35.67,,,0
2026-03-05 18:49:52+00:00,17.939575,117.722107,8.28,129.35,22.53,35.66,,,0
2026-03-05 18:50:08+00:00,17.939049,117.722514,8.82,143.64,22.7,35.65,,,0
2026-03-05 18:50:19+00:00,17.938782,117.722836,7.99,131.07,22.86,35.64,,,0
2026-03-05 18:50:28+00:00,17.93848,117.723069,9.0,143.72,23.02,35.64,,,0
2026-03-05 18:50:34+00:00,17.938357,117.723267,8.1,123.14,23.16,35.64,,,0
2026-03-05 18:50:49+00:00,17.937866,117.723674,9.01,141.74,23.29,35.63,,,0
2026-03-05 18:51:15+00:00,17.937105,117.724418,8.64,137.07,23.42,35.61,,,0
2026-03-05 18:52:41+00:00,17.934771,117.727131,8.75,132.12,23.54,35.57,24.64,100.02,1
2026-03-05 18:53:01+00:00,17.93416,117.727674,8.65,139.78,23.65,35.56,23.01,100.27,1
2026-03-05 18:53:14+00:00,17.933734,117.727954,8.35,147.98,23.75,35.55,22.01,91.34,1
2026-03-05 18:53:35+00:00,17.93315,117.728573,8.54,134.76,23.85,35.54,23.69,99.3,1
2026-03-05 18:54:01+00:00,17.932297,117.729273,9.0,142.02,23.94,35.53,22.8,95.02,1
2026-03-05 18:54:23+00:00,17.931534,117.729726,8.61,150.54,24.03,35.52,21.86,86.11,1
2026-03-05 18:54:41+00:00,17.931008,117.730238,8.61,137.2,24.11,35.51,24.23,97.04,1
2026-03-05 18:54:57+00:00,17.930483,117.730609,8.55,146.09,24.19,35.5,22.57,86.59,1
2026-03-05 18:55:10+00:00,17.93011,117.730983,8.57,136.35,24.26,35.49,24.09,99.11,1
2026-03-05 18:55:51+00:00,17.928856,117.732111,8.7,139.44,24.33,35.47,,,0
2026-03-05 18:56:43+00:00,17.927182,117.733502,8.87,141.67,24.39,35.45,,,0
2026-03-05 18:57:33+00:00,17.925641,117.734949,8.93,138.22,24.45,35.42,24.19,98.83,1
2026-03-05 18:58:06+00:00,17.924574,117.735742,8.56,144.73,24.51,35.4,22.68,93.97,1
2026-03-05 18:58:29+00:00,17.923852,117.736373,8.82,140.25,24.56,35.39,24.26,95.46,1
2026-03-05 18:59:11+00:00,17.922416,117.73734,8.78,147.35,24.61,35.37,22.63,89.25,1
2026-03-05 18:59:49+00:00,17.921215,117.738452,9.1,138.62,24.66,35.35,24.46,99.62,1
2026-03-05 19:00:12+00:00,17.920374,117.738888,8.81,153.74,24.7,35.35,21.54,83.42,1
2026-03-05 19:00:48+00:00,17.919229,117.739726,8.38,145.15,24.74,35.35,23.48,88.77,1
2026-03-05 19:01:31+00:00,17.917982,117.740966,8.63,136.58,24.78,35.36,24.8,99.09,1
2026-03-05 19:01:57+00:00,17.917097,117.741596,8.89,145.89,24.82,35.36,23.36,91.55,1
2026-03-05 19:02:11+00:00,17.916739,117.742072,8.91,128.32,24.85,35.37,25.67,104.83,1
2026-03-05 19:02:47+00:00,17.915556,117.742968,8.76,144.22,24.88,35.37,23.63,94.27,1
2026-03-05 19:03:19+00:00,17.914632,117.743905,8.67,136.02,24.91,35.38,24.47,102.3,1
2026-03-05 19:03:35+00:00,17.914049,117.744217,8.84,153.01,24.94,35.38,22.19,81.51,1
2026-03-05 19:03:49+00:00,17.913704,117.744672,8.55,128.55,24.97,35.38,26.25,106.43,1
2026-03-05 19:04:45+00:00,17.912065,117.74635,8.83,135.75,24.99,35.39,25.2,101.29,1
2026-03-05 19:05:14+00:00,17.911059,117.74692,8.52,151.67,25.02,35.4,22.58,82.41,1
2026-03-05 19:05:24+00:00,17.910765,117.747127,7.65,146.18,25.04,35.4,23.15,87.94,1
2026-03-05 19:05:51+00:00,17.90984,117.747457,7.82,161.25,25.06,35.4,21.63,71.68,1
2026-03-05 19:06:17+00:00,17.909019,117.747991,8.03,148.25,25.08,35.41,23.18,82.84,1
2026-03-05 19:07:04+00:00,17.907747,117.749437,8.62,132.75,25.1,35.42,24.78,103.19,1
2026-03-05 19:07:30+00:00,17.906929,117.750128,8.72,141.21,25.11,35.42,24.48,92.28,1
2026-03-05 19:08:29+00:00,17.905279,117.75192,8.69,134.06,25.13,35.43,27.61,103.09,1
2026-03-05 19:08:58+00:00,17.904424,117.752671,8.31,140.11,25.15,35.44,30.0,93.21,1
2026-03-05 19:09:40+00:00,17.903108,117.753582,8.11,146.63,25.16,35.45,24.56,87.29,1
2026-03-05 19:09:52+00:00,17.902761,117.753895,8.24,139.36,25.17,35.45,23.77,97.86,1
2026-03-05 19:10:24+00:00,17.901983,117.754976,8.71,127.1,25.19,35.46,26.5,108.6,1
2026-03-05 19:11:21+00:00,17.900716,117.756991,8.71,123.46,25.2,35.47,27.04,108.71,1
2026-03-05 19:12:00+00:00,17.899626,117.758203,8.79,133.38,25.21,35.48,25.02,100.02,1
2026-03-05 19:12:41+00:00,17.898292,117.759041,8.19,149.13,25.22,35.49,22.89,84.05,1
2026-03-05 19:12:54+00:00,17.897955,117.759443,8.48,131.38,25.23,35.49,26.6,104.0,1
2026-03-05 19:13:30+00:00,17.897141,117.760683,8.61,124.6,25.24,35.5,26.7,110.35,1
2026-03-05 19:15:20+00:00,17.894157,117.764259,8.89,131.25,25.25,35.53,26.14,102.56,1
2026-03-05 19:15:59+00:00,17.89299,117.765193,8.13,142.71,25.26,35.54,23.94,89.27,1
2026-03-05 19:16:15+00:00,17.892467,117.765533,8.31,148.26,25.26,35.54,22.72,87.01,1
2026-03-05 19:16:22+00:00,17.89226,117.765751,9.05,134.94,25.27,35.54,25.36,100.81,1
2026-03-05 19:16:57+00:00,17.891112,117.766388,8.02,152.16,25.28,35.55,22.76,85.99,1
2026-03-05 19:17:15+00:00,17.890564,117.766856,8.48,140.9,25.28,35.55,,,0
2026-03-05 19:17:22+00:00,17.890364,117.767075,8.92,133.82,25.29,35.56,25.54,105.55,1
2026-03-05 19:18:08+00:00,17.889272,117.768609,8.57,126.8,25.29,35.57,26.61,105.26,1
2026-03-05 19:18:28+00:00,17.888695,117.769245,9.04,133.63,25.3,35.57,25.6,99.22,1
2026-03-05 19:18:40+00:00,17.888308,117.769575,8.98,140.94,25.3,35.57,24.13,93.08,1
2026-03-05 19:19:04+00:00,17.887426,117.770107,9.16,150.14,25.31,35.58,23.2,88.99,1
2026-03-05 19:20:42+00:00,17.884655,117.772998,8.61,135.2,25.31,35.6,24.76,103.49,1
2026-03-05 19:20:59+00:00,17.884225,117.77352,8.35,130.88,25.32,35.61,25.31,101.88,1
2026-03-05 19:21:31+00:00,17.883238,117.774261,8.19,144.45,25.32,35.62,24.19,89.12,1
2026-03-05 19:21:55+00:00,17.882603,117.77485,7.63,138.56,25.32,35.62,24.91,92.19,1
2026-03-05 19:22:27+00:00,17.881718,117.775867,8.86,132.44,25.33,35.63,25.8,99.48,1
2026-03-05 19:22:59+00:00,17.880926,117.777032,9.2,125.54,25.33,35.64,26.55,111.49,1
2026-03-05 19:23:14+00:00,17.880478,117.77746,8.72,137.72,25.33,35.64,24.8,98.31,1
2026-03-05 19:23:43+00:00,17.879731,117.778414,8.76,129.45,25.34,35.65,26.18,105.68,1
2026-03-05 19:24:12+00:00,17.87895,117.779261,8.37,134.09,25.34,35.65,25.01,97.7,1
2026-03-05 19:24:28+00:00,17.878433,117.779633,8.46,145.6,25.34,35.66,23.6,92.85,1
2026-03-05 19:24:55+00:00,17.877683,117.780429,8.53,134.71,25.34,35.66,25.63,99.29,1
2026-03-05 19:25:19+00:00,17.876978,117.781065,8.37,139.35,25.35,35.67,25.17,96.57,1
2026-03-05 19:26:30+00:00,17.875054,117.783223,8.57,133.13,25.35,35.69,25.56,98.96,1
2026-03-05 19:27:18+00:00,17.873525,117.78433,8.36,145.43,25.35,35.7,24.09,89.15,1
2026-03-05 19:27:42+00:00,17.872971,117.785073,8.09,128.08,25.35,35.71,25.72,106.12,1
2026-03-05 19:29:33+00:00,17.870025,117.788677,8.8,130.66,25.35,35.73,26.31,105.36,1
2026-03-05 19:30:08+00:00,17.869048,117.789772,8.82,133.15,25.35,35.74,25.51,102.76,1
2026-03-05 19:30:58+00:00,17.867623,117.791147,8.36,137.44,25.35,35.76,25.13,98.4,1
2026-03-05 19:32:02+00:00,17.865951,117.793113,8.47,131.78,25.36,35.77,25.8,100.73,1
2026-03-05 19:32:32+00:00,17.865072,117.793748,7.69,145.49,25.36,35.78,24.28,88.32,1
2026-03-05 19:33:05+00:00,17.86438,117.794776,7.85,125.27,25.36,35.79,26.35,107.9,1
2026-03-05 19:33:39+00:00,17.863436,117.795828,8.75,133.31,25.36,35.8,25.91,102.65,1
2026-03-05 19:34:05+00:00,17.862781,117.79673,8.98,127.34,25.36,35.8,26.59,108.27,1
2026-03-05 19:34:33+00:00,17.861956,117.797426,8.17,141.24,25.36,35.81,24.44,90.78,1
2026-03-05 19:34:59+00:00,17.861368,117.798263,8.23,126.43,25.36,35.82,26.52,104.79,1
2026-03-05 19:35:23+00:00,17.860557,117.798928,9.27,142.03,25.36,35.82,24.2,90.7,1
2026-03-05 19:35:45+00:00,17.860002,117.799625,8.5,129.92,25.36,35.83,26.16,106.45,1
2026-03-05 19:36:27+00:00,17.858725,117.800686,8.38,141.66,25.36,35.84,24.43,95.09,1
2026-03-05 19:36:58+00:00,17.857953,117.801752,8.89,127.27,25.36,35.85,26.74,109.73,1
2026-03-05 19:37:47+00:00,17.856543,117.803178,8.63,136.09,25.36,35.86,25.32,100.0,1
2026-03-05 19:38:28+00:00,17.855616,117.804529,8.36,125.79,25.36,35.87,26.96,104.04,1
2026-03-05 19:38:52+00:00,17.85493,117.805216,8.54,136.37,25.36,35.88,25.52,96.87,1
2026-03-05 19:39:13+00:00,17.854599,117.80597,8.13,114.76,25.36,35.88,27.78,117.97,1
2026-03-05 19:39:25+00:00,17.854342,117.806388,8.53,122.86,25.36,35.88,27.44,111.56,1
2026-03-05 19:39:41+00:00,17.853921,117.806906,8.76,130.49,25.36,35.89,25.8,104.44,1
2026-03-05 19:39:50+00:00,17.853645,117.807123,8.28,143.19,25.36,35.89,24.4,92.48,1
2026-03-05 19:40:34+00:00,17.852418,117.80841,8.52,135.05,25.36,35.9,25.63,100.18,1
2026-03-05 19:41:04+00:00,17.851649,117.809353,8.52,130.59,25.36,35.91,25.52,104.55,1
2026-03-05 19:41:48+00:00,17.850327,117.810574,8.65,138.68,25.36,35.92,24.95,95.74,1
2026-03-05 19:41:53+00:00,17.850131,117.810672,9.38,154.55,25.36,35.92,22.29,84.87,1
2026-03-05 19:42:39+00:00,17.848795,117.811839,8.16,140.26,25.36,35.93,24.42,93.53,1
2026-03-05 19:43:06+00:00,17.848169,117.812693,8.21,127.6,24.72,35.94,26.23,104.21,1
2026-03-05 19:43:27+00:00,17.84756,117.813343,8.94,134.55,24.11,35.95,24.23,101.06,1
2026-03-05 19:43:49+00:00,17.846763,117.813537,8.04,166.95,23.53,35.95,19.0,66.68,1
2026-03-05 19:43:57+00:00,17.846523,117.813666,7.28,152.9,22.99,35.95,20.75,83.29,1
2026-03-05 19:44:31+00:00,17.845515,117.81452,8.23,141.12,22.48,35.96,22.03,96.12,1
2026-03-05 19:44:56+00:00,17.844665,117.814827,7.77,161.03,22.0,35.97,19.25,74.51,1
2026-03-05 19:45:14+00:00,17.844146,117.81525,7.89,142.19,21.55,35.98,25.45,92.67,1
2026-03-05 19:46:01+00:00,17.842946,117.816753,8.59,129.99,21.13,35.99,22.4,110.22,1
2026-03-05 19:46:34+00:00,17.842201,117.817948,8.91,123.22,20.74,35.99,22.31,114.27,1
2026-03-05 19:46:52+00:00,17.841731,117.818522,8.65,130.7,20.37,36.0,21.31,108.78,1
2026-03-05 19:47:18+00:00,17.841066,117.81924,7.93,134.22,20.67,36.01,20.89,106.63,1
2026-03-05 19:48:36+00:00,17.838844,117.821369,8.33,137.63,20.96,36.03,21.08,102.36,1
2026-03-05 19:48:57+00:00,17.83817,117.821849,8.38,145.87,21.22,36.03,19.21,90.13,1
2026-03-05 19:49:17+00:00,17.837472,117.822172,8.24,156.23,21.47,36.04,19.5,78.62,1
2026-03-05 19:49:35+00:00,17.836942,117.82261,8.1,141.81,21.71,36.04,21.17,95.88,1
2026-03-05 19:49:43+00:00,17.83674,117.822862,8.47,130.1,21.93,36.04,22.99,105.13,1
2026-03-05 19:50:20+00:00,17.835731,117.823721,7.59,140.98,22.14,36.05,21.83,96.33,1
2026-03-05 19:51:10+00:00,17.834701,117.825548,8.74,120.63,22.33,36.07,25.44,116.1,1
2026-03-05 19:51:41+00:00,17.833871,117.82648,8.47,133.09,22.52,36.07,23.33,104.69,1
2026-03-05 19:53:07+00:00,17.83148,117.829023,8.55,134.64,22.69,36.1,23.31,101.58,1
2026-03-05 19:53:36+00:00,17.83077,117.829961,8.5,128.49,22.85,36.1,24.81,111.79,1
2026-03-05 19:54:32+00:00,17.829112,117.831388,8.27,140.67,23.0,36.12,22.64,102.08,1
2026-03-05 19:55:07+00:00,17.828135,117.83237,8.35,136.26,23.14,36.13,23.04,100.08,1
2026-03-05 19:55:36+00:00,17.827416,117.833218,8.06,131.69,23.28,36.13,23.64,104.77,1
2026-03-05 19:56:01+00:00,17.826616,117.83382,8.51,144.38,23.4,36.14,22.05,93.24,1
2026-03-05 19:56:13+00:00,17.826309,117.834172,8.19,132.49,23.52,36.14,23.63,102.92,1
2026-03-05 19:56:26+00:00,17.825898,117.834454,8.16,146.85,23.63,36.15,22.08,87.84,1
2026-03-05 19:56:39+00:00,17.825542,117.834808,8.15,136.57,23.73,36.15,23.15,97.21,1
2026-03-05 19:57:01+00:00,17.824857,117.835333,8.33,143.88,23.83,36.15,22.78,90.44,1
2026-03-05 19:57:15+00:00,17.824359,117.835583,8.52,154.46,23.92,36.16,21.24,83.19,1
2026-03-05 19:57:32+00:00,17.824078,117.836169,7.94,116.73,24.01,36.16,26.54,115.59,1
2026-03-05 19:57:50+00:00,17.823596,117.836769,8.97,130.16,24.09,36.17,24.96,101.73,1
2026-03-05 19:58:17+00:00,17.822706,117.837323,8.28,149.35,24.17,36.17,23.17,87.72,1
2026-03-05 19:58:31+00:00,17.822373,117.837774,8.39,127.8,24.24,36.18,25.83,107.56,1
2026-03-05 19:58:57+00:00,17.821663,117.83852,8.35,134.99,24.31,36.18,24.09,103.6,1
2026-03-05 19:59:07+00:00,17.821439,117.838868,8.64,124.06,24.37,36.19,26.23,112.15,1
2026-03-05 19:59:23+00:00,17.820931,117.839257,8.49,143.91,24.43,36.19,23.11,89.65,1
2026-03-05 19:59:53+00:00,17.820169,117.840247,8.73,128.95,24.48,36.2,25.29,102.71,1
2026-03-05 20:00:11+00:00,17.819593,117.840665,8.41,145.36,24.54,36.2,22.78,89.44,1
2026-03-05 20:00:28+00:00,17.819112,117.841179,8.72,134.51,24.58,36.2,25.0,100.76,1
2026-03-05 20:00:45+00:00,17.818578,117.841564,8.24,145.53,24.63,36.21,23.04,92.09,1
2026-03-05 20:00:57+00:00,17.81828,117.841983,8.97,126.76,24.67,36.21,26.46,109.47,1
2026-03-05 20:01:09+00:00,17.818041,117.842466,9.33,117.46,24.71,36.21,28.01,120.46,1
2026-03-05 20:01:54+00:00,17.816788,117.843763,8.45,135.42,24.75,36.22,25.25,97.77,1
2026-03-05 20:02:23+00:00,17.815934,117.844574,8.58,137.88,24.79,36.22,24.28,100.3,1
2026-03-05 20:02:49+00:00,17.815068,117.84507,8.2,151.4,24.82,36.23,22.73,85.46,1
2026-03-05 20:03:04+00:00,17.814632,117.845415,7.87,143.01,24.85,36.23,23.99,87.63,1
2026-03-05 20:03:29+00:00,17.81398,117.846218,8.69,130.46,24.88,36.24,25.6,108.09,1
2026-03-05 20:03:45+00:00,17.813516,117.84665,8.38,138.45,24.91,36.24,24.31,97.46,1
2026-03-05 20:04:05+00:00,17.813059,117.847266,8.04,127.93,24.94,36.24,26.46,107.11,1
2026-03-05 20:04:31+00:00,17.812503,117.848236,8.96,121.05,24.96,36.25,27.34,112.57,1
2026-03-05 20:04:39+00:00,17.812275,117.848481,8.81,134.35,24.98,36.25,25.48,104.63,1
2026-03-05 20:04:49+00:00,17.811923,117.848695,8.79,149.94,25.0,36.25,22.69,84.49,1
2026-03-05 20:05:05+00:00,17.811489,117.849097,7.82,138.59,25.03,36.25,24.21,97.43,1
2026-03-05 20:05:25+00:00,17.811036,117.849742,8.25,126.42,25.04,36.26,26.17,109.72,1
2026-03-05 20:06:17+00:00,17.809555,117.851195,8.42,136.95,25.06,36.26,24.88,96.77,1
2026-03-05 20:06:45+00:00,17.808869,117.852081,8.39,129.12,25.08,36.27,25.73,109.89,1
2026-03-05 20:07:14+00:00,17.808031,117.852709,7.67,144.49,25.09,36.27,23.83,90.05,1
2026-03-05 20:07:33+00:00,17.807492,117.853276,8.68,134.96,25.11,36.28,24.79,102.45,1
2026-03-05 20:08:14+00:00,17.806207,117.854336,8.61,141.85,25.12,36.29,23.94,91.37,1
2026-03-05 20:08:25+00:00,17.805854,117.854691,9.6,136.24,25.14,36.29,25.51,106.22,1
2026-03-05 20:08:38+00:00,17.805547,117.855155,8.94,124.8,25.15,36.29,27.09,108.45,1
2026-03-05 20:09:09+00:00,17.804634,117.8561,8.94,135.42,25.16,36.29,25.21,103.31,1
2026-03-05 20:09:53+00:00,17.803363,117.857182,8.04,140.97,25.17,36.3,24.1,91.92,1
2026-03-05 20:11:01+00:00,17.801594,117.859341,8.62,130.71,25.18,36.31,25.67,103.68,1
2026-03-05 20:11:30+00:00,17.800691,117.860167,8.93,138.95,25.19,36.32,24.7,99.5,1
2026-03-05 20:11:49+00:00,17.800211,117.860829,9.01,127.29,25.2,36.32,26.81,110.88,1
2026-03-05 20:12:05+00:00,17.79975,117.861236,8.14,139.95,25.21,36.32,24.87,92.59,1
2026-03-05 20:12:24+00:00,17.799252,117.861846,8.7,130.61,25.21,36.33,25.9,107.36,1
2026-03-05 20:13:08+00:00,17.798081,117.863148,8.38,133.37,25.22,36.34,25.24,104.02,1
2026-03-05 20:13:38+00:00,17.79718,117.863982,8.65,138.61,25.23,36.34,24.95,95.73,1
2026-03-05 20:13:42+00:00,17.797105,117.864125,8.4,118.85,25.23,36.34,27.37,118.24,1
2026-03-05 20:14:20+00:00,17.795869,117.865065,8.68,144.09,25.24,36.35,23.9,89.44,1
2026-03-05 20:14:41+00:00,17.795266,117.86567,8.58,136.31,25.24,36.35,25.62,98.38,1
2026-03-05 20:15:08+00:00,17.794322,117.866163,8.44,153.56,25.25,36.36,22.92,83.09,1
2026-03-05 20:16:35+00:00,17.791629,117.868116,8.13,145.37,25.25,36.37,23.93,88.07,1
2026-03-05 20:17:20+00:00,17.790179,117.869262,8.72,143.04,25.26,36.38,,,0
2026-03-05 20:17:55+00:00,17.789112,117.870155,8.43,141.45,25.26,36.39,24.53,94.85,1
2026-03-05 20:18:21+00:00,17.788328,117.870893,8.75,138.13,25.27,36.39,25.32,97.94,1
2026-03-05 20:18:37+00:00,17.787768,117.871205,8.56,152.05,25.27,36.4,22.79,85.71,1
2026-03-05 20:19:14+00:00,17.786607,117.87222,8.82,140.22,25.27,36.4,25.11,96.02,1
2026-03-05 20:20:06+00:00,17.784925,117.873485,8.6,144.39,25.28,36.41,24.44,92.36,1
2026-03-05 20:20:32+00:00,17.784096,117.874253,9.19,138.58,25.28,36.42,27.87,101.18,1
2026-03-05 20:20:51+00:00,17.783475,117.874606,8.03,151.57,25.28,36.42,27.42,84.82,1
2026-03-05 20:21:00+00:00,17.783228,117.87485,8.14,136.75,24.67,36.42,27.25,100.29,1
2026-03-05 20:21:54+00:00,17.781533,117.876112,8.32,144.66,24.5,36.43,23.7,89.31,1
2026-03-05 20:23:16+00:00,17.778836,117.877771,8.24,149.64,24.55,36.45,22.74,87.43,1
2026-03-05 20:23:42+00:00,17.778085,117.878482,8.41,137.96,24.59,36.46,24.2,96.5,1
2026-03-05 20:24:00+00:00,17.777489,117.878921,8.74,144.95,24.64,36.46,23.25,89.71,1
2026-03-05 20:24:15+00:00,17.77698,117.879171,8.1,154.93,24.68,36.46,22.07,80.26,1
2026-03-05 20:24:42+00:00,17.776191,117.879921,8.52,137.85,24.72,36.47,24.12,96.74,1
2026-03-05 20:25:24+00:00,17.774815,117.880899,8.55,145.91,24.75,36.48,23.3,92.35,1
2026-03-05 20:25:36+00:00,17.774448,117.881232,8.74,139.17,24.79,36.48,24.73,99.38,1
2026-03-05 20:25:54+00:00,17.773977,117.881812,8.72,130.46,24.82,36.48,25.07,101.97,1
2026-03-05 20:26:27+00:00,17.772951,117.882652,8.52,142.06,24.85,36.49,24.47,92.76,1
2026-03-05 20:27:09+00:00,17.771838,117.883978,8.66,131.39,24.88,36.49,208.86,115.3,3
2026-03-05 20:27:43+00:00,17.770606,117.884588,8.66,154.76,24.9,36.5,22.02,80.95,1
2026-03-05 20:28:09+00:00,17.769775,117.885153,8.23,147.08,24.93,36.51,23.51,89.61,1
2026-03-05 20:28:21+00:00,17.769431,117.885499,8.58,136.23,24.95,36.51,24.98,99.58,1
2026-03-05 20:28:35+00:00,17.769117,117.885977,8.54,124.6,24.97,36.51,27.03,109.4,1
2026-03-05 20:28:54+00:00,17.768592,117.886567,8.75,133.06,24.99,36.51,25.82,105.96,1
2026-03-05 20:29:32+00:00,17.767322,117.887258,8.14,152.61,25.01,36.52,22.23,78.13,1
2026-03-05 20:29:56+00:00,17.766629,117.887903,8.34,138.45,25.03,36.53,24.87,99.85,1
2026-03-05 20:30:55+00:00,17.764771,117.889163,8.1,147.15,24.39,36.54,22.77,87.7,1
2026-03-05 20:31:41+00:00,17.763469,117.890407,8.27,137.7,23.77,36.55,23.64,98.79,1
2026-03-05 20:31:54+00:00,17.763063,117.890615,7.51,153.99,23.19,36.55,20.6,80.17,1
2026-03-05 20:32:14+00:00,17.762492,117.891035,7.53,144.99,22.63,36.55,22.0,94.09,1
2026-03-05 20:32:43+00:00,17.761805,117.891931,8.16,128.84,22.12,36.56,23.58,105.78,1
2026-03-05 20:32:56+00:00,17.761342,117.892189,8.71,152.05,21.64,36.56,19.32,88.28,1
2026-03-05 20:33:08+00:00,17.761022,117.892454,7.34,141.74,21.2,36.56,20.14,96.06,1
2026-03-05 20:33:23+00:00,17.760623,117.892842,7.84,137.2,20.79,36.56,20.71,97.85,1
2026-03-05 20:33:47+00:00,17.760012,117.893597,8.5,130.36,20.9,36.57,22.16,107.01,1
2026-03-05 20:34:03+00:00,17.759456,117.893942,8.72,149.42,20.97,36.57,19.41,91.43,1
2026-03-05 20:34:22+00:00,17.758894,117.894512,8.89,135.99,21.23,36.57,22.01,102.72,1
2026-03-05 20:35:13+00:00,17.757727,117.896121,8.16,127.29,21.48,36.58,23.12,108.56,1
2026-03-05 20:36:08+00:00,17.756093,117.897624,8.54,138.78,21.71,36.59,21.88,99.85,1
2026-03-05 20:36:31+00:00,17.755362,117.898113,8.15,147.5,21.93,36.6,20.59,92.2,1
2026-03-05 20:37:19+00:00,17.753971,117.899453,8.5,137.46,22.13,36.61,21.75,100.58,1
2026-03-05 20:37:43+00:00,17.75321,117.899957,8.1,147.76,22.32,36.61,20.76,92.29,1
2026-03-05 20:38:19+00:00,17.752208,117.900897,8.07,138.22,22.5,36.62,22.65,97.13,1
2026-03-05 20:38:35+00:00,17.75164,117.901209,8.66,152.38,22.67,36.62,20.44,84.14,1
2026-03-05 20:38:54+00:00,17.751144,117.901803,8.56,131.24,22.83,36.62,23.88,110.3,1
2026-03-05 20:39:03+00:00,17.750951,117.902135,8.9,121.4,22.98,36.62,25.29,114.33,1
2026-03-05 20:39:29+00:00,17.75011,117.902683,8.23,148.18,23.12,36.63,21.2,86.68,1
2026-03-05 20:40:02+00:00,17.749353,117.903646,7.79,129.54,23.25,36.63,24.11,102.41,1
2026-03-05 20:40:09+00:00,17.749133,117.903867,9.4,136.27,23.38,36.63,23.78,105.55,1
2026-03-05 20:40:24+00:00,17.748657,117.904162,7.96,149.45,23.49,36.64,21.49,86.29,1
2026-03-05 20:40:42+00:00,17.748173,117.904747,8.86,130.98,22.95,36.64,23.9,106.78,1
2026-03-05 20:40:59+00:00,17.747591,117.904982,7.93,158.97,22.43,36.64,19.1,77.58,1
2026-03-05 20:41:09+00:00,17.747274,117.905203,8.22,146.42,21.92,36.64,20.98,94.27,1
2026-03-05 20:41:36+00:00,17.746547,117.905924,8.01,136.63,21.43,36.64,21.45,101.12,1
2026-03-05 20:41:58+00:00,17.745815,117.906446,8.69,145.82,20.97,36.65,20.33,99.9,1
2026-03-05 20:42:12+00:00,17.745489,117.906906,8.43,126.65,20.54,36.65,22.66,112.58,1
2026-03-05 20:42:38+00:00,17.744714,117.907499,7.97,143.92,20.13,36.65,19.3,98.06,1
2026-03-05 20:43:25+00:00,17.743206,117.908287,7.75,153.54,19.75,36.66,17.35,87.77,1
2026-03-05 20:43:45+00:00,17.742583,117.908538,7.21,159.01,19.39,36.66,16.06,79.0,1
2026-03-05 20:44:09+00:00,17.741833,117.909035,7.99,147.74,19.06,36.66,17.38,92.47,1
2026-03-05 20:44:34+00:00,17.74111,117.909727,8.46,137.65,18.74,36.67,18.63,105.54,1
2026-03-05 20:44:48+00:00,17.740634,117.910004,8.4,151.0,18.45,36.67,17.24,93.74,1
2026-03-05 20:45:04+00:00,17.740206,117.910441,8.07,135.8,18.18,36.67,18.71,104.96,1
2026-03-05 20:45:53+00:00,17.738713,117.911435,7.8,147.62,17.92,36.67,16.91,95.09,1
2026-03-05 20:46:13+00:00,17.738157,117.912022,8.52,134.84,17.68,36.68,17.83,111.43,1
2026-03-05 20:46:35+00:00,17.737416,117.912589,9.01,143.92,17.45,36.68,,,0
2026-03-05 20:46:52+00:00,17.736948,117.913046,8.13,137.07,17.24,36.68,,,0
2026-03-05 20:47:01+00:00,17.736678,117.91325,7.99,144.26,17.04,36.68,,,0
2026-03-05 20:47:15+00:00,17.736194,117.913436,7.96,159.9,16.86,36.68,,,0
2026-03-05 20:47:27+00:00,17.735866,117.91364,6.87,149.36,16.69,36.68,,,0
2026-03-05 20:47:53+00:00,17.735224,117.914239,7.14,138.37,16.53,36.69,17.12,105.86,1
2026-03-05 20:48:15+00:00,17.734613,117.914938,8.88,132.54,16.39,36.69,17.76,112.05,1
2026-03-05 20:48:42+00:00,17.733707,117.915504,8.44,149.25,16.25,36.69,15.19,97.39,1
2026-03-05 20:49:24+00:00,17.732511,117.916655,8.35,137.49,16.12,36.7,16.77,112.08,1
2026-03-05 20:49:32+00:00,17.732241,117.916852,8.88,145.2,16.0,36.7,16.36,102.13,1
2026-03-05 20:49:44+00:00,17.731835,117.917019,7.85,158.61,15.9,36.7,12.88,84.99,1
2026-03-05 20:49:59+00:00,17.731391,117.917363,7.95,143.57,15.81,36.7,15.7,105.59,1
2026-03-05 20:50:04+00:00,17.731274,117.91754,8.87,124.76,15.73,36.7,18.28,123.28,1
2026-03-05 20:50:18+00:00,17.730823,117.917684,7.28,163.08,15.83,36.7,13.09,81.46,1
2026-03-05 20:50:28+00:00,17.730533,117.917891,7.58,145.79,16.19,36.7,15.27,98.41,1
2026-03-05 20:50:40+00:00,17.730184,117.918215,8.39,138.51,16.74,36.7,17.11,105.98,1
2026-03-05 20:50:46+00:00,17.730079,117.918443,8.69,115.8,16.62,36.7,20.37,126.51,1
2026-03-05 20:51:03+00:00,17.729598,117.918892,8.18,138.36,17.15,36.71,18.38,108.86,1
2026-03-05 20:51:41+00:00,17.728707,117.920188,8.66,125.82,17.64,36.71,20.01,117.34,1
2026-03-05 20:51:50+00:00,17.728393,117.920376,8.68,150.3,18.1,36.71,16.4,99.28,1
2026-03-05 20:52:09+00:00,17.727805,117.920887,8.68,140.38,18.54,36.71,18.39,101.64,1
2026-03-05 20:52:48+00:00,17.726671,117.922003,8.61,136.85,18.94,36.71,19.25,105.77,1
2026-03-05 20:53:00+00:00,17.72628,117.922249,8.21,149.07,19.33,36.71,17.36,92.01,1
2026-03-05 20:53:06+00:00,17.726032,117.922311,9.18,166.61,19.69,36.71,15.39,74.99,1
2026-03-05 20:53:18+00:00,17.725678,117.922592,7.99,142.91,20.03,36.72,19.6,96.84,1
2026-03-05 20:53:31+00:00,17.725345,117.92301,8.63,129.91,20.34,36.72,21.27,111.09,1
2026-03-05 20:53:46+00:00,17.724831,117.923435,9.43,141.78,20.64,36.72,20.66,102.57,1
2026-03-05 20:54:01+00:00,17.724482,117.923956,8.74,125.12,20.92,36.72,23.05,118.38,1
2026-03-05 20:54:28+00:00,17.723726,117.924701,8.3,136.81,21.19,36.72,21.14,103.33,1
2026-03-05 20:54:40+00:00,17.723434,117.925133,9.09,125.36,21.43,36.72,23.44,116.43,1
2026-03-05 20:54:49+00:00,17.723178,117.925383,8.4,137.07,21.67,36.72,22.26,102.07,1
2026-03-05 20:55:05+00:00,17.722626,117.925668,8.31,153.81,21.89,36.72,19.77,88.5,1
2026-03-05 20:55:16+00:00,17.722333,117.925966,8.02,135.91,22.09,36.72,22.27,106.43,1
2026-03-05 20:55:37+00:00,17.721918,117.926738,8.69,119.44,22.28,36.72,24.85,118.58,1
2026-03-05 20:55:47+00:00,17.721659,117.927088,9.13,127.84,22.46,36.73,24.1,109.16,1
2026-03-05 20:55:57+00:00,17.721297,117.927441,10.68,137.11,22.63,36.73,23.07,105.41,1
2026-03-05 20:56:07+00:00,17.720925,117.927603,8.7,157.47,22.79,36.73,19.18,82.01,1
2026-03-05 20:56:18+00:00,17.720604,117.927843,7.74,144.54,22.94,36.73,22.47,92.81,1
2026-03-05 20:56:44+00:00,17.719935,117.928725,8.93,128.53,23.08,36.73,24.53,110.97,1
2026-03-05 20:57:00+00:00,17.71945,117.929192,8.89,137.47,23.22,36.73,23.38,102.23,1
2026-03-05 20:57:14+00:00,17.718967,117.929514,8.83,147.58,23.34,36.73,21.8,91.39,1
2026-03-05 20:57:21+00:00,17.718798,117.929727,8.15,129.79,23.46,36.73,24.2,105.14,1
2026-03-05 20:57:33+00:00,17.718388,117.93004,9.13,143.98,23.57,36.73,22.55,96.25,1
2026-03-05 20:58:04+00:00,17.717521,117.930961,8.6,134.66,23.67,36.73,23.56,106.53,1
2026-03-05 20:58:19+00:00,17.717176,117.931487,8.77,124.55,23.77,36.73,26.33,114.2,1
2026-03-05 20:58:53+00:00,17.716188,117.932373,8.26,139.49,23.86,36.74,23.09,98.39,1
2026-03-05 20:59:10+00:00,17.71556,117.932646,8.64,157.51,23.94,36.74,20.58,82.12,1
2026-03-05 20:59:41+00:00,17.714562,117.933228,7.96,150.95,24.02,36.74,21.86,84.33,1
2026-03-05 21:00:02+00:00,17.714071,117.933916,8.43,126.84,24.1,36.74,25.9,108.17,1
2026-03-05 21:00:29+00:00,17.713302,117.934792,9.08,132.66,24.17,36.71,24.93,103.81,1
2026-03-05 21:00:52+00:00,17.712539,117.935268,8.34,149.28,24.24,36.68,22.03,87.27,1
2026-03-05 21:01:29+00:00,17.711468,117.936427,8.99,134.13,24.3,36.64,25.16,102.74,1
2026-03-05 21:02:03+00:00,17.710361,117.937224,8.53,145.56,24.36,36.61,23.26,93.97,1
2026-03-05 21:02:27+00:00,17.709704,117.937955,8.62,133.33,24.41,36.58,25.08,102.4,1
2026-03-05 21:03:06+00:00,17.70853,117.938871,8.11,143.38,24.46,36.54,23.65,90.89,1
2026-03-05 21:03:26+00:00,17.707975,117.939461,8.54,134.64,24.51,36.52,25.51,105.69,1
2026-03-05 21:03:34+00:00,17.707693,117.939665,9.25,145.43,24.56,36.51,23.92,92.28,1
2026-03-05 21:03:46+00:00,17.707236,117.939822,8.66,161.88,24.6,36.5,20.61,74.75,1
2026-03-05 21:03:53+00:00,17.707018,117.939988,8.32,144.04,24.64,36.49,24.0,93.06,1
2026-03-05 21:04:00+00:00,17.706866,117.940215,8.16,125.1,24.68,36.48,26.29,107.27,1
2026-03-05 21:04:21+00:00,17.706148,117.940605,8.32,152.64,24.71,36.46,22.48,85.83,1
2026-03-05 21:05:29+00:00,17.704226,117.942475,8.33,137.17,24.12,36.39,23.49,100.42,1
2026-03-05 21:05:36+00:00,17.704079,117.94271,8.27,123.29,23.56,36.38,25.33,115.19,1
2026-03-05 21:05:43+00:00,17.70384,117.942901,9.28,142.72,23.02,36.37,22.02,95.86,1
2026-03-05 21:06:06+00:00,17.703238,117.943601,8.44,132.07,22.5,36.35,23.48,105.67,1
2026-03-05 21:06:30+00:00,17.70236,117.943965,8.5,158.45,22.01,36.33,19.24,80.33,1
2026-03-05 21:06:55+00:00,17.701578,117.944398,7.64,152.19,21.55,36.3,18.84,85.33,1
2026-03-05 21:07:12+00:00,17.701086,117.944812,8.02,141.28,21.11,36.28,20.54,94.23,1
2026-03-05 21:07:26+00:00,17.700583,117.945002,8.25,160.21,20.69,36.27,17.81,79.35,1
2026-03-05 21:07:41+00:00,17.700085,117.945305,8.29,149.9,20.29,36.26,18.53,87.63,1
2026-03-05 21:07:57+00:00,17.699539,117.945503,7.8,160.94,19.91,36.24,16.96,78.55,1
2026-03-05 21:08:19+00:00,17.698843,117.94594,7.97,149.11,19.54,36.22,111.57,-0.82,3
2026-03-05 21:08:33+00:00,17.698341,117.946112,8.15,161.92,19.18,36.2,15.97,75.23,1
2026-03-05 21:08:59+00:00,17.697547,117.946516,7.34,154.14,18.85,36.18,16.63,86.49,1
2026-03-05 21:09:41+00:00,17.696212,117.94744,8.23,146.6,18.52,36.14,17.08,94.68,1
2026-03-05 21:09:48+00:00,17.695957,117.947504,8.1,166.55,18.23,36.13,14.03,73.01,1
2026-03-05 21:10:02+00:00,17.695534,117.947762,7.55,149.84,17.95,36.12,16.65,93.7,1
2026-03-05 21:10:17+00:00,17.695031,117.947877,7.42,167.71,17.69,36.1,13.92,72.54,1
2026-03-05 21:10:34+00:00,17.694488,117.948175,7.79,152.4,17.45,36.09,15.6,91.96,1
2026-03-05 21:10:46+00:00,17.694117,117.948465,8.33,143.33,17.22,36.08,16.63,100.76,1
2026-03-05 21:10:58+00:00,17.693674,117.948622,8.42,161.34,17.0,36.06,13.86,89.61,1
2026-03-05 21:11:06+00:00,17.693432,117.948817,8.24,142.49,16.8,36.06,16.8,101.02,1
2026-03-05 21:11:20+00:00,17.692996,117.948993,7.21,158.96,16.61,36.04,13.96,86.08,1
2026-03-05 21:11:27+00:00,17.692794,117.949169,8.11,140.3,16.43,36.04,16.03,104.17,1
2026-03-05 21:12:02+00:00,17.691718,117.949657,7.24,156.63,16.27,36.0,14.26,82.41,1
2026-03-05 21:12:32+00:00,17.690757,117.950253,8.04,149.42,16.11,35.98,14.8,97.28,1
2026-03-05 21:12:49+00:00,17.69019,117.950462,7.64,160.65,15.95,35.96,13.2,84.37,1
2026-03-05 21:13:21+00:00,17.689187,117.951068,7.82,150.07,15.8,35.93,14.97,93.26,1
2026-03-05 21:13:32+00:00,17.688879,117.951342,7.93,139.72,15.66,35.92,15.77,103.6,1
2026-03-05 21:13:38+00:00,17.68863,117.951408,9.25,165.83,15.51,35.91,12.01,86.57,1
2026-03-05 21:13:52+00:00,17.688152,117.951411,7.38,179.66,15.38,35.9,10.04,61.78,1
2026-03-05 21:14:04+00:00,17.687754,117.951608,7.93,154.75,15.25,35.89,13.3,87.48,1
2026-03-05 21:14:18+00:00,17.687354,117.951958,8.04,140.18,15.12,35.88,15.45,108.48,1
2026-03-05 21:14:39+00:00,17.686678,117.952305,7.75,153.94,14.99,35.86,12.77,92.0,1
2026-03-05 21:14:55+00:00,17.68623,117.952659,7.58,143.03,14.86,35.84,14.61,99.99,1
2026-03-05 21:15:02+00:00,17.68624,117.952904,7.21,87.55,14.73,35.84,20.05,146.6,1
2026-03-05 21:15:29+00:00,17.686388,117.953348,3.59,70.72,14.61,35.81,17.69,151.72,1
2026-03-05 21:15:42+00:00,17.686259,117.953602,4.56,118.06,14.49,35.8,16.08,116.82,1
2026-03-05 21:15:57+00:00,17.68575,117.953782,7.74,161.38,14.38,35.79,11.81,87.79,1
2026-03-05 21:16:09+00:00,17.685345,117.95383,7.34,173.56,14.28,35.78,10.57,71.38,1
2026-03-05 21:16:19+00:00,17.685055,117.954034,7.55,146.17,14.19,35.77,13.26,100.75,1
2026-03-05 21:16:27+00:00,17.684789,117.954115,7.48,163.82,14.13,35.76,11.23,84.67,1
2026-03-05 21:16:50+00:00,17.684118,117.954596,7.64,145.67,14.08,35.74,13.56,101.27,1
2026-03-05 21:17:32+00:00,17.682682,117.955149,7.87,159.85,14.06,35.7,11.31,88.2,1
2026-03-05 21:17:51+00:00,17.682026,117.955636,9.14,144.73,14.06,35.69,14.34,110.13,1
2026-03-05 21:18:01+00:00,17.681639,117.955747,8.67,164.72,14.08,35.68,11.64,88.67,1
2026-03-05 21:18:13+00:00,17.681247,117.956041,8.68,144.45,14.11,35.67,13.98,107.26,1
2026-03-05 21:18:35+00:00,17.680433,117.95647,8.95,153.34,14.13,35.65,12.89,102.95,1
2026-03-05 21:18:47+00:00,17.679996,117.956611,8.23,162.91,14.16,35.64,11.3,88.03,1
2026-03-05 21:19:05+00:00,17.679349,117.956681,7.81,174.11,14.19,35.62,9.6,73.36,1
2026-03-05 21:19:33+00:00,17.678438,117.957008,7.43,161.12,14.21,35.6,11.05,84.73,1
2026-03-05 21:19:53+00:00,17.677715,117.95711,7.88,172.34,14.21,35.58,9.83,76.62,1
2026-03-05 21:20:31+00:00,17.676436,117.957763,8.09,154.06,14.22,35.55,12.14,96.66,1
2026-03-05 21:21:07+00:00,17.67514,117.958201,8.17,162.15,14.21,35.52,11.92,90.27,1
2026-03-05 21:21:29+00:00,17.674343,117.958628,8.79,152.96,14.21,35.5,,,0
2026-03-05 21:22:07+00:00,17.673149,117.959521,8.34,144.53,14.22,35.46,,,0
2026-03-05 21:22:32+00:00,17.672321,117.959991,8.14,151.59,14.23,35.44,,,0
2026-03-05 21:22:55+00:00,17.671577,117.9606,8.87,142.05,14.26,35.42,,,0
2026-03-05 21:23:11+00:00,17.671051,117.96094,8.35,148.37,14.29,35.41,,,0
2026-03-05 21:23:42+00:00,17.669988,117.96147,8.21,154.59,14.33,35.38,,,0
2026-03-05 21:24:03+00:00,17.669326,117.961985,8.48,143.45,14.37,35.36,,,0
2026-03-05 21:24:17+00:00,17.668829,117.962248,8.59,153.24,14.4,35.35,13.01,99.86,1
2026-03-05 21:24:43+00:00,17.667984,117.962915,8.79,143.05,14.43,35.33,14.51,105.2,1
2026-03-05 21:25:02+00:00,17.667326,117.963276,8.45,152.4,14.46,35.31,13.03,102.01,1
2026-03-05 21:25:23+00:00,17.666549,117.963601,8.61,158.27,14.48,35.3,12.29,90.35,1
2026-03-05 21:25:44+00:00,17.665879,117.96405,8.18,147.44,14.49,35.28,13.75,103.75,1
2026-03-05 21:26:21+00:00,17.664544,117.964532,8.25,161.02,14.49,35.25,11.45,88.74,1
2026-03-05 21:26:43+00:00,17.663895,117.964916,7.32,150.59,14.5,35.23,13.16,94.12,1
2026-03-05 21:27:07+00:00,17.663188,117.965511,8.16,141.27,14.49,35.21,14.21,106.98,1
2026-03-05 21:27:25+00:00,17.662592,117.965847,8.12,151.76,14.48,35.2,13.08,98.52,1
2026-03-05 21:27:32+00:00,17.66242,117.966019,7.34,136.38,14.47,35.19,14.75,105.88,1
2026-03-05 21:27:55+00:00,17.661632,117.966434,8.29,153.35,14.46,35.17,13.59,94.9,1
2026-03-05 21:28:37+00:00,17.660348,117.967574,8.66,139.77,14.44,35.14,14.83,111.02,1
2026-03-05 21:29:29+00:00,17.658553,117.968612,8.52,151.14,14.42,35.09,12.72,96.16,1
2026-03-05 21:30:15+00:00,17.657174,117.969688,8.07,143.37,14.4,35.06,14.09,103.38,1
2026-03-05 21:30:30+00:00,17.656697,117.96998,7.96,149.74,14.39,35.04,13.37,104.55,1
2026-03-05 21:30:51+00:00,17.655949,117.970289,8.27,158.51,14.38,35.03,12.5,89.69,1
2026-03-05 21:31:11+00:00,17.655234,117.970332,7.74,176.72,14.38,35.01,9.42,70.59,1
2026-03-05 21:32:01+00:00,17.653435,117.97073,7.95,168.1,14.39,34.98,10.2,78.63,1
2026-03-05 21:32:33+00:00,17.652445,117.971618,8.8,139.48,14.4,34.95,15.12,111.41,1
2026-03-05 21:32:49+00:00,17.651852,117.971942,9.03,152.5,14.42,34.94,12.59,101.77,1
2026-03-05 21:33:11+00:00,17.651176,117.97244,8.11,144.93,14.45,34.92,13.81,105.41,1
2026-03-05 21:33:44+00:00,17.650252,117.973434,8.67,134.29,14.5,34.9,15.56,113.36,1
2026-03-05 21:34:14+00:00,17.649231,117.974034,8.43,150.75,15.16,34.87,13.74,101.56,1
2026-03-05 21:34:54+00:00,17.647892,117.974973,8.7,146.25,15.77,34.84,15.18,100.17,1
2026-03-05 21:35:05+00:00,17.647501,117.975152,8.38,156.43,16.35,34.83,13.72,89.71,1
2026-03-05 21:35:54+00:00,17.645928,117.976385,8.66,143.24,16.89,34.8,16.28,102.18,1
2026-03-05 21:35:59+00:00,17.645821,117.976576,9.13,120.45,17.4,34.79,20.25,118.8,1
2026-03-05 21:36:07+00:00,17.64558,117.97678,8.37,141.11,17.88,34.79,17.53,100.45,1
2026-03-05 21:36:31+00:00,17.64468,117.977228,8.97,154.62,18.33,34.77,15.93,89.77,1
2026-03-05 21:37:07+00:00,17.643236,117.977728,9.13,161.74,18.75,34.74,15.26,80.95,1
2026-03-05 21:37:25+00:00,17.642638,117.978048,8.06,152.98,19.15,34.73,17.15,91.48,1
2026-03-05 21:37:54+00:00,17.641553,117.978471,8.63,159.62,19.52,34.71,16.33,79.29,1
2026-03-05 21:38:05+00:00,17.641237,117.978754,8.16,139.52,19.87,34.7,19.59,101.47,1
2026-03-05 21:38:32+00:00,17.640594,117.979698,8.85,125.56,20.2,34.68,21.46,114.64,1
2026-03-05 21:39:01+00:00,17.639646,117.980465,8.92,142.37,20.09,34.66,19.36,98.33,1
2026-03-05 21:39:19+00:00,17.639059,117.980809,8.07,150.82,19.85,34.65,17.97,86.08,1
2026-03-05 21:40:19+00:00,17.636931,117.981808,8.4,155.9,19.61,34.6,17.07,82.37,1
2026-03-05 21:40:38+00:00,17.636309,117.982241,8.49,146.44,19.39,34.59,17.83,93.02,1
2026-03-05 21:41:26+00:00,17.634851,117.983467,8.41,141.29,19.17,34.56,18.39,95.38,1
2026-03-05 21:41:42+00:00,17.634392,117.983936,8.65,135.76,18.97,34.54,19.08,102.94,1
2026-03-05 21:42:08+00:00,17.633496,117.984641,9.31,143.14,18.79,34.53,18.28,97.57,1
2026-03-05 21:42:34+00:00,17.632647,117.985246,8.53,145.82,19.19,34.51,18.25,97.67,1
2026-03-05 21:43:06+00:00,17.631745,117.98619,8.61,135.07,19.56,34.48,19.74,105.84,1
2026-03-05 21:43:41+00:00,17.630526,117.986881,8.56,151.62,19.91,34.46,17.99,89.86,1
2026-03-05 21:44:03+00:00,17.629806,117.987419,8.68,144.54,20.23,34.44,19.12,96.38,1
2026-03-05 21:44:24+00:00,17.629054,117.987825,8.7,152.77,20.54,34.43,18.07,87.02,1
2026-03-05 21:44:42+00:00,17.628439,117.988107,8.06,156.39,20.83,34.42,17.85,83.38,1
2026-03-05 21:45:07+00:00,17.627618,117.98878,9.01,142.0,21.1,34.4,20.51,96.22,1
2026-03-05 21:45:24+00:00,17.6271,117.989264,8.82,138.32,21.36,34.39,21.15,100.28,1
2026-03-05 21:45:46+00:00,17.626347,117.989803,8.96,145.7,21.59,34.38,20.83,94.63,1
2026-03-05 21:46:15+00:00,17.625264,117.990285,8.77,157.01,21.82,34.36,18.36,78.06,1
2026-03-05 21:46:43+00:00,17.624398,117.990981,8.42,142.55,22.03,34.34,21.14,100.39,1
2026-03-05 21:47:02+00:00,17.62367,117.991291,8.94,157.91,22.23,34.33,18.66,79.78,1
2026-03-05 21:47:20+00:00,17.622982,117.99139,8.34,172.19,22.42,34.32,16.91,61.42,1
2026-03-05 21:47:32+00:00,17.622526,117.99155,8.66,161.51,22.59,34.31,18.67,76.99,1
2026-03-05 21:48:04+00:00,17.621422,117.991983,7.96,159.5,22.76,34.29,19.34,76.32,1
2026-03-05 21:48:20+00:00,17.620884,117.992275,8.18,152.65,22.91,34.28,21.22,82.44,1
2026-03-05 21:49:07+00:00,17.619288,117.993434,8.93,145.31,23.06,34.25,21.47,91.97,1
2026-03-05 21:49:37+00:00,17.618386,117.994342,9.01,136.19,23.19,34.23,22.74,97.48,1
2026-03-05 21:49:48+00:00,17.61806,117.994624,8.3,140.5,23.32,34.22,22.54,93.4,1
2026-03-05 21:50:20+00:00,17.617046,117.995422,8.56,143.13,23.44,34.2,21.57,93.51,1
2026-03-05 21:50:58+00:00,17.615727,117.996268,8.79,148.56,23.55,34.18,21.45,88.4,1
2026-03-05 21:51:12+00:00,17.61518,117.996485,9.03,159.29,23.66,34.17,19.89,79.12,1
2026-03-05 21:51:34+00:00,17.614424,117.996909,8.42,151.87,23.76,34.16,21.44,82.64,1
2026-03-05 21:52:27+00:00,17.612525,117.998137,9.1,148.35,23.86,34.13,22.06,85.4,1
2026-03-05 21:52:51+00:00,17.611603,117.998483,8.82,160.32,23.94,34.11,19.89,76.71,1
2026-03-05 21:53:00+00:00,17.611349,117.998638,7.06,149.82,24.03,34.11,21.86,84.04,1
2026-03-05 21:53:46+00:00,17.609774,117.999793,9.03,145.05,24.1,34.08,22.28,92.82,1
2026-03-05 21:54:14+00:00,17.608755,118.00029,8.67,155.07,24.18,34.06,20.73,79.34,1
2026-03-05 21:54:48+00:00,17.607667,118.001138,8.62,143.39,24.25,34.04,22.98,93.55,1
2026-03-05 21:55:27+00:00,17.60632,118.002004,8.76,148.5,24.31,34.02,21.78,93.45,1
2026-03-05 21:56:20+00:00,17.604391,118.002824,8.49,157.94,24.37,33.99,20.73,76.01,1
2026-03-05 21:56:59+00:00,17.603081,118.00365,8.47,148.99,24.43,33.97,21.92,82.57,1
2026-03-05 21:57:36+00:00,17.601991,118.004789,8.99,135.11,24.48,33.95,24.56,98.85,1
2026-03-05 21:57:46+00:00,17.601646,118.005027,8.92,146.67,24.53,33.94,23.17,89.85,1
2026-03-05 21:57:57+00:00,17.601245,118.005224,8.7,154.91,24.58,33.94,21.05,76.18,1
2026-03-05 21:58:20+00:00,17.600408,118.0054,8.02,168.67,24.62,33.93,19.26,62.31,1
2026-03-05 21:58:50+00:00,17.59935,118.005894,8.34,156.01,24.67,33.91,21.39,77.92,1
2026-03-05 21:59:41+00:00,17.597414,118.006939,9.23,152.77,24.71,33.89,21.8,85.94,1
2026-03-05 22:00:09+00:00,17.596384,118.007233,8.24,164.78,24.74,33.87,20.39,69.55,1
2026-03-05 22:00:23+00:00,17.596062,118.007719,8.71,124.8,24.78,33.85,25.99,110.25,1
2026-03-05 22:00:40+00:00,17.595462,118.008122,9.06,147.37,24.81,33.83,22.7,83.53,1
2026-03-05 22:01:00+00:00,17.594879,118.008759,9.1,133.84,24.84,33.81,25.03,102.88,1
2026-03-05 22:01:19+00:00,17.594186,118.009354,10.19,140.7,24.87,33.78,24.29,98.48,1
2026-03-05 22:02:01+00:00,17.592785,118.010207,8.34,149.87,24.9,33.74,21.92,83.8,1
2026-03-05 22:02:46+00:00,17.591367,118.011339,8.56,142.73,24.92,33.68,23.45,87.58,1
2026-03-05 22:03:10+00:00,17.590762,118.012182,9.06,126.98,24.95,33.65,26.11,105.45,1
2026-03-05 22:03:36+00:00,17.589774,118.012746,9.35,151.45,24.97,33.62,21.93,81.71,1
2026-03-05 22:03:57+00:00,17.589004,118.01329,9.56,146.04,24.99,33.6,23.62,86.01,1
2026-03-05 22:04:14+00:00,17.588498,118.013735,8.4,140.03,25.01,33.58,23.83,93.13,1
2026-03-05 22:04:34+00:00,17.588003,118.014407,8.75,127.69,25.03,33.56,25.9,103.95,1
2026-03-05 22:04:46+00:00,17.587544,118.014649,9.25,153.32,25.04,33.54,22.14,86.92,1
2026-03-05 22:04:56+00:00,17.587151,118.014766,8.83,164.16,25.06,33.53,20.26,68.18,1
2026-03-05 22:05:11+00:00,17.586659,118.015171,9.01,141.88,25.08,33.51,23.27,95.26,1
2026-03-05 22:05:46+00:00,17.585551,118.015885,8.03,148.44,25.09,33.47,22.76,80.44,1
2026-03-05 22:06:00+00:00,17.585147,118.016391,9.71,129.95,25.1,33.46,26.18,104.35,1
2026-03-05 22:06:32+00:00,17.584156,118.017309,8.93,138.55,25.12,33.42,24.26,95.78,1
2026-03-05 22:06:55+00:00,17.583485,118.018108,9.54,131.38,25.13,33.39,25.36,101.84,1
2026-03-05 22:07:14+00:00,17.582877,118.018635,8.97,140.43,25.14,33.37,24.36,92.95,1
2026-03-05 22:07:36+00:00,17.582084,118.019112,8.98,150.17,25.15,33.34,22.47,83.54,1
2026-03-05 22:07:48+00:00,17.581771,118.019461,8.23,133.25,25.16,33.33,24.94,98.46,1
2026-03-05 22:07:54+00:00,17.58159,118.019565,7.43,151.29,25.17,33.32,22.7,82.59,1
2026-03-05 22:08:14+00:00,17.581066,118.020225,8.85,129.79,25.18,33.3,25.96,104.25,1
2026-03-05 22:08:46+00:00,17.580003,118.021145,9.31,140.48,25.19,33.26,24.85,95.37,1
2026-03-05 22:09:11+00:00,17.579263,118.021973,9.35,133.15,25.2,33.23,25.57,102.5,1
2026-03-05 22:09:47+00:00,17.578146,118.022928,8.65,140.82,25.2,33.19,24.39,93.65,1
2026-03-05 22:10:17+00:00,17.577319,118.023948,9.2,130.38,25.21,33.15,25.57,103.38,1
2026-03-05 22:10:36+00:00,17.576638,118.024438,9.39,145.55,25.22,33.13,23.0,88.81,1
2026-03-05 22:10:58+00:00,17.575888,118.025102,9.64,139.84,25.22,33.11,24.29,95.96,1
2026-03-05 22:11:55+00:00,17.574405,118.02709,9.13,128.04,25.23,33.03,26.1,107.71,1
2026-03-05 22:12:07+00:00,17.574038,118.027461,9.18,136.06,25.23,33.02,24.51,100.33,1
2026-03-05 22:12:31+00:00,17.573207,118.028109,9.33,143.37,25.24,32.99,23.61,90.82,1
2026-03-05 22:12:49+00:00,17.572745,118.028767,9.36,126.37,25.24,32.97,26.52,108.85,1
2026-03-05 22:12:58+00:00,17.572429,118.029002,9.3,144.66,25.25,32.96,23.57,89.53,1
2026-03-05 22:13:30+00:00,17.571262,118.029473,8.45,158.95,25.25,32.93,21.55,72.65,1
2026-03-05 22:14:10+00:00,17.569842,118.030325,8.84,150.23,25.26,32.88,22.69,82.03,1
2026-03-05 22:14:19+00:00,17.569518,118.030456,8.34,158.92,25.26,32.87,21.29,71.92,1
2026-03-05 22:14:41+00:00,17.568725,118.031018,9.4,145.96,25.26,32.85,23.09,91.42,1
2026-03-05 22:14:54+00:00,17.568207,118.031259,9.42,156.08,25.27,32.83,21.23,78.34,1
2026-03-05 22:16:08+00:00,17.565732,118.032935,8.6,147.15,25.27,32.75,23.62,85.71,1
2026-03-05 22:16:47+00:00,17.564367,118.033777,8.78,149.54,25.27,32.71,22.71,80.45,1
2026-03-05 22:16:56+00:00,17.56409,118.034029,8.81,139.06,25.28,32.7,24.24,93.35,1
2026-03-05 22:17:27+00:00,17.563033,118.034734,8.73,147.55,25.28,32.66,22.73,84.77,1
2026-03-05 22:17:35+00:00,17.562815,118.034992,8.88,131.55,25.28,32.65,26.35,99.6,1
2026-03-05 22:17:48+00:00,17.562356,118.035336,9.38,144.45,25.28,32.64,23.15,90.0,1
2026-03-05 22:18:07+00:00,17.561689,118.035625,8.21,157.56,25.28,32.62,21.53,72.31,1
2026-03-05 22:18:39+00:00,17.56068,118.036408,8.48,143.5,25.29,32.58,23.75,88.82,1
2026-03-05 22:19:01+00:00,17.560156,118.037255,9.46,122.98,25.29,32.55,27.11,110.37,1
2026-03-05 22:19:18+00:00,17.559581,118.037746,9.43,140.85,25.29,32.53,24.34,91.61,1
2026-03-05 22:19:48+00:00,17.558724,118.038719,9.1,132.73,25.29,32.5,25.85,99.69,1
2026-03-05 22:20:03+00:00,17.5582,118.039161,9.69,141.19,25.29,32.48,,,0
2026-03-05 22:20:18+00:00,17.557812,118.039597,8.19,133.03,25.29,32.46,24.8,100.51,1
2026-03-05 22:20:46+00:00,17.556769,118.040248,9.37,149.24,25.3,32.43,22.59,85.35,1
2026-03-05 22:21:02+00:00,17.556157,118.040477,8.78,160.37,25.3,32.41,21.16,69.9,1
2026-03-05 22:21:47+00:00,17.554527,118.041596,9.36,146.79,25.3,32.36,23.68,88.05,1
2026-03-05 22:22:02+00:00,17.55399,118.041841,8.44,156.49,25.3,32.35,21.3,78.03,1
2026-03-05 22:22:43+00:00,17.552595,118.042878,9.01,144.67,25.3,32.3,23.77,90.33,1
2026-03-05 22:22:50+00:00,17.552419,118.043096,8.41,130.26,25.3,32.29,25.59,102.17,1
2026-03-05 22:23:13+00:00,17.551656,118.043639,8.67,145.84,25.3,32.27,23.49,87.86,1
2026-03-05 22:23:35+00:00,17.550822,118.043971,8.76,159.22,25.3,32.25,21.19,75.18,1
2026-03-05 22:23:51+00:00,17.550304,118.044394,8.87,142.1,25.3,32.23,23.55,92.8,1
2026-03-05 22:24:11+00:00,17.54956,118.044808,9.1,152.05,25.31,32.21,22.45,82.1,1
2026-03-05 22:24:47+00:00,17.548467,118.045922,9.15,135.82,25.31,32.16,24.99,99.5,1
2026-03-05 22:25:06+00:00,17.547907,118.046599,9.72,130.94,25.31,32.14,25.98,101.0,1
2026-03-05 22:25:29+00:00,17.54716,118.047256,9.16,140.02,25.31,32.11,24.12,90.28,1
2026-03-05 22:25:37+00:00,17.546833,118.047488,10.67,145.92,25.31,32.11,22.98,91.42,1
2026-03-05 22:26:13+00:00,17.545534,118.048123,8.6,155.01,25.31,32.07,21.39,76.49,1
2026-03-05 22:26:55+00:00,17.544104,118.049115,8.82,146.52,25.31,32.02,23.34,84.76,1
2026-03-05 22:27:12+00:00,17.543507,118.049607,9.65,141.84,25.31,32.0,23.96,94.21,1
2026-03-05 22:27:17+00:00,17.543363,118.049771,9.19,132.64,25.31,32.0,24.99,96.56,1
2026-03-05 22:27:57+00:00,17.541903,118.050568,8.89,152.5,25.31,31.95,21.99,78.61,1
2026-03-05 22:28:14+00:00,17.54142,118.051089,8.81,134.19,25.31,31.93,24.83,96.93,1
2026-03-05 22:28:30+00:00,17.540837,118.051386,8.76,154.09,25.31,31.92,21.49,74.3,1
2026-03-05 22:28:39+00:00,17.540573,118.051614,8.21,140.53,25.31,31.91,23.74,93.3,1
2026-03-05 22:28:44+00:00,17.540481,118.05179,8.27,118.73,25.31,31.9,26.72,108.22,1
2026-03-05 22:29:00+00:00,17.539952,118.052223,9.07,142.03,25.31,31.88,23.64,89.66,1
2026-03-05 22:29:30+00:00,17.538943,118.052888,8.59,147.85,25.31,31.85,22.67,85.51,1
2026-03-05 22:29:42+00:00,17.538579,118.05322,8.69,138.99,25.31,31.84,23.73,94.19,1
2026-03-05 22:30:11+00:00,17.537526,118.053715,8.6,155.86,24.75,31.81,21.78,73.4,1
2026-03-05 22:30:38+00:00,17.536658,118.054333,8.4,145.83,24.16,31.78,22.48,87.61,1
2026-03-05 22:31:30+00:00,17.534729,118.055149,8.65,158.03,23.6,31.72,19.52,74.92,1
2026-03-05 22:31:54+00:00,17.533984,118.055602,7.76,149.89,23.08,31.7,20.66,85.86,1
2026-03-05 22:32:03+00:00,17.533719,118.055873,8.89,135.72,22.59,31.69,22.3,99.66,1
2026-03-05 22:32:23+00:00,17.533052,118.056172,7.84,156.86,22.13,31.66,19.09,74.52,1
2026-03-05 22:32:55+00:00,17.532232,118.057047,7.9,134.5,21.69,31.63,21.12,96.54,1
2026-03-05 22:33:37+00:00,17.531089,118.058357,8.71,132.46,21.29,31.58,21.75,101.17,1
2026-03-05 22:34:10+00:00,17.530016,118.059132,8.53,145.44,20.91,31.54,18.95,88.53,1
2026-03-05 22:34:27+00:00,17.529341,118.059299,8.82,166.73,20.59,31.53,15.22,70.98,1
2026-03-05 22:34:34+00:00,17.529113,118.05943,8.03,151.28,20.88,31.52,18.49,82.69,1
2026-03-05 22:34:49+00:00,17.528662,118.059865,8.83,137.39,21.15,31.5,20.95,99.63,1
2026-03-05 22:35:34+00:00,17.527232,118.060987,8.58,143.2,21.4,31.45,20.66,94.9,1
2026-03-05 22:35:50+00:00,17.526641,118.061295,8.92,153.57,21.64,31.43,18.14,77.22,1
2026-03-05 22:36:10+00:00,17.526128,118.061881,8.2,132.55,21.86,31.41,22.02,103.05,1
2026-03-05 22:36:31+00:00,17.52543,118.06246,9.16,141.66,22.07,31.39,20.63,94.3,1
2026-03-05 22:37:05+00:00,17.524452,118.063605,9.32,131.85,22.27,31.35,22.75,104.38,1
2026-03-05 22:37:28+00:00,17.523722,118.064213,8.76,141.54,22.45,31.32,20.65,91.06,1
2026-03-05 22:37:43+00:00,17.5232,118.064492,8.44,152.99,22.62,31.31,19.18,78.35,1
2026-03-05 22:37:55+00:00,17.522839,118.064792,8.3,141.6,22.19,31.29,20.58,92.61,1
2026-03-05 22:38:15+00:00,17.522177,118.065241,8.52,147.11,21.74,31.27,19.61,91.98,1
2026-03-05 22:38:25+00:00,17.521782,118.065378,8.99,161.7,21.3,31.26,16.72,75.44,1
2026-03-05 22:38:43+00:00,17.521253,118.065712,7.41,148.95,20.89,31.24,18.83,85.45,1
2026-03-05 22:38:50+00:00,17.521088,118.065913,7.81,130.72,20.5,31.23,21.01,101.97,1
2026-03-05 22:39:00+00:00,17.520774,118.066105,7.86,149.75,20.15,31.22,,,0
2026-03-05 22:39:28+00:00,17.519976,118.066816,8.08,139.65,19.82,31.19,19.38,93.93,1
2026-03-05 22:39:53+00:00,17.519292,118.067636,8.98,131.18,19.53,31.16,20.15,105.22,1
2026-03-05 22:40:23+00:00,17.518285,118.068307,8.6,147.57,19.29,31.13,16.91,85.92,1
2026-03-05 22:40:38+00:00,17.517885,118.068845,9.37,127.94,19.65,31.11,21.15,108.38,1
2026-03-05 22:41:00+00:00,17.517219,118.069526,9.14,135.72,20.0,31.09,19.59,100.81,1
2026-03-05 22:41:06+00:00,17.517022,118.069624,7.85,154.62,20.32,31.08,17.54,78.39,1
2026-03-05 22:41:16+00:00,17.516692,118.069649,7.15,175.87,20.62,31.07,15.81,51.05,1
2026-03-05 22:41:39+00:00,17.515846,118.070178,9.26,149.19,20.91,31.05,18.58,88.85,1
2026-03-05 22:42:08+00:00,17.514899,118.070932,8.86,142.79,21.17,31.01,19.24,92.9,1
2026-03-05 22:42:30+00:00,17.514095,118.071343,8.79,154.01,21.42,30.99,17.92,79.71,1
2026-03-05 22:42:48+00:00,17.513519,118.071807,8.72,142.47,21.66,30.97,20.56,88.3,1
2026-03-05 22:43:01+00:00,17.513049,118.072017,8.49,156.92,21.88,30.96,18.19,75.03,1
2026-03-05 22:43:24+00:00,17.5123,118.072487,8.2,149.1,22.09,30.93,19.62,81.54,1
2026-03-05 22:43:41+00:00,17.511636,118.072778,9.15,157.32,22.28,30.92,18.62,78.14,1
2026-03-05 22:43:52+00:00,17.511364,118.073146,8.72,127.78,22.47,30.9,23.32,106.96,1
2026-03-05 22:44:25+00:00,17.510391,118.074098,8.72,136.98,22.64,30.87,21.97,98.26,1
2026-03-05 22:44:58+00:00,17.509356,118.074854,8.26,145.14,22.8,30.83,20.75,88.42,1
2026-03-05 22:45:04+00:00,17.509137,118.074944,8.47,158.6,22.95,30.83,18.89,72.62,1
2026-03-05 22:45:28+00:00,17.508402,118.075487,8.1,144.83,23.1,30.8,,,0
2026-03-05 22:46:00+00:00,17.507156,118.075979,8.99,159.36,23.23,30.77,25.35,71.65,1
2026-03-05 22:46:23+00:00,17.506375,118.076474,8.58,148.85,23.36,30.74,20.67,80.27,1
2026-03-05 22:46:45+00:00,17.505765,118.077132,8.6,134.19,23.48,30.72,23.37,99.79,1
2026-03-05 22:47:03+00:00,17.505187,118.077682,9.37,137.78,22.87,30.7,21.99,96.57,1
2026-03-05 22:47:13+00:00,17.504973,118.078024,8.43,123.27,22.28,30.69,23.21,105.97,1
2026-03-05 22:47:31+00:00,17.504955,118.078638,7.03,91.76,21.71,30.66,25.62,131.03,1
2026-03-05 22:47:52+00:00,17.505107,118.079155,5.31,72.87,21.17,30.63,25.06,144.13,1
2026-03-05 22:48:08+00:00,17.505051,118.079609,5.9,97.37,20.66,30.61,23.54,126.59,1
2026-03-05 22:48:20+00:00,17.505144,118.079908,5.4,71.94,20.18,30.6,24.87,149.17,1
2026-03-05 22:48:31+00:00,17.504962,118.080284,7.9,116.91,19.73,30.58,21.48,114.26,1
2026-03-05 22:48:44+00:00,17.504489,118.080492,8.53,157.25,19.32,30.57,15.84,74.5,1
2026-03-05 22:49:04+00:00,17.503854,118.080988,8.56,143.32,18.95,30.55,17.32,93.62,1
2026-03-05 22:49:19+00:00,17.503328,118.081231,8.28,156.22,19.34,30.53,15.91,78.88,1
2026-03-05 22:49:52+00:00,17.502253,118.081897,8.18,149.42,19.7,30.5,16.84,85.07,1
2026-03-05 22:50:08+00:00,17.501724,118.082363,9.33,139.97,20.04,30.48,19.01,96.73,1
2026-03-05 22:50:58+00:00,17.499949,118.083553,9.11,147.41,20.36,30.43,18.09,90.03,1
2026-03-05 22:51:16+00:00,17.499379,118.084091,9.21,138.01,20.66,30.41,20.08,98.69,1
2026-03-05 22:51:35+00:00,17.498694,118.084529,9.13,148.62,20.94,30.39,18.53,87.53,1
2026-03-05 22:52:08+00:00,17.497756,118.085625,9.2,131.9,21.21,30.35,21.0,104.23,1
2026-03-05 22:52:25+00:00,17.497205,118.086068,8.83,142.52,21.46,30.33,20.2,91.23,1
2026-03-05 22:52:41+00:00,17.496596,118.086428,9.44,150.59,21.69,30.31,,,0
2026-03-05 22:52:57+00:00,17.496085,118.086864,8.9,140.86,21.91,30.29,,,0
2026-03-05 22:53:09+00:00,17.495675,118.087101,8.43,151.13,22.11,30.28,,,0
2026-03-05 22:53:23+00:00,17.495254,118.087524,9.0,136.22,22.31,30.27,,,0
2026-03-05 22:53:34+00:00,17.494858,118.087734,8.72,153.17,22.49,30.25,,,0
2026-03-05 22:53:50+00:00,17.494349,118.088143,8.66,142.53,22.66,30.24,,,0
2026-03-05 22:53:58+00:00,17.494101,118.088372,8.93,138.63,22.82,30.23,,,0
2026-03-05 22:54:30+00:00,17.493333,118.089472,8.78,126.21,22.97,30.19,25.17,102.43,1
2026-03-05 22:54:48+00:00,17.492829,118.090054,9.0,132.24,23.11,30.17,22.91,100.86,1
2026-03-05 22:55:22+00:00,17.491722,118.091085,9.41,138.39,23.25,30.13,22.26,95.15,1
2026-03-05 22:55:33+00:00,17.49133,118.091304,8.73,151.95,23.37,30.12,20.54,83.08,1
2026-03-05 22:55:44+00:00,17.490984,118.091607,8.86,140.13,23.49,30.11,21.85,93.97,1
2026-03-05 22:56:07+00:00,17.490383,118.092334,8.62,130.92,23.6,30.08,23.4,98.98,1
2026-03-05 22:56:26+00:00,17.489778,118.092859,8.93,140.39,23.7,30.06,22.08,92.55,1
2026-03-05 22:56:43+00:00,17.489328,118.093429,8.97,129.62,23.8,30.04,23.76,102.39,1
2026-03-05 22:56:55+00:00,17.488912,118.093808,9.93,139.01,23.89,30.02,22.59,96.35,1
2026-03-05 22:57:17+00:00,17.488349,118.094565,9.0,127.95,23.98,30.0,24.65,101.41,1
2026-03-05 22:57:45+00:00,17.487453,118.095391,9.21,138.68,24.06,29.97,22.52,94.47,1
2026-03-05 22:57:59+00:00,17.487103,118.095866,8.84,127.69,24.13,29.95,24.69,102.7,1
2026-03-05 22:58:09+00:00,17.486783,118.096179,9.46,136.99,24.21,29.94,22.75,96.39,1
2026-03-05 22:58:41+00:00,17.485667,118.0969,8.85,148.36,24.27,29.9,21.34,81.31,1
2026-03-05 22:59:06+00:00,17.484882,118.097576,8.78,140.6,24.34,29.88,22.66,89.26,1
2026-03-05 22:59:19+00:00,17.484436,118.097833,8.46,151.21,24.39,29.86,21.76,80.88,1
2026-03-05 22:59:43+00:00,17.483616,118.098503,9.36,142.07,24.45,29.84,22.55,88.18,1
2026-03-05 23:00:10+00:00,17.482666,118.098975,8.42,154.64,24.5,29.81,20.21,72.54,1
2026-03-05 23:00:32+00:00,17.481913,118.099535,9.07,144.65,24.55,29.78,21.71,86.67,1
2026-03-05 23:01:06+00:00,17.480875,118.100571,9.11,136.41,24.6,29.73,23.66,93.43,1
2026-03-05 23:01:14+00:00,17.480592,118.100754,8.98,148.33,24.64,29.72,22.0,80.81,1
2026-03-05 23:01:24+00:00,17.480295,118.101061,9.01,135.41,24.68,29.71,23.99,95.83,1
2026-03-05 23:01:41+00:00,17.479637,118.101427,9.47,152.05,24.72,29.69,21.27,76.78,1
2026-03-05 23:01:55+00:00,17.47917,118.101821,9.25,141.18,24.76,29.67,23.38,88.43,1
2026-03-05 23:02:12+00:00,17.478629,118.102159,8.01,149.21,24.79,29.65,21.81,83.03,1
2026-03-05 23:02:45+00:00,17.477691,118.103124,8.61,135.54,24.82,29.6,24.2,95.21,1
2026-03-05 23:03:01+00:00,17.477138,118.103524,9.08,145.4,24.85,29.58,21.95,84.04,1
2026-03-05 23:03:14+00:00,17.476655,118.103768,8.91,154.27,24.88,29.56,20.84,76.43,1
2026-03-05 23:03:25+00:00,17.476376,118.104129,8.71,129.02,24.91,29.55,24.45,101.77,1
2026-03-05 23:03:34+00:00,17.476035,118.104368,9.85,146.24,24.93,29.54,22.23,88.52,1
2026-03-05 23:03:56+00:00,17.475219,118.104822,9.08,152.05,24.95,29.51,21.47,78.07,1
2026-03-05 23:04:13+00:00,17.47469,118.105272,8.66,140.94,24.98,29.48,23.28,90.78,1
2026-03-05 23:04:32+00:00,17.474058,118.105511,7.64,160.16,25.0,29.46,20.85,61.37,1
2026-03-05 23:04:50+00:00,17.473469,118.105983,8.9,142.61,25.02,29.44,22.74,85.55,1
2026-03-05 23:05:16+00:00,17.472527,118.10655,9.03,150.14,25.04,29.4,21.79,80.41,1
2026-03-05 23:05:41+00:00,17.471752,118.107237,8.77,139.78,24.43,29.37,22.45,91.29,1
2026-03-05 23:06:03+00:00,17.471019,118.107698,8.4,149.04,23.86,29.34,21.42,78.8,1
2026-03-05 23:06:49+00:00,17.46955,118.108487,7.76,152.87,23.32,29.28,20.01,75.68,1
2026-03-05 23:07:04+00:00,17.469056,118.108658,7.5,161.73,22.81,29.27,18.44,63.6,1
2026-03-05 23:07:23+00:00,17.468544,118.109107,7.59,140.09,22.33,29.24,21.35,88.48,1
2026-03-05 23:08:00+00:00,17.467289,118.109938,8.67,147.72,21.88,29.19,18.93,86.77,1
2026-03-05 23:08:49+00:00,17.465707,118.111138,8.61,144.11,21.45,29.13,19.11,90.5,1
2026-03-05 23:08:56+00:00,17.465512,118.111353,8.74,133.56,21.05,29.12,20.35,97.72,1
2026-03-05 23:09:21+00:00,17.464611,118.111926,9.11,148.76,20.7,29.09,18.01,84.27,1
2026-03-05 23:09:43+00:00,17.463932,118.112494,8.53,141.41,20.99,29.06,19.55,90.81,1
2026-03-05 23:10:15+00:00,17.462732,118.113118,9.05,153.62,21.25,29.02,17.97,80.16,1
2026-03-05 23:10:22+00:00,17.462535,118.113316,8.43,136.21,21.5,29.01,21.41,94.44,1
2026-03-05 23:11:00+00:00,17.46123,118.114108,8.58,149.93,21.73,28.96,18.14,84.12,1
2026-03-05 23:11:25+00:00,17.460372,118.114797,9.34,142.55,21.95,28.92,20.3,92.26,1
2026-03-05 23:11:47+00:00,17.459624,118.11527,8.58,148.9,22.15,28.9,19.18,83.4,1
2026-03-05 23:12:04+00:00,17.458948,118.115616,9.56,153.98,22.35,28.88,18.4,77.28,1
2026-03-05 23:12:50+00:00,17.457377,118.116324,8.04,156.74,22.53,28.82,18.51,74.23,1
2026-03-05 23:13:08+00:00,17.456834,118.116935,9.57,132.97,22.7,28.79,22.1,94.68,1
2026-03-05 23:13:51+00:00,17.455536,118.118068,8.49,140.22,22.86,28.74,21.78,91.99,1
2026-03-05 23:14:34+00:00,17.454009,118.11896,8.79,150.87,23.01,28.68,20.03,81.76,1
2026-03-05 23:14:55+00:00,17.453338,118.119503,8.72,142.33,23.15,28.65,21.22,87.59,1
2026-03-05 23:15:20+00:00,17.452641,118.120185,8.24,136.97,23.28,28.62,22.52,94.91,1
2026-03-05 23:15:27+00:00,17.452389,118.120316,8.69,153.62,23.41,28.61,19.3,75.97,1
2026-03-05 23:15:59+00:00,17.451381,118.121124,8.57,142.6,23.53,28.57,21.11,87.44,1
2026-03-05 23:16:15+00:00,17.451016,118.121648,8.36,126.14,23.64,28.54,23.36,103.28,1
2026-03-05 23:16:41+00:00,17.450181,118.122316,8.73,142.65,23.74,28.51,21.48,93.79,1
2026-03-05 23:17:17+00:00,17.449198,118.123356,8.39,134.73,23.84,28.46,23.0,96.95,1
2026-03-05 23:17:40+00:00,17.448449,118.123969,8.93,142.02,23.93,28.43,21.97,89.71,1
2026-03-05 23:17:55+00:00,17.448066,118.124442,8.53,130.32,24.02,28.41,23.81,96.81,1
2026-03-05 23:19:06+00:00,17.445946,118.12651,8.82,137.06,24.1,28.31,22.42,92.97,1
2026-03-05 23:19:33+00:00,17.445042,118.12719,8.91,144.34,24.17,28.27,22.02,83.86,1
2026-03-05 23:19:55+00:00,17.444369,118.127805,8.77,138.92,24.25,28.24,22.76,92.18,1
2026-03-05 23:20:15+00:00,17.443697,118.128251,8.6,147.66,24.31,28.22,21.66,81.28,1
2026-03-05 23:20:29+00:00,17.443224,118.128515,8.27,151.97,24.38,28.2,20.37,73.16,1
2026-03-05 23:20:53+00:00,17.442406,118.128854,7.92,158.43,24.44,28.17,20.34,67.28,1
2026-03-05 23:21:00+00:00,17.442212,118.129025,7.83,139.94,24.49,28.16,22.42,85.13,1
2026-03-05 23:21:22+00:00,17.44168,118.129752,8.59,127.49,24.55,28.13,24.53,101.05,1
2026-03-05 23:21:37+00:00,17.441181,118.130094,8.59,146.82,24.6,28.11,21.97,79.78,1
2026-03-05 23:21:51+00:00,17.440671,118.130562,10.46,138.8,24.64,28.09,23.14,94.4,1
2026-03-05 23:22:20+00:00,17.439657,118.131053,8.33,155.2,24.69,28.05,20.49,73.0,1
2026-03-05 23:23:15+00:00,17.437869,118.132563,9.02,141.14,24.73,27.98,22.75,88.13,1
2026-03-05 23:23:32+00:00,17.437313,118.132909,8.22,149.3,24.77,27.96,21.2,76.79,1
2026-03-05 23:23:37+00:00,17.437139,118.133089,10.57,135.38,24.8,27.95,24.22,97.97,1
2026-03-05 23:23:50+00:00,17.436679,118.133359,8.77,150.75,24.84,27.93,21.33,78.72,1
2026-03-05 23:23:57+00:00,17.436432,118.133426,7.88,165.49,24.87,27.93,20.12,55.81,1
2026-03-05 23:24:16+00:00,17.435809,118.133863,8.53,146.21,24.9,27.9,22.01,82.01,1
2026-03-05 23:24:23+00:00,17.435595,118.134088,9.36,134.91,24.93,27.89,23.77,97.58,1
2026-03-05 23:24:33+00:00,17.435241,118.13427,8.52,153.87,24.95,27.88,20.88,74.23,1
2026-03-05 23:24:57+00:00,17.434485,118.134846,8.42,143.99,24.98,27.85,22.84,83.53,1
2026-03-05 23:25:22+00:00,17.433804,118.135579,8.44,134.24,25.0,27.81,23.81,94.55,1
2026-03-05 23:25:46+00:00,17.432981,118.136087,8.6,149.51,25.03,27.78,21.96,78.82,1
2026-03-05 23:26:34+00:00,17.431272,118.137327,9.36,145.31,25.05,27.72,22.2,85.75,1
2026-03-05 23:27:13+00:00,17.429985,118.138418,9.17,141.03,25.07,27.67,22.43,84.04,1
2026-03-05 23:27:21+00:00,17.429682,118.138606,9.51,149.38,25.09,27.66,21.48,77.12,1
2026-03-05 23:27:38+00:00,17.429189,118.139107,8.73,135.89,25.1,27.63,23.5,94.1,1
2026-03-05 23:28:30+00:00,17.42739,118.140321,8.89,147.22,25.12,27.57,22.12,77.79,1
2026-03-05 23:28:43+00:00,17.427009,118.140746,9.25,133.22,25.14,27.55,23.97,96.61,1
2026-03-05 23:29:00+00:00,17.426402,118.141048,8.54,154.61,25.15,27.53,21.41,71.03,1
2026-03-05 23:29:06+00:00,17.426254,118.141232,8.27,130.13,25.17,27.52,24.69,94.46,1
2026-03-05 23:29:14+00:00,17.425971,118.141417,9.01,148.05,25.18,27.51,21.96,80.8,1
2026-03-05 23:29:40+00:00,17.42501,118.141779,8.49,160.23,25.19,27.48,20.6,65.44,1
2026-03-05 23:30:07+00:00,17.424101,118.142393,8.66,147.2,25.2,27.44,22.5,84.24,1
2026-03-05 23:30:16+00:00,17.423821,118.14267,9.25,136.65,25.21,27.43,23.82,91.02,1
2026-03-05 23:30:36+00:00,17.42311,118.143066,8.7,152.01,25.22,27.4,21.28,77.72,1
2026-03-05 23:30:57+00:00,17.422507,118.143716,8.9,134.2,25.23,27.37,23.67,94.5,1
2026-03-05 23:31:09+00:00,17.422109,118.144047,9.15,141.57,25.24,27.36,22.85,85.7,1
2026-03-05 23:31:21+00:00,17.421691,118.144337,9.03,146.5,25.25,27.34,22.11,83.16,1
2026-03-05 23:31:41+00:00,17.421033,118.144652,7.82,155.45,25.26,27.32,21.37,69.75,1
2026-03-05 23:31:53+00:00,17.420712,118.145025,8.63,132.05,25.27,27.3,24.43,95.22,1
2026-03-05 23:32:19+00:00,17.419923,118.145737,8.66,139.27,25.27,27.27,23.65,88.54,1
2026-03-05 23:32:38+00:00,17.419385,118.146361,9.13,132.1,25.28,27.24,24.39,94.98,1
2026-03-05 23:32:55+00:00,17.418818,118.146707,8.34,149.79,25.29,27.22,21.94,74.45,1
2026-03-05 23:33:14+00:00,17.418227,118.147209,8.65,140.98,25.29,27.19,23.55,87.69,1
2026-03-05 23:33:39+00:00,17.41741,118.147839,8.77,143.66,25.3,27.16,22.88,83.21,1
2026-03-05 23:34:10+00:00,17.416284,118.148483,8.94,151.38,25.31,27.12,131.59,-100.16,3
2026-03-05 23:34:29+00:00,17.415571,118.148726,8.53,161.99,24.75,27.1,19.5,63.55,1
2026-03-05 23:34:59+00:00,17.414493,118.149375,8.96,150.12,24.18,27.06,20.51,78.73,1
2026-03-05 23:35:23+00:00,17.413687,118.149679,7.71,160.21,23.63,27.03,18.94,61.01,1
2026-03-05 23:35:43+00:00,17.413167,118.150215,7.88,135.48,23.11,27.0,21.77,94.03,1
2026-03-05 23:36:09+00:00,17.412538,118.150981,8.02,130.71,22.63,26.97,22.36,97.09,1
2026-03-05 23:36:26+00:00,17.411915,118.151394,9.37,147.68,22.17,26.94,19.09,83.73,1
2026-03-05 23:36:58+00:00,17.410932,118.152355,9.08,136.99,21.73,26.9,20.07,95.39,1
2026-03-05 23:37:39+00:00,17.409562,118.15324,8.48,148.35,21.33,26.85,18.91,82.15,1
2026-03-05 23:38:02+00:00,17.40893,118.153925,8.54,134.04,21.57,26.81,20.82,97.51,1
2026-03-05 23:38:11+00:00,17.408627,118.154126,8.61,147.67,21.81,26.8,18.47,83.24,1
2026-03-05 23:38:31+00:00,17.40802,118.154733,9.07,136.34,22.02,26.78,20.69,96.09,1
2026-03-05 23:38:39+00:00,17.407763,118.154826,7.35,160.95,22.23,26.77,17.93,65.63,1
2026-03-05 23:38:47+00:00,17.407488,118.155034,9.16,144.18,22.42,26.76,20.45,88.42,1
2026-03-05 23:39:14+00:00,17.406761,118.155917,8.91,130.79,22.6,26.72,21.86,98.53,1
2026-03-05 23:39:29+00:00,17.406255,118.156153,7.98,156.01,22.77,26.7,19.05,67.66,1
2026-03-05 23:39:50+00:00,17.405667,118.156716,8.2,137.58,22.93,26.67,21.84,93.37,1
2026-03-05 23:40:04+00:00,17.405321,118.157172,8.58,128.49,23.08,26.65,22.73,99.19,1
2026-03-05 23:40:29+00:00,17.404462,118.157793,9.02,145.4,22.6,26.62,19.81,83.69,1
2026-03-05 23:40:56+00:00,17.4036,118.158489,8.71,142.39,22.13,26.58,19.64,83.87,1
2026-03-05 23:41:33+00:00,17.402681,118.159661,8.46,129.41,21.69,26.53,21.39,100.39,1
2026-03-05 23:41:45+00:00,17.402283,118.159876,8.07,152.73,21.26,26.51,17.72,75.61,1
2026-03-05 23:41:54+00:00,17.402059,118.16013,7.93,132.74,20.86,26.5,20.33,92.93,1
2026-03-05 23:42:02+00:00,17.401805,118.160286,7.95,149.63,20.48,26.49,17.78,80.2,1
2026-03-05 23:42:38+00:00,17.400874,118.161293,8.03,134.09,20.13,26.44,19.05,94.75,1
2026-03-05 23:42:53+00:00,17.400358,118.161473,7.84,161.59,19.8,26.42,14.68,71.42,1
2026-03-05 23:43:09+00:00,17.399826,118.161879,8.89,143.94,19.48,26.4,17.27,88.48,1
2026-03-05 23:43:28+00:00,17.399124,118.162236,8.88,154.11,19.18,26.38,15.53,78.43,1
2026-03-05 23:44:14+00:00,17.397552,118.163216,8.59,149.25,18.91,26.32,16.04,82.18,1
2026-03-05 23:44:29+00:00,17.397171,118.163651,8.12,132.55,18.66,26.3,18.05,101.74,1
2026-03-05 23:44:51+00:00,17.396529,118.164281,8.64,136.88,18.43,26.27,17.42,96.37,1
2026-03-05 23:45:09+00:00,17.396008,118.164743,8.2,139.76,18.22,26.24,17.19,91.71,1
2026-03-05 23:45:32+00:00,17.395306,118.165229,7.91,146.55,18.03,26.21,15.72,87.0,1
2026-03-05 23:46:09+00:00,17.394414,118.166445,8.55,127.55,17.86,26.16,18.1,103.25,1
2026-03-05 23:46:25+00:00,17.393939,118.166769,7.66,146.94,17.74,26.14,15.16,85.9,1
2026-03-05 23:46:49+00:00,17.393228,118.167395,8.36,139.96,17.64,26.1,16.13,97.91,1
2026-03-05 23:47:05+00:00,17.392642,118.167775,9.31,148.25,17.55,26.08,15.35,91.0,1
2026-03-05 23:47:16+00:00,17.392322,118.168094,8.68,136.43,18.03,26.07,17.02,99.38,1
2026-03-05 23:47:38+00:00,17.391541,118.168586,8.95,148.99,18.48,26.04,15.54,87.7,1
2026-03-05 23:48:03+00:00,17.390701,118.169323,9.47,140.06,18.9,26.01,17.2,99.27,1
2026-03-05 23:48:23+00:00,17.390027,118.169714,8.33,151.03,19.29,25.98,16.36,82.53,1
2026-03-05 23:48:31+00:00,17.389855,118.169931,7.27,129.71,19.66,25.97,19.87,98.64,1
2026-03-05 23:48:45+00:00,17.389414,118.170259,8.35,144.63,20.01,25.95,17.74,87.72,1
2026-03-05 23:48:52+00:00,17.389276,118.17049,8.03,122.05,19.72,25.94,20.51,105.06,1
2026-03-05 23:49:16+00:00,17.388478,118.171124,9.02,142.83,19.44,25.91,17.35,92.27,1
2026-03-05 23:49:50+00:00,17.387377,118.17185,8.27,147.82,19.17,25.87,15.66,81.4,1
2026-03-05 23:50:06+00:00,17.386953,118.172406,9.18,128.63,18.93,25.84,19.34,104.38,1
2026-03-05 23:50:16+00:00,17.386609,118.172579,8.25,154.36,18.71,25.83,15.06,70.73,1
2026-03-05 23:50:48+00:00,17.385594,118.173385,8.6,142.84,18.56,25.79,16.66,91.36,1
2026-03-05 23:51:09+00:00,17.384951,118.173929,8.51,141.08,18.97,25.76,16.94,90.01,1
2026-03-05 23:51:24+00:00,17.384545,118.174385,8.58,133.01,19.37,25.74,18.59,100.91,1
2026-03-05 23:51:35+00:00,17.384114,118.174565,9.12,158.27,19.73,25.72,15.02,74.57,1
2026-03-05 23:51:59+00:00,17.383306,118.174722,7.4,169.49,20.08,25.7,15.07,55.67,1
2026-03-05 23:52:13+00:00,17.382858,118.175092,8.81,141.76,20.4,25.68,18.21,87.33,1
2026-03-05 23:52:37+00:00,17.38205,118.175463,7.94,156.34,20.71,25.65,17.28,72.59,1
2026-03-05 23:52:55+00:00,17.381596,118.176049,8.65,129.07,20.99,25.62,20.89,104.67,1
2026-03-05 23:53:22+00:00,17.380779,118.17687,9.06,136.2,21.26,25.59,19.58,96.06,1
2026-03-05 23:53:36+00:00,17.380288,118.177205,9.05,146.93,21.51,25.57,18.46,84.9,1
2026-03-05 23:53:54+00:00,17.379738,118.177776,9.3,135.27,21.75,25.54,20.37,95.8,1
2026-03-05 23:54:10+00:00,17.379222,118.178142,8.42,145.91,21.98,25.52,18.49,80.85,1
2026-03-05 23:55:24+00:00,17.377089,118.180496,9.05,133.51,22.19,25.42,21.68,97.36,1
2026-03-05 23:55:35+00:00,17.37675,118.180768,8.39,142.56,22.38,25.4,20.21,81.75,1
2026-03-05 23:55:59+00:00,17.375951,118.181179,8.02,153.85,22.57,25.37,18.83,70.33,1
2026-03-05 23:56:17+00:00,17.375451,118.181742,8.81,132.94,22.74,25.35,21.81,91.57,1
2026-03-05 23:57:05+00:00,17.373894,118.182925,8.66,144.05,22.9,25.28,19.8,81.88,1
2026-03-05 23:57:15+00:00,17.373614,118.183216,8.52,135.23,23.06,25.27,21.54,93.01,1
2026-03-05 23:57:28+00:00,17.373154,118.183512,8.98,148.44,23.2,25.25,20.02,80.15,1
2026-03-05 23:57:40+00:00,17.372825,118.1839,8.92,131.62,23.34,25.24,22.2,96.06,1
2026-03-05 23:57:51+00:00,17.372475,118.184121,8.03,148.93,23.47,25.22,19.39,76.0,1
2026-03-05 23:58:09+00:00,17.372017,118.18473,8.89,128.24,23.59,25.19,23.18,95.04,1
2026-03-05 23:58:38+00:00,17.371139,118.185523,8.64,139.24,23.7,25.16,21.62,86.53,1
2026-03-05 23:58:59+00:00,17.370551,118.186204,9.02,132.14,23.8,25.12,22.9,93.8,1
2026-03-05 23:59:12+00:00,17.370104,118.186525,9.01,145.57,23.9,25.11,21.05,80.1,1
2026-03-05 23:59:26+00:00,17.369716,118.186973,8.91,132.22,24.0,25.09,23.2,95.8,1
2026-03-05 23:59:37+00:00,17.369476,118.187371,8.83,122.29,24.08,25.07,24.67,101.93,1
2026-03-06 00:00:22+00:00,17.367928,118.18837,8.73,148.37,24.17,25.03,21.05,76.09,1
2026-03-06 00:00:42+00:00,17.367418,118.189084,9.2,126.81,24.24,25.01,23.65,95.96,1
2026-03-06 00:01:04+00:00,17.366813,118.189673,8.11,137.1,24.32,25.0,22.7,86.78,1
2026-03-06 00:01:43+00:00,17.365359,118.190345,8.81,156.2,24.39,24.97,19.92,66.22,1
2026-03-06 00:02:10+00:00,17.364438,118.190908,8.54,149.74,24.45,24.96,20.43,75.08,1
2026-03-06 00:02:42+00:00,17.363415,118.191711,8.63,143.16,24.51,24.94,21.35,80.3,1
2026-03-06 00:03:00+00:00,17.362723,118.192032,9.09,156.12,24.57,24.93,19.58,69.22,1
2026-03-06 00:03:16+00:00,17.362202,118.192138,7.17,169.01,24.62,24.92,19.08,48.22,1
2026-03-06 00:03:48+00:00,17.361048,118.192623,8.4,158.14,24.67,24.9,20.11,68.02,1
2026-03-06 00:04:18+00:00,17.360102,118.193346,8.44,143.89,24.72,24.88,21.72,81.66,1
2026-03-06 00:04:42+00:00,17.359255,118.193847,8.76,150.55,24.77,24.87,20.65,70.53,1
2026-03-06 00:05:03+00:00,17.358635,118.194448,8.69,137.22,24.81,24.85,22.77,85.6,1
2026-03-06 00:05:15+00:00,17.358355,118.194858,8.67,125.58,24.85,24.84,25.08,99.5,1
2026-03-06 00:05:30+00:00,17.357896,118.19522,8.28,143.03,24.88,24.83,22.21,79.12,1
2026-03-06 00:05:38+00:00,17.357653,118.195385,7.82,147.05,24.92,24.83,21.72,69.53,1
2026-03-06 00:05:57+00:00,17.356949,118.19566,8.55,159.55,24.95,24.81,19.85,65.74,1
2026-03-06 00:06:48+00:00,17.355272,118.196659,8.18,150.38,24.98,24.78,21.68,74.04,1
2026-03-06 00:07:17+00:00,17.354403,118.197461,8.63,138.62,25.01,24.76,22.7,87.32,1
2026-03-06 00:07:38+00:00,17.353664,118.19804,9.5,143.21,25.04,24.75,22.54,82.47,1
2026-03-06 00:07:52+00:00,17.353267,118.198454,8.65,135.13,25.07,24.73,23.56,90.64,1
2026-03-06 00:08:32+00:00,17.351908,118.199153,8.18,153.85,25.09,24.71,20.87,67.11,1
2026-03-06 00:08:46+00:00,17.3515,118.199543,8.53,137.62,25.12,24.7,23.92,87.3,1
2026-03-06 00:09:11+00:00,17.350684,118.200128,8.55,145.62,25.14,24.68,21.68,76.69,1
2026-03-06 00:09:49+00:00,17.349469,118.201179,8.96,140.45,25.16,24.65,22.63,88.02,1
2026-03-06 00:10:10+00:00,17.34884,118.201842,9.18,134.83,25.18,24.64,23.27,88.06,1
2026-03-06 00:10:45+00:00,17.347611,118.202566,8.71,150.65,25.2,24.61,21.56,75.76,1
2026-03-06 00:11:06+00:00,17.346883,118.202849,7.99,159.64,25.21,24.6,20.86,61.14,1
2026-03-06 00:11:53+00:00,17.345385,118.203868,8.21,147.0,25.23,24.57,22.45,75.0,1
2026-03-06 00:12:14+00:00,17.344809,118.204516,8.7,132.96,25.25,24.55,24.33,92.07,1
2026-03-06 00:12:28+00:00,17.344265,118.204716,8.9,160.66,25.26,24.54,19.77,63.47,1
2026-03-06 00:13:01+00:00,17.34331,118.205643,8.53,137.18,25.27,24.52,23.24,89.76,1
2026-03-06 00:13:30+00:00,17.342356,118.206318,8.58,145.97,25.29,24.49,21.56,78.53,1
2026-03-06 00:13:56+00:00,17.34155,118.207029,8.76,139.9,25.3,24.47,23.56,82.96,1
2026-03-06 00:14:08+00:00,17.341138,118.207308,8.84,147.12,25.31,24.47,21.99,77.36,1
2026-03-06 00:14:19+00:00,17.340814,118.207644,8.96,135.29,25.32,24.46,23.52,93.52,1
2026-03-06 00:14:42+00:00,17.340017,118.208135,8.69,149.54,25.33,24.44,21.94,76.86,1
2026-03-06 00:15:21+00:00,17.338899,118.209398,9.11,132.84,25.34,24.41,23.78,94.43,1
2026-03-06 00:15:45+00:00,17.338133,118.209973,8.49,144.38,25.35,24.39,22.48,80.8,1
2026-03-06 00:16:32+00:00,17.336657,118.211287,8.91,139.64,25.36,24.35,22.96,86.59,1
2026-03-06 00:17:21+00:00,17.334969,118.212364,8.72,148.66,25.37,24.31,21.87,77.37,1
2026-03-06 00:17:45+00:00,17.33424,118.212945,8.25,142.74,25.38,24.3,22.62,79.33,1
2026-03-06 00:17:58+00:00,17.333815,118.213185,8.03,151.67,25.39,24.29,21.04,67.18,1
2026-03-06 00:18:15+00:00,17.33314,118.213434,9.1,160.6,25.39,24.28,19.86,62.28,1
2026-03-06 00:18:45+00:00,17.33212,118.214068,8.55,149.32,25.4,24.25,21.97,72.15,1
2026-03-06 00:19:11+00:00,17.331251,118.214737,8.97,143.69,25.41,24.23,22.39,78.83,1
2026-03-06 00:19:46+00:00,17.330187,118.215768,8.95,137.23,25.41,24.2,23.64,86.13,1
2026-03-06 00:19:54+00:00,17.329914,118.215947,8.7,147.96,25.42,24.2,21.5,80.58,1
2026-03-06 00:20:48+00:00,17.328055,118.21669,7.96,159.12,25.42,24.16,20.58,61.21,1
2026-03-06 00:21:07+00:00,17.327435,118.217087,8.27,148.56,25.43,24.15,21.66,74.49,1
2026-03-06 00:21:21+00:00,17.327016,118.217451,8.4,140.33,25.44,24.13,23.22,80.5,1
2026-03-06 00:21:43+00:00,17.326255,118.217864,8.42,152.61,25.44,24.12,21.26,65.89,1
2026-03-06 00:22:53+00:00,17.324158,118.21977,8.57,139.05,25.45,24.06,23.37,82.97,1
2026-03-06 00:23:45+00:00,17.322612,118.22148,9.35,133.44,25.45,24.01,24.34,94.97,1
2026-03-06 00:24:00+00:00,17.322081,118.221779,8.69,151.74,25.46,24.0,21.48,71.76,1
2026-03-06 00:24:23+00:00,17.321398,118.222431,8.68,137.66,25.46,23.98,23.45,87.42,1
2026-03-06 00:24:47+00:00,17.320547,118.222988,9.04,148.0,25.46,23.96,21.44,77.59,1
2026-03-06 00:25:34+00:00,17.319067,118.224244,8.76,140.99,25.47,23.92,22.85,81.71,1
2026-03-06 00:26:11+00:00,17.317808,118.225075,8.69,147.78,25.47,23.89,21.69,78.17,1
2026-03-06 00:26:45+00:00,17.316677,118.225928,8.86,144.25,25.48,23.86,22.24,78.35,1
2026-03-06 00:26:56+00:00,17.316376,118.226301,9.16,130.21,25.48,23.85,24.42,97.46,1
2026-03-06 00:27:17+00:00,17.315624,118.226793,9.13,148.01,25.48,23.83,21.42,77.06,1
2026-03-06 00:27:41+00:00,17.314898,118.227416,8.45,140.67,25.49,23.81,22.35,78.75,1
2026-03-06 00:27:54+00:00,17.314553,118.227811,8.5,132.45,25.49,23.8,23.95,89.32,1
2026-03-06 00:28:17+00:00,17.313911,118.228434,8.22,137.19,25.49,23.78,23.53,81.78,1
2026-03-06 00:28:32+00:00,17.313407,118.228776,8.65,147.06,25.5,23.77,21.57,78.25,1
2026-03-06 00:28:39+00:00,17.313204,118.229062,10.51,126.63,25.5,23.76,25.33,100.94,1
2026-03-06 00:29:04+00:00,17.312337,118.229648,8.92,147.17,25.5,23.74,22.46,72.0,1
2026-03-06 00:29:19+00:00,17.311849,118.230085,9.25,139.47,25.5,23.72,23.35,86.2,1
2026-03-06 00:30:13+00:00,17.30992,118.231232,8.88,150.42,25.51,23.68,21.91,71.6,1
2026-03-06 00:30:30+00:00,17.309382,118.231649,8.51,143.5,25.51,23.67,22.64,76.33,1
2026-03-06 00:30:48+00:00,17.308867,118.232182,8.69,135.34,25.51,23.65,24.07,91.58,1
2026-03-06 00:31:18+00:00,17.307788,118.232911,9.25,147.18,25.51,23.62,21.59,77.36,1
2026-03-06 00:31:32+00:00,17.307337,118.233304,9.06,140.24,25.52,23.61,22.74,83.46,1
2026-03-06 00:31:45+00:00,17.306894,118.233546,8.31,152.46,25.52,23.6,20.49,68.02,1
2026-03-06 00:32:06+00:00,17.306224,118.234112,8.86,141.11,25.52,23.58,23.18,79.58,1
2026-03-06 00:32:47+00:00,17.3049,118.234961,8.18,148.52,25.52,23.55,22.35,70.26,1
2026-03-06 00:32:54+00:00,17.304717,118.235164,8.23,133.36,25.52,23.54,23.85,91.56,1
2026-03-06 00:33:15+00:00,17.30397,118.235685,9.24,146.34,25.53,23.52,21.86,76.95,1
2026-03-06 00:33:51+00:00,17.302734,118.236796,9.78,139.36,25.53,23.49,22.78,86.65,1
2026-03-06 00:34:16+00:00,17.301843,118.237378,9.08,148.05,25.53,23.46,21.82,71.47,1
2026-03-06 00:34:21+00:00,17.301705,118.237567,9.82,127.41,25.53,23.46,25.39,95.78,1
2026-03-06 00:34:51+00:00,17.300735,118.238341,8.79,142.7,25.53,23.43,22.06,81.8,1
2026-03-06 00:35:35+00:00,17.299394,118.239774,9.41,134.43,25.54,23.39,23.96,91.34,1
2026-03-06 00:35:56+00:00,17.298622,118.240232,9.13,150.47,25.54,23.37,21.23,76.39,1
2026-03-06 00:36:12+00:00,17.298063,118.240472,8.16,157.71,25.54,23.36,20.71,64.73,1
2026-03-06 00:36:37+00:00,17.297259,118.241057,8.46,145.21,25.54,23.33,22.4,76.49,1
2026-03-06 00:36:54+00:00,17.296643,118.241308,8.4,158.74,25.54,23.32,20.37,62.31,1
2026-03-06 00:37:06+00:00,17.296277,118.241552,7.81,147.52,25.54,23.31,22.08,72.14,1
2026-03-06 00:37:17+00:00,17.295855,118.241674,8.6,164.57,25.55,23.3,20.27,58.79,1
2026-03-06 00:37:26+00:00,17.295645,118.241957,8.22,127.85,25.55,23.29,26.78,96.45,1
2026-03-06 00:37:47+00:00,17.294945,118.2424,8.42,148.86,25.55,23.27,25.8,73.1,1
2026-03-06 00:38:19+00:00,17.293954,118.24317,8.33,143.43,25.55,23.24,27.55,78.85,1
2026-03-06 00:38:36+00:00,17.293352,118.243512,8.71,151.52,25.55,23.23,26.33,73.33,1
2026-03-06 00:39:26+00:00,17.291708,118.244588,8.38,148.0,25.55,23.18,22.73,74.67,1
2026-03-06 00:40:11+00:00,17.290253,118.245771,8.85,142.18,25.56,23.14,22.89,84.07,1
2026-03-06 00:41:01+00:00,17.288594,118.2467,8.13,151.87,25.56,23.1,21.44,64.06,1
2026-03-06 00:41:32+00:00,17.287623,118.247621,9.13,137.83,25.56,23.07,23.46,87.04,1
2026-03-06 00:41:55+00:00,17.286828,118.248058,8.44,152.31,25.56,23.05,21.78,67.61,1
2026-03-06 00:42:13+00:00,17.286192,118.248454,8.88,149.27,25.56,23.03,21.85,76.71,1
2026-03-06 00:42:42+00:00,17.285299,118.249173,8.4,142.45,25.56,23.0,22.68,82.48,1
2026-03-06 00:43:22+00:00,17.283925,118.249993,8.55,150.32,25.57,22.96,21.33,71.14,1
2026-03-06 00:44:00+00:00,17.282684,118.250979,8.86,142.81,25.57,22.93,,,0
2026-03-06 00:44:17+00:00,17.282098,118.251351,8.71,148.78,25.57,22.92,,,0
2026-03-06 00:44:32+00:00,17.281582,118.251551,7.93,159.69,25.57,22.9,,,0
2026-03-06 00:45:01+00:00,17.280675,118.252224,8.28,144.68,25.57,22.88,,,0
2026-03-06 00:45:45+00:00,17.279213,118.25313,8.35,149.39,25.57,22.84,,,0
2026-03-06 00:46:24+00:00,17.277945,118.254101,8.71,143.83,25.58,22.8,,,0
2026-03-06 00:46:50+00:00,17.277044,118.254616,8.53,151.37,25.58,22.78,20.79,71.37,1
2026-03-06 00:47:17+00:00,17.276307,118.255502,8.98,131.06,25.58,22.76,24.02,91.53,1
2026-03-06 00:47:28+00:00,17.275952,118.255764,8.53,144.83,25.58,22.75,22.4,77.05,1
2026-03-06 00:47:39+00:00,17.275526,118.255895,8.72,163.64,25.58,22.74,20.11,58.22,1
2026-03-06 00:47:54+00:00,17.275046,118.256273,8.65,143.06,25.58,22.72,22.46,79.1,1
2026-03-06 00:48:10+00:00,17.274609,118.256841,9.41,128.86,25.58,22.71,24.78,91.94,1
2026-03-06 00:48:30+00:00,17.273896,118.257222,8.65,152.97,25.59,22.69,21.34,68.73,1
2026-03-06 00:48:49+00:00,17.273278,118.257719,8.86,142.48,25.59,22.67,22.29,78.76,1
2026-03-06 00:49:09+00:00,17.272635,118.258053,7.76,153.62,25.59,22.66,21.43,66.71,1
2026-03-06 00:49:30+00:00,17.272032,118.258596,8.19,139.31,25.59,22.64,22.88,83.18,1
2026-03-06 00:50:01+00:00,17.271036,118.259401,8.77,142.34,25.59,22.61,22.82,82.94,1
2026-03-06 00:50:39+00:00,17.269787,118.260302,8.63,145.44,25.59,22.57,22.18,78.06,1
2026-03-06 00:51:50+00:00,17.267654,118.262031,8.21,142.26,25.59,22.51,22.76,80.76,1
2026-03-06 00:52:07+00:00,17.267076,118.262358,8.35,151.62,25.6,22.49,21.1,67.21,1
2026-03-06 00:52:29+00:00,17.266336,118.262896,8.85,145.23,25.6,22.47,22.31,78.53,1
2026-03-06 00:52:54+00:00,17.265563,118.263694,9.38,135.41,25.6,22.44,24.2,92.47,1
2026-03-06 00:53:12+00:00,17.264944,118.26405,8.48,151.22,25.6,22.43,21.03,67.87,1
2026-03-06 00:53:27+00:00,17.264364,118.264283,8.95,159.01,25.6,22.42,19.96,64.86,1
2026-03-06 00:53:41+00:00,17.263963,118.264627,8.0,140.68,25.6,22.4,22.99,78.54,1
2026-03-06 00:53:53+00:00,17.263503,118.264786,8.73,161.73,25.6,22.39,20.05,55.63,1
2026-03-06 00:54:17+00:00,17.26263,118.265274,8.91,151.91,25.61,22.37,20.92,70.08,1
2026-03-06 00:54:32+00:00,17.262265,118.265763,8.54,128.01,25.61,22.36,23.86,95.21,1
2026-03-06 00:54:41+00:00,17.261982,118.265988,8.53,142.79,25.61,22.35,22.93,80.45,1
2026-03-06 00:55:01+00:00,17.261283,118.266423,8.79,149.28,25.61,22.33,21.73,70.19,1
2026-03-06 00:55:15+00:00,17.260825,118.266575,7.42,162.41,25.61,22.32,19.96,54.21,1
2026-03-06 00:56:02+00:00,17.259494,118.267872,8.36,137.06,25.61,22.27,23.19,82.79,1
2026-03-06 00:56:27+00:00,17.25857,118.268377,9.01,152.44,25.61,22.25,21.43,66.0,1
2026-03-06 00:56:51+00:00,17.257707,118.268912,9.03,149.37,25.61,22.22,21.84,70.65,1
2026-03-06 00:57:14+00:00,17.256832,118.269282,8.87,158.01,25.62,22.2,20.51,60.49,1
2026-03-06 00:57:33+00:00,17.256137,118.269411,8.03,169.95,25.62,22.19,19.25,46.1,1
2026-03-06 00:57:52+00:00,17.255467,118.269723,8.34,156.02,25.62,22.17,20.76,65.32,1
2026-03-06 00:58:16+00:00,17.254602,118.270276,9.13,148.59,25.62,22.15,21.45,70.59,1
2026-03-06 00:58:49+00:00,17.253461,118.27075,8.04,158.36,25.62,22.12,20.92,60.14,1
2026-03-06 00:59:15+00:00,17.252609,118.271407,8.8,143.63,25.62,22.09,22.05,75.74,1
2026-03-06 00:59:42+00:00,17.251654,118.27194,8.66,151.94,25.62,22.07,20.9,69.72,1
2026-03-06 01:00:34+00:00,17.249775,118.272632,8.28,160.62,25.62,22.05,20.48,55.94,1
2026-03-06 01:00:59+00:00,17.249042,118.273324,8.53,137.96,25.63,22.05,23.19,81.3,1
2026-03-06 01:01:48+00:00,17.247358,118.274261,8.41,152.01,25.63,22.05,21.64,69.31,1
2026-03-06 01:02:07+00:00,17.246816,118.274696,7.77,142.53,25.63,22.04,22.49,75.5,1
2026-03-06 01:03:01+00:00,17.244895,118.275919,9.0,148.7,25.63,22.04,21.49,72.33,1
2026-03-06 01:03:20+00:00,17.244266,118.276258,8.05,152.76,25.63,22.04,21.0,61.5,1
2026-03-06 01:03:39+00:00,17.243578,118.276458,8.12,164.48,25.63,22.04,19.82,53.92,1
2026-03-06 01:04:18+00:00,17.242437,118.277256,7.6,146.26,25.63,22.04,21.82,73.83,1
2026-03-06 01:05:00+00:00,17.240961,118.278048,8.54,152.87,25.2,22.04,20.51,67.4,1
2026-03-06 01:05:47+00:00,17.239301,118.278759,8.25,157.75,24.8,22.04,19.32,58.18,1
2026-03-06 01:06:02+00:00,17.238862,118.279101,7.88,143.35,24.85,22.03,22.03,79.09,1
2026-03-06 01:06:26+00:00,17.238071,118.279557,8.13,151.16,24.9,22.03,20.97,67.24,1
2026-03-06 01:06:38+00:00,17.237678,118.27991,9.33,139.37,24.95,22.03,21.74,83.6,1
2026-03-06 01:06:51+00:00,17.237224,118.28009,8.07,159.26,24.99,22.03,20.24,63.44,1
2026-03-06 01:07:21+00:00,17.236242,118.280761,8.45,146.87,24.4,22.03,21.51,73.26,1
2026-03-06 01:07:58+00:00,17.234976,118.281385,8.17,154.79,24.18,22.03,19.59,66.58,1
2026-03-06 01:08:24+00:00,17.234102,118.281935,8.48,148.99,24.27,22.02,20.14,73.61,1
2026-03-06 01:08:55+00:00,17.23318,118.282668,8.07,142.79,24.35,22.02,22.23,78.94,1
2026-03-06 01:09:15+00:00,17.232514,118.283008,8.01,154.01,24.43,22.02,19.59,65.91,1
2026-03-06 01:10:49+00:00,17.22963,118.285485,8.58,140.64,24.51,22.01,21.75,82.38,1
2026-03-06 01:11:15+00:00,17.228765,118.286038,8.43,148.59,24.58,22.0,20.75,73.04,1
2026-03-06 01:11:28+00:00,17.228391,118.28652,9.86,129.09,24.64,22.0,24.1,96.24,1
2026-03-06 01:11:38+00:00,17.228064,118.286793,9.04,141.43,24.7,22.0,21.85,84.83,1
2026-03-06 01:12:32+00:00,17.226221,118.287682,8.12,155.26,24.76,22.0,19.94,61.23,1
2026-03-06 01:12:57+00:00,17.225317,118.287975,8.18,162.8,24.82,22.0,18.9,56.87,1
2026-03-06 01:13:06+00:00,17.224991,118.28801,7.87,174.14,24.87,22.0,18.18,41.1,1
2026-03-06 01:13:25+00:00,17.224332,118.288414,8.69,149.65,24.92,21.99,20.48,73.07,1
2026-03-06 01:14:11+00:00,17.222655,118.288959,8.25,162.75,24.96,21.99,19.31,57.17,1
2026-03-06 01:14:38+00:00,17.22174,118.289528,8.52,149.29,25.0,21.99,20.8,71.37,1
2026-03-06 01:14:55+00:00,17.221103,118.289757,8.56,161.05,25.04,21.99,18.96,54.01,1
2026-03-06 01:15:15+00:00,17.220435,118.290095,8.02,154.21,25.08,21.99,20.95,64.42,1
2026-03-06 01:15:39+00:00,17.219664,118.290719,8.78,142.29,25.12,21.98,21.88,77.82,1
2026-03-06 01:16:03+00:00,17.218867,118.291209,8.32,149.58,25.15,21.98,20.75,69.13,1
2026-03-06 01:16:23+00:00,17.218166,118.2915,8.15,158.37,25.18,21.98,20.03,57.38,1
2026-03-06 01:16:44+00:00,17.21755,118.291954,7.75,144.85,25.21,21.98,22.01,73.39,1
2026-03-06 01:16:54+00:00,17.217163,118.292118,9.02,157.96,25.24,21.98,19.25,61.31,1
2026-03-06 01:17:24+00:00,17.216109,118.29239,7.82,166.15,25.27,21.98,19.57,44.67,1
2026-03-06 01:17:55+00:00,17.215215,118.293204,8.26,138.99,24.65,21.97,21.84,83.79,1
2026-03-06 01:18:31+00:00,17.213971,118.293787,8.18,155.88,24.06,21.97,19.82,68.3,1
2026-03-06 01:18:45+00:00,17.213571,118.294112,7.82,142.18,23.51,21.96,20.86,80.03,1
2026-03-06 01:19:02+00:00,17.213035,118.294424,7.8,150.93,22.99,21.96,18.95,69.17,1
2026-03-06 01:19:16+00:00,17.212634,118.294836,8.67,135.54,22.49,21.96,20.4,88.99,1
2026-03-06 01:19:34+00:00,17.212083,118.295254,8.17,144.07,22.04,21.96,18.97,78.41,1
2026-03-06 01:20:02+00:00,17.211164,118.295659,7.7,157.17,21.61,21.95,17.22,63.53,1
2026-03-06 01:20:32+00:00,17.210322,118.296471,8.25,137.35,21.22,21.95,21.07,87.37,1
2026-03-06 01:20:54+00:00,17.209666,118.297002,8.15,142.29,20.86,21.94,25.85,80.75,1
2026-03-06 01:21:13+00:00,17.209124,118.297678,9.59,130.01,20.8,21.94,22.59,102.39,1
2026-03-06 01:21:38+00:00,17.208269,118.298188,8.51,150.33,21.09,21.93,16.98,71.5,1
2026-03-06 01:22:06+00:00,17.207342,118.298808,8.49,147.43,21.37,21.93,17.73,78.75,1
2026-03-06 01:22:46+00:00,17.206066,118.29989,8.87,140.99,21.63,21.92,18.35,84.85,1
2026-03-06 01:23:25+00:00,17.20465,118.300676,8.88,152.07,21.88,21.92,17.81,76.45,1
2026-03-06 01:24:06+00:00,17.203236,118.30138,8.25,154.56,22.11,21.91,17.69,68.21,1
2026-03-06 01:24:13+00:00,17.203068,118.301641,9.28,123.97,22.33,21.91,22.08,101.22,1
2026-03-06 01:24:44+00:00,17.202103,118.302491,8.79,139.92,22.53,21.9,20.54,84.36,1
2026-03-06 01:24:58+00:00,17.201595,118.302736,8.64,155.26,22.72,21.9,17.95,67.22,1
2026-03-06 01:25:32+00:00,17.200541,118.3034,7.82,148.96,22.9,21.9,18.92,69.59,1
2026-03-06 01:25:53+00:00,17.199812,118.303927,9.12,145.37,23.07,21.89,19.83,77.85,1
2026-03-06 01:26:25+00:00,17.198654,118.304513,8.69,154.2,23.23,21.89,18.65,64.4,1
2026-03-06 01:26:31+00:00,17.198505,118.304664,7.47,135.93,23.38,21.89,21.9,82.66,1
2026-03-06 01:26:52+00:00,17.197747,118.305112,8.96,150.55,23.52,21.88,21.76,72.84,1
2026-03-06 01:27:19+00:00,17.196925,118.305802,8.43,141.27,23.65,21.88,25.09,81.84,1
2026-03-06 01:27:46+00:00,17.195938,118.306391,9.1,150.31,23.77,21.87,20.51,69.06,1
2026-03-06 01:28:35+00:00,17.194371,118.307692,8.82,141.58,23.89,21.86,21.13,81.44,1
2026-03-06 01:29:06+00:00,17.193285,118.308139,8.14,158.53,24.0,21.86,18.35,61.61,1
2026-03-06 01:29:42+00:00,17.192216,118.309025,8.19,141.63,24.1,21.85,21.13,79.42,1
2026-03-06 01:30:14+00:00,17.19102,118.309628,8.97,154.28,24.2,21.84,19.83,66.33,1
2026-03-06 01:30:45+00:00,17.190058,118.31057,9.18,136.91,24.29,21.84,21.8,86.29,1
2026-03-06 01:31:01+00:00,17.189441,118.310935,9.57,150.53,24.38,21.83,19.67,72.34,1
2026-03-06 01:31:26+00:00,17.18855,118.311205,8.02,163.85,24.46,21.83,18.66,51.93,1
2026-03-06 01:31:38+00:00,17.188088,118.311393,8.93,158.76,24.53,21.83,18.65,62.12,1
2026-03-06 01:31:49+00:00,17.187664,118.311658,9.7,149.16,24.6,21.83,19.58,79.69,1
2026-03-06 01:31:59+00:00,17.187353,118.311912,8.53,142.04,24.67,21.82,21.6,78.18,1
2026-03-06 01:32:32+00:00,17.186406,118.312965,9.05,133.27,24.73,21.81,23.06,89.37,1
2026-03-06 01:32:58+00:00,17.185524,118.313717,9.46,140.84,24.79,21.81,21.81,83.13,1
2026-03-06 01:33:20+00:00,17.184777,118.314206,8.66,147.98,24.85,21.8,20.89,71.95,1
2026-03-06 01:33:55+00:00,17.183578,118.314738,8.04,157.03,24.9,21.8,20.02,63.41,1
2026-03-06 01:34:15+00:00,17.18289,118.315145,8.54,150.53,24.95,21.79,21.01,65.3,1
2026-03-06 01:34:42+00:00,17.182084,118.315857,8.44,139.84,24.99,21.79,22.25,80.4,1
2026-03-06 01:35:08+00:00,17.181211,118.316411,8.49,148.77,25.04,21.78,20.88,73.43,1
2026-03-06 01:35:29+00:00,17.18061,118.31693,8.02,140.48,25.08,21.78,22.28,79.05,1
2026-03-06 01:35:44+00:00,17.180083,118.317284,9.02,147.31,25.12,21.77,21.36,73.1,1
2026-03-06 01:36:25+00:00,17.178753,118.31844,9.11,140.29,25.15,21.76,22.71,83.4,1
2026-03-06 01:36:36+00:00,17.178362,118.318662,8.74,151.52,25.19,21.76,20.53,70.98,1
2026-03-06 01:36:50+00:00,17.177965,118.319097,8.87,133.69,25.22,21.75,23.43,89.08,1
2026-03-06 01:37:18+00:00,17.176957,118.319631,8.72,153.15,25.25,21.75,20.65,65.55,1
2026-03-06 01:37:57+00:00,17.175743,118.320784,9.09,137.78,25.28,21.74,26.7,85.85,1
2026-03-06 01:38:12+00:00,17.1752,118.320992,8.33,159.9,25.3,21.74,23.16,57.26,1
2026-03-06 01:38:30+00:00,17.174723,118.32158,8.85,130.33,25.33,21.73,23.58,93.33,1
2026-03-06 01:38:43+00:00,17.174269,118.321716,7.85,164.03,25.35,21.73,19.2,54.75,1
2026-03-06 01:39:02+00:00,17.173678,118.322043,7.6,152.14,25.37,21.72,179.35,-100.9,3
2026-03-06 01:39:26+00:00,17.173002,118.322765,8.7,134.42,25.39,21.72,23.34,87.53,1
2026-03-06 01:39:32+00:00,17.172758,118.322904,10.01,151.44,25.41,21.72,20.58,68.84,1
2026-03-06 01:39:55+00:00,17.171942,118.323163,8.01,163.13,25.43,21.71,19.8,58.08,1
2026-03-06 01:40:03+00:00,17.17173,118.3234,8.38,133.11,25.45,21.71,23.42,86.87,1
2026-03-06 01:40:18+00:00,17.171192,118.323718,8.9,150.55,25.47,21.71,21.04,71.88,1
2026-03-06 01:40:30+00:00,17.17081,118.324072,9.19,138.48,25.48,21.7,22.49,84.18,1
2026-03-06 01:41:09+00:00,17.169437,118.325043,9.18,145.95,25.5,21.69,22.11,74.61,1
2026-03-06 01:43:20+00:00,17.164863,118.327959,8.84,148.65,25.51,21.66,20.98,70.43,1
2026-03-06 01:43:29+00:00,17.16459,118.328248,9.33,134.67,25.52,21.66,23.44,91.58,1
2026-03-06 01:44:06+00:00,17.16329,118.329006,8.69,150.88,25.54,21.65,20.83,71.26,1
2026-03-06 01:44:26+00:00,17.162595,118.32959,9.63,141.24,25.55,21.64,22.58,86.23,1
2026-03-06 01:44:45+00:00,17.161902,118.32999,9.0,151.12,25.56,21.64,20.92,69.93,1
2026-03-06 01:45:13+00:00,17.16096,118.33068,8.88,145.01,25.57,21.63,21.82,76.9,1
2026-03-06 01:46:47+00:00,17.1577,118.332762,8.78,148.61,25.58,21.6,21.73,71.53,1
2026-03-06 01:47:12+00:00,17.156776,118.333274,9.04,152.1,25.59,21.6,20.89,68.14,1
2026-03-06 01:47:40+00:00,17.155865,118.334,8.84,142.71,25.6,21.59,90.77,117.04,3
2026-03-06 01:48:45+00:00,17.153632,118.335417,8.68,148.77,25.61,21.57,21.21,71.74,1
2026-03-06 01:49:00+00:00,17.153172,118.335866,9.06,137.0,25.61,21.57,22.79,83.64,1
2026-03-06 01:49:29+00:00,17.152137,118.3365,8.94,149.66,25.62,21.56,21.33,72.07,1
2026-03-06 01:50:01+00:00,17.151073,118.337271,8.74,145.3,25.63,21.55,21.91,75.87,1
2026-03-06 01:50:17+00:00,17.15061,118.337682,8.2,139.69,25.64,21.54,23.12,80.8,1
2026-03-06 01:50:52+00:00,17.149428,118.338458,8.62,147.9,25.64,21.53,21.65,75.66,1
2026-03-06 01:51:25+00:00,17.148322,118.339111,8.32,150.57,25.65,21.53,21.47,68.44,1
2026-03-06 01:51:46+00:00,17.147562,118.339486,8.65,154.76,25.66,21.52,20.23,65.99,1
2026-03-06 01:52:15+00:00,17.1466,118.340161,8.63,146.16,25.66,21.51,22.5,78.35,1
2026-03-06 01:52:33+00:00,17.146025,118.340458,7.7,153.73,25.67,21.51,21.22,65.94,1
2026-03-06 01:52:48+00:00,17.145645,118.340913,8.32,131.15,25.67,21.5,24.39,91.56,1
2026-03-06 01:53:25+00:00,17.144461,118.342007,9.23,138.56,25.68,21.49,22.74,83.25,1
2026-03-06 01:53:35+00:00,17.144235,118.342384,9.19,122.1,25.68,21.48,25.72,100.48,1
2026-03-06 01:54:04+00:00,17.143321,118.343248,9.18,137.91,25.69,21.47,22.72,81.76,1
2026-03-06 01:54:34+00:00,17.14254,118.344183,8.55,131.16,25.69,21.46,24.32,90.74,1
2026-03-06 01:55:07+00:00,17.141461,118.344968,8.61,145.19,25.69,21.45,22.0,75.7,1
2026-03-06 01:55:59+00:00,17.139854,118.346398,8.77,139.62,25.7,21.43,22.91,81.58,1
2026-03-06 01:56:56+00:00,17.137822,118.347535,8.74,151.87,25.7,21.42,21.32,69.97,1
2026-03-06 01:57:16+00:00,17.137156,118.348127,9.44,139.65,25.7,21.41,22.44,80.73,1
2026-03-06 01:57:47+00:00,17.136093,118.348736,8.45,151.3,25.71,21.4,21.09,71.09,1
2026-03-06 01:58:05+00:00,17.1355,118.349228,9.09,141.59,25.71,21.39,22.69,81.99,1
2026-03-06 01:58:27+00:00,17.134695,118.349669,8.93,152.37,25.71,21.39,21.6,67.62,1
2026-03-06 01:58:58+00:00,17.133671,118.350402,8.65,145.63,25.72,21.38,80.02,-52.82,3
2026-03-06 01:59:47+00:00,17.1319,118.351358,8.79,152.71,25.72,21.36,21.16,67.94,1
2026-03-06 02:00:04+00:00,17.13128,118.351574,8.31,161.59,25.72,21.36,20.02,58.18,1
2026-03-06 02:00:37+00:00,17.130179,118.352139,8.03,153.88,25.73,21.36,21.73,63.95,1
2026-03-06 02:00:52+00:00,17.129728,118.352534,8.47,140.07,25.73,21.36,22.37,80.52,1
2026-03-06 02:01:15+00:00,17.128935,118.353017,8.62,149.8,25.73,21.37,21.49,69.95,1
2026-03-06 02:01:26+00:00,17.128579,118.353341,9.27,138.99,25.73,21.37,22.47,86.92,1
2026-03-06 02:02:02+00:00,17.127301,118.354001,8.56,153.73,25.74,21.37,20.19,64.47,1
2026-03-06 02:02:15+00:00,17.126847,118.354327,9.15,145.54,25.74,21.37,22.03,75.97,1
2026-03-06 02:02:34+00:00,17.126175,118.354688,8.59,152.82,25.74,21.38,21.1,69.29,1
2026-03-06 02:02:47+00:00,17.125803,118.354989,7.82,142.29,25.74,21.38,22.65,76.55,1
2026-03-06 02:03:15+00:00,17.124867,118.355499,8.15,152.49,25.74,21.38,21.26,67.92,1
2026-03-06 02:03:41+00:00,17.12399,118.35614,8.89,145.07,25.74,21.38,23.02,74.07,1
2026-03-06 02:04:28+00:00,17.122403,118.356762,7.79,159.47,25.74,21.39,20.54,56.15,1
2026-03-06 02:04:48+00:00,17.121838,118.357289,8.18,138.29,25.74,21.39,23.37,84.39,1
2026-03-06 02:05:28+00:00,17.120502,118.3582,8.62,146.91,25.74,21.4,21.7,71.82,1
2026-03-06 02:05:56+00:00,17.119674,118.359004,8.72,137.14,25.75,21.4,23.41,83.64,1
2026-03-06 02:06:06+00:00,17.119356,118.359235,8.37,145.23,25.75,21.4,22.13,74.93,1
2026-03-06 02:06:27+00:00,17.118573,118.359684,9.19,151.28,25.75,21.4,20.95,67.7,1
2026-03-06 02:07:04+00:00,17.117263,118.360228,8.23,158.35,25.75,21.41,21.06,58.13,1
2026-03-06 02:07:22+00:00,17.116607,118.360594,8.93,151.93,25.75,21.41,21.42,68.49,1
2026-03-06 02:08:03+00:00,17.115326,118.36151,8.18,145.65,25.75,21.41,22.24,73.59,1
2026-03-06 02:09:33+00:00,17.112282,118.363148,8.22,152.78,25.75,21.42,20.54,68.1,1
2026-03-06 02:10:18+00:00,17.110832,118.364357,8.91,141.45,25.75,21.43,22.54,82.97,1
2026-03-06 02:11:07+00:00,17.109249,118.365531,8.56,144.67,25.75,21.43,23.05,73.82,1
2026-03-06 02:11:17+00:00,17.108896,118.365701,8.4,155.28,25.75,21.43,20.76,63.27,1
2026-03-06 02:11:29+00:00,17.108556,118.365983,7.81,141.6,25.75,21.43,23.17,78.39,1
2026-03-06 02:12:13+00:00,17.107104,118.366753,8.0,153.12,25.75,21.44,21.72,67.64,1
2026-03-06 02:12:38+00:00,17.106312,118.367427,8.83,140.88,25.75,21.44,22.81,81.75,1
2026-03-06 02:13:28+00:00,17.104715,118.36832,7.83,151.88,25.75,21.44,21.26,66.23,1
2026-03-06 02:14:00+00:00,17.103653,118.369081,8.69,145.59,25.75,21.45,21.34,76.21,1
2026-03-06 02:14:15+00:00,17.103251,118.369476,7.95,136.8,25.75,21.45,23.67,83.81,1
2026-03-06 02:14:32+00:00,17.102646,118.369855,8.97,149.09,25.75,21.45,21.23,69.8,1
2026-03-06 02:15:06+00:00,17.101407,118.370484,8.75,154.12,25.75,21.45,20.88,65.72,1
2026-03-06 02:15:24+00:00,17.100743,118.370743,8.51,159.55,25.75,21.45,19.85,61.13,1
2026-03-06 02:15:33+00:00,17.100456,118.37098,8.78,141.72,25.74,21.45,22.55,78.9,1
2026-03-06 02:16:01+00:00,17.099524,118.371435,7.94,154.99,25.74,21.46,21.09,62.58,1
2026-03-06 02:16:28+00:00,17.098695,118.371939,7.68,149.84,25.74,21.46,21.9,67.14,1
2026-03-06 02:17:35+00:00,17.096499,118.373004,7.81,155.13,25.74,21.47,20.79,57.22,1
2026-03-06 02:17:50+00:00,17.09604,118.373361,8.24,143.37,25.74,21.47,22.86,76.25,1
2026-03-06 02:18:20+00:00,17.094985,118.373889,8.43,154.44,25.74,21.47,20.75,64.77,1
2026-03-06 02:18:43+00:00,17.09417,118.3744,8.93,149.07,25.74,21.47,20.99,70.6,1
2026-03-06 02:18:56+00:00,17.093664,118.37462,9.11,157.43,25.74,21.47,20.18,59.99,1
2026-03-06 02:19:19+00:00,17.092923,118.375113,8.25,147.55,25.74,21.47,21.93,69.88,1
2026-03-06 02:20:17+00:00,17.090882,118.376166,8.48,153.75,25.74,21.48,21.04,66.65,1
2026-03-06 02:20:59+00:00,17.089278,118.376846,8.91,157.94,25.74,21.48,20.64,65.14,1
2026-03-06 02:21:45+00:00,17.087701,118.377708,8.36,152.41,25.74,21.48,,,0
2026-03-06 02:22:28+00:00,17.086172,118.378654,8.93,149.4,25.74,21.49,,,0
2026-03-06 02:22:59+00:00,17.085098,118.378999,7.83,162.93,25.74,21.49,,,0
2026-03-06 02:23:20+00:00,17.084456,118.379491,8.19,143.78,25.74,21.49,,,0
2026-03-06 02:23:54+00:00,17.08318,118.380032,8.75,157.94,25.74,21.49,,,0
2026-03-06 02:24:30+00:00,17.081937,118.380752,8.53,151.03,25.74,21.5,21.22,67.5,1
2026-03-06 02:24:54+00:00,17.081169,118.38133,8.52,144.27,25.74,21.5,21.73,77.37,1
2026-03-06 02:25:19+00:00,17.080258,118.38181,8.82,153.27,25.74,21.5,21.35,68.47,1
2026-03-06 02:25:52+00:00,17.079121,118.382573,8.85,147.32,25.73,21.5,21.4,73.22,1
2026-03-06 02:26:17+00:00,17.078266,118.382971,8.09,156.01,25.73,21.5,20.7,61.37,1
2026-03-06 02:26:36+00:00,17.077577,118.383383,9.03,150.25,25.73,21.5,21.39,71.5,1
2026-03-06 02:26:53+00:00,17.076994,118.383554,7.7,164.34,25.73,21.5,19.78,51.65,1
2026-03-06 02:27:28+00:00,17.075724,118.384099,8.48,157.7,25.73,21.5,20.03,62.82,1
2026-03-06 02:27:45+00:00,17.07517,118.384421,8.06,150.94,25.73,21.51,20.9,64.79,1
2026-03-06 02:28:10+00:00,17.074432,118.385065,8.31,140.17,25.73,21.51,23.15,79.91,1
2026-03-06 02:28:27+00:00,17.07381,118.385358,8.67,155.76,25.73,21.51,20.47,61.13,1
2026-03-06 02:29:10+00:00,17.072382,118.386215,8.28,150.16,25.73,21.51,22.43,68.7,1
2026-03-06 02:29:45+00:00,17.071145,118.386794,8.37,155.89,25.73,21.51,20.46,61.91,1
2026-03-06 02:29:59+00:00,17.070665,118.386954,7.78,162.33,25.73,21.51,20.03,53.1,1
2026-03-06 02:30:24+00:00,17.06992,118.387489,7.81,145.53,25.73,21.51,22.15,71.25,1
2026-03-06 02:30:39+00:00,17.06936,118.387718,8.66,158.65,25.73,21.51,20.33,56.81,1
2026-03-06 02:31:34+00:00,17.067499,118.388316,7.65,162.92,25.73,21.52,20.18,47.99,1
2026-03-06 02:32:09+00:00,17.066365,118.388917,7.85,153.13,25.73,21.52,21.52,64.09,1
2026-03-06 02:32:32+00:00,17.065547,118.38923,8.19,159.91,25.73,21.52,20.05,56.25,1
2026-03-06 02:32:57+00:00,17.064756,118.38967,7.75,152.0,25.73,21.52,21.11,64.06,1
2026-03-06 02:33:09+00:00,17.064372,118.389982,8.76,142.16,25.73,21.52,22.02,81.52,1
2026-03-06 02:34:24+00:00,17.061734,118.391045,8.15,158.93,25.73,21.53,19.82,56.49,1
2026-03-06 02:34:59+00:00,17.060588,118.391619,7.85,154.41,25.73,21.53,21.03,65.7,1
2026-03-06 02:35:24+00:00,17.059726,118.392187,8.81,147.79,25.73,21.53,21.62,76.08,1
2026-03-06 02:36:55+00:00,17.056557,118.393671,8.25,155.88,25.73,21.53,20.62,58.2,1
2026-03-06 02:37:15+00:00,17.055832,118.393965,8.4,158.81,25.72,21.53,20.74,59.16,1
2026-03-06 02:37:50+00:00,17.054724,118.394739,8.23,146.26,25.72,21.53,22.46,72.29,1
2026-03-06 02:38:33+00:00,17.0533,118.395187,7.47,163.26,25.72,21.53,20.29,45.57,1
2026-03-06 02:39:18+00:00,17.051748,118.396028,8.4,152.61,25.72,21.53,20.64,63.42,1
2026-03-06 02:39:56+00:00,17.050408,118.39651,8.06,161.02,25.72,21.53,20.11,57.02,1
2026-03-06 02:40:10+00:00,17.049958,118.396785,8.05,149.7,25.72,21.53,21.51,72.82,1
2026-03-06 02:40:33+00:00,17.049177,118.397085,7.82,159.83,25.72,21.53,20.36,58.16,1
2026-03-06 02:41:04+00:00,17.04811,118.397689,8.46,151.58,25.72,21.53,21.08,68.31,1
2026-03-06 02:41:44+00:00,17.046846,118.398143,7.22,161.05,25.72,21.54,20.57,53.5,1
2026-03-06 02:42:33+00:00,17.045187,118.398929,8.03,155.63,25.72,21.54,20.83,65.26,1
2026-03-06 02:43:29+00:00,17.043331,118.399888,7.99,153.71,25.72,21.54,21.01,68.34,1
2026-03-06 02:43:41+00:00,17.042911,118.400158,8.88,148.42,25.72,21.54,21.66,71.14,1
2026-03-06 02:44:07+00:00,17.042081,118.400851,8.83,141.4,25.72,21.53,22.77,75.88,1
2026-03-06 02:44:18+00:00,17.041666,118.401104,9.44,149.76,25.72,21.53,20.94,68.03,1
2026-03-06 02:44:49+00:00,17.04061,118.401578,8.01,156.77,25.72,21.53,,,0
2026-03-06 02:45:12+00:00,17.039825,118.402106,8.77,147.26,25.72,21.53,21.5,73.25,1
2026-03-06 02:45:54+00:00,17.038283,118.402688,8.44,160.16,25.72,21.53,19.69,57.79,1
2026-03-06 02:47:08+00:00,17.035779,118.403977,8.15,153.79,25.72,21.53,21.23,60.75,1
2026-03-06 02:47:46+00:00,17.034371,118.404503,8.5,160.34,25.72,21.53,19.87,55.85,1
2026-03-06 02:48:12+00:00,17.033501,118.405031,8.36,149.87,25.72,21.53,21.65,68.78,1
2026-03-06 02:48:45+00:00,17.032371,118.405474,7.9,159.45,25.72,21.53,19.83,57.43,1
2026-03-06 02:49:06+00:00,17.031706,118.405866,7.86,150.59,25.72,21.53,22.06,66.51,1
2026-03-06 02:49:22+00:00,17.031154,118.406069,7.9,160.63,25.72,21.53,20.61,53.51,1
2026-03-06 02:50:04+00:00,17.029811,118.406737,7.65,154.56,25.47,21.53,20.56,60.83,1
2026-03-06 02:50:32+00:00,17.028903,118.407298,8.14,149.43,24.84,21.53,,,0
2026-03-06 02:50:58+00:00,17.028018,118.407638,7.84,159.83,24.25,21.53,,,0
2026-03-06 02:51:25+00:00,17.027181,118.408114,7.63,151.46,23.69,21.52,,,0
2026-03-06 02:52:14+00:00,17.025582,118.409191,8.39,147.22,23.7,21.52,19.75,72.42,1
2026-03-06 02:52:29+00:00,17.02507,118.40935,7.7,163.46,23.82,21.52,17.71,47.1,1
2026-03-06 02:52:46+00:00,17.024514,118.409681,8.13,150.35,23.94,21.52,19.77,68.72,1
2026-03-06 02:53:12+00:00,17.023628,118.410066,7.98,157.44,24.05,21.52,19.07,59.2,1
2026-03-06 02:53:48+00:00,17.022375,118.410793,8.6,150.98,24.15,21.52,,,0
2026-03-06 02:54:23+00:00,17.021169,118.411379,8.21,155.08,24.24,21.51,,,0
2026-03-06 02:54:48+00:00,17.020345,118.411929,8.45,147.45,24.33,21.51,,,0
2026-03-06 02:55:07+00:00,17.019734,118.412057,7.09,168.67,24.42,21.51,,,0
2026-03-06 02:55:38+00:00,17.018766,118.412492,7.35,156.75,24.5,21.51,,,0
2026-03-06 02:56:36+00:00,17.01684,118.413733,8.43,148.36,23.93,21.51,,,0
2026-03-06 02:56:58+00:00,17.016082,118.413967,7.76,163.55,23.38,21.51,,,0
2026-03-06 02:57:16+00:00,17.015466,118.413987,7.4,178.22,22.86,21.51,,,0
2026-03-06 02:57:34+00:00,17.014909,118.41409,6.79,169.97,22.36,21.51,,,0
2026-03-06 02:58:33+00:00,17.012944,118.414707,7.52,163.29,21.89,21.51,16.62,53.29,1
2026-03-06 02:59:13+00:00,17.011615,118.414894,7.25,172.34,21.45,21.51,14.77,42.82,1
2026-03-06 02:59:37+00:00,17.010923,118.41511,6.5,163.38,21.04,21.51,16.37,49.42,1
2026-03-06 03:00:10+00:00,17.009882,118.415815,8.12,147.07,20.66,21.51,17.57,78.61,1
2026-03-06 03:00:31+00:00,17.009202,118.416174,7.84,153.21,20.31,21.52,15.92,72.61,1
2026-03-06 03:00:59+00:00,17.008249,118.416553,7.87,159.18,19.98,21.53,15.01,62.95,1
2026-03-06 03:01:55+00:00,17.006501,118.417615,7.8,149.84,19.68,21.54,16.0,72.79,1
2026-03-06 03:03:39+00:00,17.003058,118.418742,7.5,162.62,19.39,21.58,13.49,58.86,1
2026-03-06 03:04:22+00:00,17.00173,118.419542,7.7,150.05,19.12,21.6,16.04,75.22,1
2026-03-06 03:05:10+00:00,17.000022,118.420152,8.13,161.14,18.85,21.61,13.45,63.25,1
2026-03-06 03:06:01+00:00,16.998375,118.420977,7.74,154.4,18.58,21.64,14.64,70.68,1
2026-03-06 03:07:20+00:00,16.995749,118.422028,7.69,159.06,18.33,21.67,13.67,64.61,1
2026-03-06 03:08:21+00:00,16.993832,118.422926,7.44,155.87,18.1,21.7,14.35,70.28,1
2026-03-06 03:08:45+00:00,16.992986,118.423178,7.92,164.1,17.87,21.71,12.69,61.71,1
2026-03-06 03:09:45+00:00,16.991026,118.424033,7.65,157.35,17.66,21.73,13.24,66.11,1
2026-03-06 03:10:43+00:00,16.989416,118.425416,7.76,140.6,17.45,21.75,15.03,85.54,1
2026-03-06 03:11:14+00:00,16.988407,118.426117,8.45,146.4,17.25,21.76,14.5,84.03,1
2026-03-06 03:12:00+00:00,16.987058,118.427354,8.43,138.75,17.06,21.78,14.66,94.08,1
2026-03-06 03:12:17+00:00,16.98658,118.427686,7.3,146.41,16.89,21.78,14.28,80.9,1
2026-03-06 03:12:39+00:00,16.985876,118.428054,7.73,153.44,16.73,21.79,12.62,73.56,1
2026-03-06 03:13:01+00:00,16.985264,118.428539,7.54,142.84,16.59,21.8,14.62,86.46,1
2026-03-06 03:14:23+00:00,16.982895,118.43081,8.47,137.48,16.44,21.82,14.93,94.55,1
2026-03-06 03:15:06+00:00,16.98153,118.431913,8.67,142.3,16.31,21.83,14.26,93.39,1
2026-03-06 03:15:54+00:00,16.98003,118.432962,8.13,146.22,16.21,21.85,13.44,86.28,1
2026-03-06 03:16:17+00:00,16.979364,118.433516,8.0,141.5,16.12,21.86,13.49,89.47,1
2026-03-06 03:17:02+00:00,16.978121,118.434856,8.58,134.12,16.05,21.87,14.81,99.99,1
2026-03-06 03:18:06+00:00,16.976158,118.436542,8.58,140.6,16.0,21.89,14.26,96.28,1
2026-03-06 03:18:28+00:00,16.975585,118.437187,8.27,132.89,15.95,21.89,15.16,98.6,1
2026-03-06 03:18:40+00:00,16.975405,118.437575,7.43,115.88,15.91,21.89,17.44,112.53,1
2026-03-06 03:18:53+00:00,16.975065,118.437999,8.8,129.98,15.87,21.9,15.7,104.25,1
2026-03-06 03:19:12+00:00,16.974457,118.43847,8.61,143.46,15.84,21.9,13.21,92.21,1
2026-03-06 03:19:50+00:00,16.973274,118.439128,7.62,151.99,15.81,21.91,128.17,-73.48,3
2026-03-06 03:20:16+00:00,16.972515,118.439789,8.21,140.21,15.79,21.92,14.68,93.22,1
2026-03-06 03:21:02+00:00,16.971273,118.44118,8.55,133.03,15.77,21.93,14.3,103.27,1
2026-03-06 03:21:45+00:00,16.97,118.442367,8.57,138.27,15.75,21.94,14.71,94.54,1
2026-03-06 03:22:42+00:00,16.968297,118.443554,7.76,146.31,15.73,21.96,13.17,82.43,1
2026-03-06 03:23:00+00:00,16.967721,118.444049,8.95,140.58,15.71,21.96,14.24,93.32,1
2026-03-06 03:23:58+00:00,16.966226,118.445934,8.73,129.67,15.7,21.97,14.99,102.49,1
2026-03-06 03:24:48+00:00,16.964847,118.447314,8.25,136.25,15.67,21.99,14.78,98.41,1
2026-03-06 03:25:19+00:00,16.964283,118.448454,8.56,117.35,15.66,21.99,17.8,111.66,1
2026-03-06 03:25:53+00:00,16.963566,118.449554,8.09,124.27,15.65,22.0,15.62,106.71,1
2026-03-06 03:26:42+00:00,16.962673,118.451266,8.23,118.61,15.65,22.01,17.05,113.71,1
2026-03-06 03:27:08+00:00,16.962108,118.452147,8.43,123.84,15.63,22.01,16.17,109.71,1
2026-03-06 03:27:47+00:00,16.961021,118.453376,8.87,132.76,15.61,22.02,14.51,102.14,1
2026-03-06 03:28:44+00:00,16.959322,118.45495,8.61,138.45,15.58,22.03,14.2,97.22,1
2026-03-06 03:29:49+00:00,16.95732,118.456572,8.42,142.23,15.55,22.04,13.71,92.78,1
2026-03-06 03:30:34+00:00,16.95607,118.457927,8.65,133.96,15.53,22.05,14.5,100.76,1
2026-03-06 03:31:23+00:00,16.954622,118.459142,8.19,141.25,15.5,22.06,13.9,92.24,1
2026-03-06 03:31:52+00:00,16.953714,118.459689,7.81,150.05,15.48,22.07,11.82,86.47,1
2026-03-06 03:32:11+00:00,16.953208,118.460185,7.89,136.84,15.46,22.07,13.66,97.37,1
2026-03-06 03:33:31+00:00,16.951153,118.462637,8.43,131.22,15.43,22.08,15.0,107.96,1
2026-03-06 03:34:12+00:00,16.950188,118.463972,8.44,127.08,15.4,22.09,15.53,105.69,1
2026-03-06 03:34:57+00:00,16.949003,118.465282,8.28,133.4,15.36,22.1,14.35,100.52,1
2026-03-06 03:35:30+00:00,16.948157,118.466354,8.71,129.52,15.33,22.1,15.44,103.06,1
2026-03-06 03:35:44+00:00,16.947748,118.466709,8.21,140.3,15.29,22.1,13.67,92.55,1
2026-03-06 03:36:34+00:00,16.946159,118.467806,8.23,146.56,15.26,22.11,12.85,91.99,1
2026-03-06 03:38:09+00:00,16.943294,118.470018,8.1,143.55,15.22,22.13,12.95,89.7,1
2026-03-06 03:38:48+00:00,16.942113,118.470988,8.32,141.84,15.19,22.13,13.4,97.29,1
2026-03-06 03:39:53+00:00,16.940267,118.472205,7.26,147.76,15.17,22.14,12.3,80.23,1
2026-03-06 03:40:43+00:00,16.938808,118.473397,8.0,141.99,15.16,22.15,13.78,89.9,1
2026-03-06 03:41:34+00:00,16.937392,118.474722,8.05,138.17,15.17,22.16,17.88,95.19,1
2026-03-06 03:42:20+00:00,16.936098,118.476198,9.0,132.5,15.8,22.16,17.48,103.18,1
2026-03-06 03:43:16+00:00,16.934418,118.47781,8.8,137.45,16.4,22.17,14.95,98.76,1
2026-03-06 03:43:46+00:00,16.933582,118.478787,9.03,131.81,16.96,22.17,15.9,102.69,1
2026-03-06 03:44:30+00:00,16.932267,118.479971,8.53,139.26,17.49,22.17,15.99,91.24,1
2026-03-06 03:45:04+00:00,16.931267,118.481018,9.0,134.95,17.98,22.17,16.74,96.74,1
2026-03-06 03:45:27+00:00,16.93063,118.481793,9.19,130.67,18.44,22.18,18.06,100.16,1
2026-03-06 03:45:39+00:00,16.93026,118.482138,8.93,138.27,18.88,22.18,17.33,90.29,1
2026-03-06 03:46:02+00:00,16.929548,118.482623,7.99,146.91,19.29,22.18,16.23,77.5,1
2026-03-06 03:46:41+00:00,16.928451,118.483602,7.99,139.51,19.67,22.18,17.33,88.66,1
2026-03-06 03:47:06+00:00,16.927773,118.484334,8.43,134.07,19.42,22.18,18.35,90.12,1
2026-03-06 03:47:40+00:00,16.926963,118.485413,8.34,128.12,19.16,22.19,18.68,102.73,1
2026-03-06 03:47:59+00:00,16.926495,118.485932,7.76,133.31,18.91,22.19,17.87,92.4,1
2026-03-06 03:48:21+00:00,16.925867,118.486498,8.15,139.23,18.66,22.19,15.98,87.3,1
2026-03-06 03:49:28+00:00,16.923708,118.488206,8.73,142.88,18.42,22.19,15.99,89.07,1
2026-03-06 03:49:44+00:00,16.923264,118.488665,8.44,135.32,18.2,22.19,16.6,97.37,1
2026-03-06 03:50:39+00:00,16.921407,118.489643,8.17,153.26,17.99,22.2,14.55,77.19,1
2026-03-06 03:51:02+00:00,16.920662,118.490142,8.32,147.35,17.79,22.2,14.86,83.46,1
2026-03-06 03:51:32+00:00,16.919662,118.490634,7.96,154.79,17.6,22.2,,,0
2026-03-06 03:52:04+00:00,16.918667,118.491307,8.01,147.09,17.43,22.21,14.58,78.75,1
2026-03-06 03:52:24+00:00,16.918016,118.491609,7.7,156.07,17.26,22.21,12.86,70.05,1
2026-03-06 03:52:56+00:00,16.917074,118.492265,7.65,146.33,17.11,22.21,14.79,80.34,1
2026-03-06 03:53:19+00:00,16.916294,118.492591,7.89,158.21,16.96,22.21,13.15,72.38,1
2026-03-06 03:54:20+00:00,16.914279,118.493511,7.79,156.4,16.83,22.22,12.82,71.16,1
2026-03-06 03:54:47+00:00,16.913432,118.494243,8.8,140.41,16.71,22.22,15.23,95.21,1
2026-03-06 03:55:06+00:00,16.91274,118.494624,8.9,152.22,16.58,22.22,48.86,144.38,3
2026-03-06 03:55:24+00:00,16.91215,118.494829,7.47,161.61,16.46,22.22,11.59,63.14,1
2026-03-06 03:55:47+00:00,16.911467,118.495248,7.44,149.59,16.34,22.23,13.24,78.03,1
2026-03-06 03:56:21+00:00,16.910311,118.495552,7.58,165.88,16.24,22.23,11.22,62.83,1
2026-03-06 03:56:48+00:00,16.909337,118.495631,7.82,175.56,16.16,22.23,9.7,46.07,1
2026-03-06 03:57:14+00:00,16.908509,118.495572,6.9,183.9,16.08,22.24,9.93,31.42,1
2026-03-06 03:57:25+00:00,16.908148,118.495663,7.3,166.44,16.01,22.24,11.05,57.16,1
2026-03-06 03:58:14+00:00,16.906452,118.496615,8.49,151.76,15.96,22.24,12.12,81.68,1
2026-03-06 03:59:01+00:00,16.904859,118.497389,8.08,155.07,16.55,22.25,12.7,75.28,1
2026-03-06 03:59:37+00:00,16.90365,118.498091,8.3,150.95,17.1,22.25,13.81,78.3,1
2026-03-06 03:59:57+00:00,16.902977,118.498359,7.78,159.14,17.61,22.25,13.11,65.21,1
2026-03-06 04:00:23+00:00,16.90216,118.498633,7.13,162.21,18.1,22.26,13.79,60.59,1
2026-03-06 04:00:50+00:00,16.901328,118.499229,8.07,145.57,18.55,22.27,15.28,80.56,1
2026-03-06 04:00:56+00:00,16.901116,118.499277,7.81,167.78,18.34,22.28,12.84,53.28,1
2026-03-06 04:01:58+00:00,16.899049,118.500308,7.98,154.49,18.14,22.31,13.73,70.8,1
2026-03-06 04:02:24+00:00,16.898193,118.500498,7.27,168.01,17.93,22.33,12.28,53.14,1
2026-03-06 04:02:55+00:00,16.897261,118.500907,7.05,157.22,17.74,22.34,13.52,68.37,1
2026-03-06 04:03:40+00:00,16.895776,118.501376,7.45,163.19,17.55,22.37,12.4,63.99,1
2026-03-06 04:04:26+00:00,16.894219,118.502109,8.02,155.75,17.36,22.4,13.04,71.41,1
2026-03-06 04:05:36+00:00,16.891813,118.502596,7.57,169.04,17.17,22.44,11.56,58.7,1
2026-03-06 04:06:21+00:00,16.890352,118.502765,7.06,173.68,16.99,22.47,11.58,44.24,1
2026-03-06 04:06:41+00:00,16.889734,118.502918,6.86,166.67,16.83,22.48,74.87,142.35,3
2026-03-06 04:07:23+00:00,16.888311,118.503436,7.75,160.8,16.7,22.5,11.59,65.57,1
2026-03-06 04:07:54+00:00,16.887315,118.503619,7.05,170.03,16.58,22.52,11.63,50.35,1
2026-03-06 04:08:07+00:00,16.886886,118.503815,7.78,156.39,16.49,22.53,12.18,71.49,1
2026-03-06 04:08:35+00:00,16.885913,118.504438,8.81,148.5,16.39,22.54,13.27,86.37,1
2026-03-06 04:08:54+00:00,16.885261,118.504695,7.93,159.33,16.3,22.55,11.98,71.66,1
2026-03-06 04:09:35+00:00,16.883842,118.505462,8.42,152.65,16.21,22.57,12.63,82.11,1
2026-03-06 04:10:41+00:00,16.881513,118.50645,8.23,157.91,16.13,22.61,12.13,72.2,1
2026-03-06 04:11:51+00:00,16.879182,118.507182,7.52,163.27,16.05,22.65,11.44,62.37,1
2026-03-06 04:12:43+00:00,16.877527,118.507884,7.42,157.91,15.96,22.68,11.64,69.0,1
2026-03-06 04:13:18+00:00,16.876418,118.50814,7.01,167.54,15.88,22.7,11.57,56.65,1
2026-03-06 04:14:17+00:00,16.874522,118.509127,7.76,153.52,15.79,22.73,12.28,77.52,1
2026-03-06 04:14:53+00:00,16.873322,118.509606,7.71,159.09,15.71,22.75,11.4,69.49,1
2026-03-06 04:15:25+00:00,16.872385,118.510272,7.65,145.78,15.63,22.77,13.42,86.79,1
2026-03-06 04:15:55+00:00,16.871366,118.510786,8.15,154.23,15.56,22.78,11.94,84.08,1
2026-03-06 04:16:18+00:00,16.870669,118.511286,7.95,145.53,15.51,22.8,13.17,87.05,1
2026-03-06 04:16:51+00:00,16.8696,118.511859,7.87,152.84,15.46,22.81,12.77,79.19,1
2026-03-06 04:17:48+00:00,16.867848,118.512387,6.91,163.91,15.42,22.85,10.86,63.45,1
2026-03-06 04:18:18+00:00,16.866881,118.512939,7.94,151.35,15.38,22.86,12.05,81.16,1
2026-03-06 04:19:09+00:00,16.865193,118.513772,7.91,154.72,15.34,22.89,,,0
2026-03-06 04:19:29+00:00,16.864505,118.513978,7.73,164.01,15.31,22.9,,,0
2026-03-06 04:20:07+00:00,16.86319,118.514514,8.03,158.69,15.29,22.92,,,0
2026-03-06 04:20:34+00:00,16.862216,118.514786,8.07,165.04,15.26,22.94,,,0
2026-03-06 04:20:45+00:00,16.861878,118.514992,7.69,149.75,15.32,22.94,,,0
2026-03-06 04:21:24+00:00,16.860591,118.51548,7.59,160.06,15.82,22.96,,,0
2026-03-06 04:22:06+00:00,16.859184,118.51636,8.44,149.1,16.04,22.98,,,0
2026-03-06 04:22:31+00:00,16.858349,118.516774,7.99,154.62,16.54,23.0,12.88,79.12,1
2026-03-06 04:23:34+00:00,16.856164,118.517687,8.07,158.2,17.09,23.03,12.44,68.9,1
2026-03-06 04:24:12+00:00,16.854897,118.518079,7.52,163.51,17.6,23.05,12.31,60.28,1
2026-03-06 04:24:36+00:00,16.854133,118.518644,8.43,144.71,18.08,23.06,15.45,84.95,1
2026-03-06 04:25:13+00:00,16.852955,118.519384,8.03,148.99,18.53,23.08,15.53,79.26,1
2026-03-06 04:25:40+00:00,16.852092,118.51971,7.35,160.12,18.83,23.09,13.85,62.84,1
2026-03-06 04:26:08+00:00,16.851171,118.520242,8.12,151.06,19.22,23.11,15.85,73.3,1
2026-03-06 04:26:44+00:00,16.849897,118.520801,8.3,157.22,19.6,23.12,15.3,68.41,1
2026-03-06 04:27:03+00:00,16.849209,118.52096,8.02,167.53,19.96,23.14,14.52,54.56,1
2026-03-06 04:27:38+00:00,16.848081,118.52139,7.42,159.96,20.29,23.15,16.1,60.77,1
2026-03-06 04:27:54+00:00,16.847603,118.521634,7.19,153.96,20.61,23.16,17.48,69.45,1
2026-03-06 04:28:14+00:00,16.846955,118.522099,8.5,145.52,20.91,23.17,17.76,83.18,1
2026-03-06 04:28:29+00:00,16.84651,118.522459,8.11,142.25,21.19,23.18,18.68,83.12,1
2026-03-06 04:28:54+00:00,16.845612,118.522746,8.12,162.99,21.45,23.19,16.0,59.63,1
2026-03-06 04:29:29+00:00,16.844453,118.522996,7.31,168.34,21.69,23.21,16.24,45.46,1
2026-03-06 04:29:51+00:00,16.843774,118.523357,7.49,153.03,21.92,23.22,18.53,67.91,1
2026-03-06 04:30:07+00:00,16.843258,118.5238,9.02,140.59,22.14,23.23,19.29,88.65,1
2026-03-06 04:30:18+00:00,16.842865,118.523925,8.07,163.07,22.34,23.24,16.73,57.16,1
2026-03-06 04:30:35+00:00,16.842255,118.524008,7.82,172.58,22.53,23.24,16.71,43.35,1
2026-03-06 04:30:52+00:00,16.841655,118.524228,8.08,160.66,22.71,23.25,17.94,65.23,1
2026-03-06 04:31:08+00:00,16.841177,118.524648,8.44,139.94,22.88,23.26,20.42,88.51,1
2026-03-06 04:31:35+00:00,16.840193,118.525106,8.62,155.99,23.04,23.27,18.58,68.46,1
2026-03-06 04:31:48+00:00,16.839801,118.525402,8.04,144.14,23.19,23.28,20.38,81.32,1
2026-03-06 04:32:06+00:00,16.839141,118.525706,8.66,156.21,23.33,23.29,19.0,62.62,1
2026-03-06 04:32:45+00:00,16.837898,118.526542,8.19,147.23,23.46,23.31,20.09,74.3,1
2026-03-06 04:33:11+00:00,16.83696,118.526846,8.16,162.77,23.58,23.32,18.48,56.6,1
2026-03-06 04:33:20+00:00,16.836703,118.527076,8.13,139.42,23.69,23.32,22.2,83.37,1
2026-03-06 04:33:41+00:00,16.836182,118.527771,8.7,128.07,23.8,23.33,23.35,95.57,1
2026-03-06 04:33:54+00:00,16.835747,118.52807,8.66,146.66,23.9,23.34,,,0
2026-03-06 04:34:06+00:00,16.835314,118.528261,8.47,157.11,24.0,23.34,,,0
2026-03-06 04:34:29+00:00,16.83462,118.528846,8.38,141.1,24.09,23.35,,,0
2026-03-06 04:34:38+00:00,16.834347,118.529006,7.52,150.71,24.17,23.36,,,0
2026-03-06 04:34:57+00:00,16.833691,118.529193,7.74,164.74,23.62,23.37,,,0
2026-03-06 04:35:24+00:00,16.832805,118.529762,8.33,148.42,23.08,23.38,,,0
2026-03-06 04:35:44+00:00,16.832127,118.530064,7.97,156.91,22.56,23.39,,,0
2026-03-06 04:35:55+00:00,16.831751,118.530212,7.9,159.36,22.08,23.4,,,0
2026-03-06 04:36:07+00:00,16.831341,118.530247,7.41,175.33,21.62,23.4,,,0
2026-03-06 04:36:16+00:00,16.83107,118.530352,6.94,159.65,21.18,23.41,,,0
2026-03-06 04:36:36+00:00,16.830458,118.530695,7.51,151.79,20.78,23.42,17.34,75.97,1
2026-03-06 04:36:52+00:00,16.829995,118.531089,8.07,140.84,20.41,23.43,17.71,85.29,1
2026-03-06 04:37:16+00:00,16.829137,118.531448,8.32,158.17,20.05,23.44,15.43,68.17,1
2026-03-06 04:37:35+00:00,16.828511,118.531917,8.76,144.36,19.72,23.44,17.11,82.65,1
2026-03-06 04:38:07+00:00,16.827412,118.53246,8.21,154.69,19.42,23.46,15.82,73.13,1
2026-03-06 04:38:37+00:00,16.826534,118.533121,7.8,144.22,19.27,23.47,16.45,78.97,1
2026-03-06 04:39:01+00:00,16.825687,118.533525,8.39,155.46,19.58,23.48,14.92,73.46,1
2026-03-06 04:39:13+00:00,16.825316,118.533776,7.96,147.07,19.53,23.49,16.25,81.54,1
2026-03-06 04:39:33+00:00,16.824763,118.534318,8.19,136.83,19.8,23.5,17.79,93.83,1
2026-03-06 04:39:56+00:00,16.824028,118.534834,8.32,146.1,19.74,23.51,17.19,80.05,1
2026-03-06 04:40:21+00:00,16.823267,118.535556,8.89,137.76,19.45,23.52,18.22,93.24,1
2026-03-06 04:40:36+00:00,16.822755,118.535839,8.35,152.12,19.18,23.53,15.51,77.57,1
2026-03-06 04:40:53+00:00,16.822155,118.535969,7.79,168.28,18.92,23.53,13.7,55.84,1
2026-03-06 04:41:11+00:00,16.821602,118.536357,8.0,146.11,18.73,23.54,15.96,80.75,1
2026-03-06 04:42:07+00:00,16.819912,118.537772,8.36,141.29,18.76,23.57,16.58,83.95,1
2026-03-06 04:42:44+00:00,16.818708,118.538394,7.85,153.69,18.75,23.58,14.86,74.25,1
2026-03-06 04:43:13+00:00,16.817802,118.539115,8.49,142.7,18.91,23.6,16.45,87.23,1
2026-03-06 04:43:41+00:00,16.816905,118.539695,8.14,148.24,19.06,23.61,15.45,79.14,1
2026-03-06 04:43:59+00:00,16.816262,118.539995,8.46,155.93,19.13,23.62,51.75,-58.6,3
2026-03-06 04:44:33+00:00,16.815177,118.540856,8.66,142.78,19.51,23.63,17.05,87.09,1
2026-03-06 04:44:53+00:00,16.814527,118.541268,8.22,148.75,19.87,23.64,16.79,76.19,1
2026-03-06 04:45:25+00:00,16.813454,118.541787,7.99,155.16,20.2,23.65,16.1,66.49,1
2026-03-06 04:46:03+00:00,16.812207,118.542502,8.09,151.24,20.52,23.67,16.81,72.54,1
2026-03-06 04:47:10+00:00,16.810096,118.544007,8.25,145.69,20.82,23.7,17.61,85.83,1
2026-03-06 04:47:34+00:00,16.809246,118.544506,8.78,150.67,21.1,23.71,17.33,78.41,1
2026-03-06 04:47:50+00:00,16.808752,118.544905,8.44,142.29,21.36,23.72,19.06,84.96,1
2026-03-06 04:48:09+00:00,16.808018,118.545154,8.78,162.01,20.98,23.72,15.22,63.4,1
2026-03-06 04:48:44+00:00,16.806941,118.545713,7.43,153.58,20.89,23.74,17.14,69.13,1
2026-03-06 04:49:04+00:00,16.806401,118.54616,7.45,141.61,20.53,23.75,18.35,85.59,1
2026-03-06 04:49:23+00:00,16.805767,118.546556,8.4,149.12,20.19,23.76,16.57,77.74,1
2026-03-06 04:49:59+00:00,16.804482,118.547016,8.16,161.08,19.86,23.78,14.75,65.58,1
2026-03-06 04:50:52+00:00,16.802839,118.54792,7.57,152.22,19.55,23.8,16.06,72.66,1
2026-03-06 04:51:06+00:00,16.802451,118.548287,8.08,137.84,19.26,23.81,17.25,94.66,1
2026-03-06 04:51:44+00:00,16.801143,118.549087,8.62,149.65,18.97,23.82,15.69,82.31,1
2026-03-06 04:52:10+00:00,16.800335,118.54955,7.66,151.25,18.7,23.83,15.03,78.5,1
2026-03-06 04:52:36+00:00,16.79961,118.550228,8.09,138.16,18.44,23.84,17.13,90.51,1
2026-03-06 04:53:01+00:00,16.798711,118.55052,8.14,162.73,18.2,23.85,13.91,67.16,1
2026-03-06 04:53:36+00:00,16.797651,118.551313,8.05,144.39,17.98,23.87,15.27,85.39,1
2026-03-06 04:54:09+00:00,16.796555,118.55173,7.64,159.99,17.76,23.88,13.52,67.49,1
2026-03-06 04:54:33+00:00,16.795843,118.552287,8.01,143.17,17.57,23.89,15.12,91.11,1
2026-03-06 04:55:05+00:00,16.794808,118.552868,7.94,151.75,17.39,23.91,14.31,76.68,1
2026-03-06 04:55:38+00:00,16.793779,118.553619,8.22,145.06,17.22,23.92,14.37,87.76,1
2026-03-06 04:56:47+00:00,16.79161,118.554991,7.94,148.8,17.06,23.95,14.26,83.52,1
2026-03-06 04:57:14+00:00,16.790785,118.555641,8.27,142.97,16.93,23.96,14.54,91.29,1
2026-03-06 04:57:42+00:00,16.789763,118.556156,8.76,154.25,16.79,23.97,12.92,79.8,1
2026-03-06 04:58:27+00:00,16.788239,118.556989,8.26,152.38,16.68,23.99,12.93,85.07,1
2026-03-06 04:59:18+00:00,16.786647,118.55788,7.65,151.82,16.56,24.01,13.57,76.6,1
2026-03-06 04:59:36+00:00,16.786102,118.558347,8.46,140.64,16.46,24.02,14.51,97.15,1
2026-03-06 04:59:53+00:00,16.785554,118.558709,8.24,147.69,16.42,24.03,13.86,88.84,1
2026-03-06 05:00:21+00:00,16.784546,118.55906,8.2,161.56,16.6,24.02,11.81,73.96,1
2026-03-06 05:00:58+00:00,16.783465,118.559956,8.06,141.57,17.05,24.01,15.08,87.48,1
2026-03-06 05:01:54+00:00,16.781682,118.561189,8.25,146.49,17.56,23.99,14.9,83.71,1
2026-03-06 05:02:42+00:00,16.780039,118.562015,8.21,154.3,18.03,23.97,13.94,78.87,1
2026-03-06 05:03:05+00:00,16.779345,118.562595,8.35,141.33,18.11,23.96,16.15,86.34,1
2026-03-06 05:03:35+00:00,16.778436,118.563208,7.8,147.15,17.89,23.95,15.56,79.18,1
2026-03-06 05:03:58+00:00,16.77762,118.563445,7.96,164.46,17.67,23.95,12.35,62.22,1
2026-03-06 05:04:37+00:00,16.776375,118.564126,7.79,152.36,17.44,23.94,14.35,77.8,1
2026-03-06 05:05:01+00:00,16.77556,118.564327,7.54,166.71,17.22,23.93,12.55,62.54,1
2026-03-06 05:05:37+00:00,16.774465,118.564299,6.58,181.4,17.0,23.92,10.97,35.13,1
2026-03-06 05:05:51+00:00,16.774013,118.564379,7.08,170.38,16.8,23.92,11.14,52.06,1
2026-03-06 05:06:20+00:00,16.773182,118.564832,6.99,152.44,16.6,23.91,13.51,76.14,1
2026-03-06 05:06:43+00:00,16.772485,118.565327,7.92,145.79,16.42,23.91,13.8,87.85,1
2026-03-06 05:07:37+00:00,16.770895,118.566643,8.12,141.6,16.26,23.89,14.97,93.1,1
2026-03-06 05:07:47+00:00,16.770562,118.566795,7.86,156.39,16.11,23.88,12.27,75.32,1
2026-03-06 05:08:06+00:00,16.769991,118.567229,8.03,143.95,16.0,23.88,13.6,86.16,1
2026-03-06 05:08:22+00:00,16.769553,118.567706,8.55,133.8,15.9,23.87,14.93,99.99,1
2026-03-06 05:09:43+00:00,16.767169,118.569668,8.1,141.76,15.81,23.85,14.32,95.69,1
2026-03-06 05:10:34+00:00,16.76573,118.571092,8.4,136.54,15.73,23.83,17.82,99.48,1
2026-03-06 05:11:25+00:00,16.764099,118.572262,8.39,145.52,15.66,23.81,13.34,90.02,1
2026-03-06 05:12:02+00:00,16.762972,118.57316,8.28,142.66,15.6,23.8,13.97,95.38,1
2026-03-06 05:12:59+00:00,16.761269,118.574737,8.63,138.44,15.54,23.78,14.14,96.38,1
2026-03-06 05:13:33+00:00,16.760178,118.575365,7.92,151.14,15.48,23.77,12.38,82.7,1
2026-03-06 05:13:44+00:00,16.759863,118.575592,7.52,145.39,15.42,23.76,13.13,87.81,1
2026-03-06 05:14:33+00:00,16.758402,118.576986,8.73,137.58,15.36,23.75,14.48,99.3,1
2026-03-06 05:15:39+00:00,16.756262,118.578287,8.11,149.79,15.3,23.73,12.58,86.04,1
2026-03-06 05:16:01+00:00,16.755526,118.578595,7.79,158.16,15.25,23.72,11.2,74.77,1
2026-03-06 05:16:35+00:00,16.754329,118.57893,7.88,165.0,15.2,23.71,10.32,64.48,1
2026-03-06 05:16:55+00:00,16.753638,118.579304,8.41,152.6,15.15,23.71,11.73,85.03,1
2026-03-06 05:18:02+00:00,16.751914,118.581332,8.38,131.6,15.1,23.69,14.4,101.91,1
2026-03-06 05:18:37+00:00,16.750916,118.582284,8.35,137.59,15.05,23.67,14.02,99.59,1
2026-03-06 05:19:19+00:00,16.749679,118.583348,8.25,140.52,15.02,23.66,14.04,98.98,1
2026-03-06 05:20:10+00:00,16.748148,118.584395,7.76,146.78,14.99,23.65,12.29,87.46,1
2026-03-06 05:21:07+00:00,16.74647,118.585806,8.17,141.16,14.96,23.64,13.1,93.06,1
2026-03-06 05:21:22+00:00,16.746069,118.586213,8.06,135.82,14.94,23.64,13.78,99.66,1
2026-03-06 05:22:45+00:00,16.743515,118.588193,8.28,143.41,14.91,23.62,13.18,92.22,1
2026-03-06 05:23:24+00:00,16.742462,118.589286,8.23,135.17,14.87,23.61,14.24,102.5,1
2026-03-06 05:23:50+00:00,16.74181,118.590097,8.43,130.01,14.83,23.61,14.8,106.31,1
2026-03-06 05:24:02+00:00,16.741444,118.590415,8.58,140.24,14.79,23.61,13.09,101.8,1
2026-03-06 05:25:09+00:00,16.739259,118.591589,7.93,152.77,14.75,23.6,11.54,85.4,1
2026-03-06 05:25:45+00:00,16.738054,118.592041,7.69,160.24,14.7,23.59,10.06,73.12,1
2026-03-06 05:26:04+00:00,16.737438,118.592344,7.75,154.78,14.65,23.59,11.23,81.64,1
2026-03-06 05:27:12+00:00,16.735363,118.593855,8.04,145.11,14.6,23.58,12.72,91.07,1
2026-03-06 05:28:03+00:00,16.733732,118.594583,7.52,156.86,14.56,23.57,10.5,76.99,1
2026-03-06 05:29:00+00:00,16.731996,118.595726,7.78,147.77,14.52,23.56,11.55,87.47,1
2026-03-06 05:29:18+00:00,16.731447,118.595987,7.24,155.52,14.49,23.56,11.53,78.74,1
2026-03-06 05:29:45+00:00,16.730621,118.596544,7.87,147.15,14.48,23.56,11.88,92.2,1
2026-03-06 05:30:25+00:00,16.729283,118.597272,8.15,152.48,14.48,23.55,11.64,86.81,1
2026-03-06 05:31:09+00:00,16.727977,118.598486,8.59,138.32,14.47,23.54,13.33,102.72,1
2026-03-06 05:32:01+00:00,16.726363,118.599775,8.45,142.59,14.47,23.53,12.68,98.25,1
2026-03-06 05:33:24+00:00,16.723695,118.601633,8.35,146.3,14.47,23.52,12.31,93.53,1
2026-03-06 05:33:49+00:00,16.72286,118.602033,7.94,155.36,14.48,23.51,10.66,78.68,1
2026-03-06 05:34:25+00:00,16.721837,118.602887,7.86,141.36,14.55,23.51,12.95,98.14,1
2026-03-06 05:35:02+00:00,16.72061,118.60358,8.15,151.59,15.2,23.5,11.91,87.74,1
2026-03-06 05:35:48+00:00,16.719134,118.604567,8.24,147.36,15.36,23.49,12.36,88.07,1
2026-03-06 05:36:00+00:00,16.718729,118.604953,9.88,137.61,15.32,23.49,14.55,103.75,1
2026-03-06 05:36:59+00:00,16.716926,118.606273,8.07,144.96,15.29,23.48,12.96,91.59,1
2026-03-06 05:37:33+00:00,16.715732,118.606924,8.56,152.43,15.25,23.47,11.86,86.17,1
2026-03-06 05:38:00+00:00,16.714854,118.607605,8.76,143.39,15.22,23.47,12.88,94.63,1
2026-03-06 05:38:19+00:00,16.714191,118.607784,7.79,165.5,15.39,23.47,10.89,62.87,1
2026-03-06 05:38:29+00:00,16.713863,118.607958,7.95,153.07,15.99,23.47,12.78,80.31,1
2026-03-06 05:39:16+00:00,16.712385,118.608958,8.1,147.06,16.55,23.46,14.12,86.71,1
2026-03-06 05:39:47+00:00,16.711502,118.609848,8.56,136.01,17.08,23.45,15.81,98.69,1
2026-03-06 05:40:13+00:00,16.710633,118.610469,8.75,145.61,17.58,23.45,14.37,88.38,1
2026-03-06 05:40:20+00:00,16.710438,118.610677,8.61,134.39,18.05,23.45,17.58,96.75,1
2026-03-06 05:40:56+00:00,16.709191,118.611414,8.6,150.49,18.49,23.44,14.95,82.24,1
2026-03-06 05:41:39+00:00,16.707727,118.612157,8.18,154.08,18.9,23.43,14.7,74.08,1
2026-03-06 05:42:12+00:00,16.706711,118.612912,8.17,144.56,19.29,23.43,16.73,82.84,1
2026-03-06 05:42:39+00:00,16.705778,118.613407,8.38,153.06,19.5,23.42,15.9,74.51,1
2026-03-06 05:43:17+00:00,16.704572,118.614239,8.22,146.54,19.62,23.42,16.61,77.86,1
2026-03-06 05:43:46+00:00,16.703583,118.614781,8.33,152.3,19.82,23.41,16.35,74.69,1
2026-03-06 05:44:19+00:00,16.702525,118.615649,8.81,141.84,20.15,23.41,18.06,88.86,1
2026-03-06 05:44:45+00:00,16.701703,118.616173,8.01,148.59,20.46,23.4,16.82,77.93,1
2026-03-06 05:45:21+00:00,16.700657,118.617169,8.5,137.63,20.75,23.4,18.72,92.98,1
2026-03-06 05:45:47+00:00,16.699842,118.617715,8.05,147.31,21.03,23.39,18.12,77.55,1
2026-03-06 05:45:56+00:00,16.699579,118.617988,8.91,135.17,21.29,23.39,18.98,93.9,1
2026-03-06 05:46:19+00:00,16.698808,118.618483,8.51,148.41,21.53,23.39,18.0,79.27,1
2026-03-06 05:46:55+00:00,16.697641,118.619381,8.7,143.61,21.76,23.38,18.5,87.86,1
2026-03-06 05:47:22+00:00,16.696678,118.619824,8.42,156.22,21.97,23.38,17.23,68.27,1
2026-03-06 05:48:00+00:00,16.695554,118.620806,8.34,140.08,22.17,23.37,19.78,83.21,1
2026-03-06 05:48:14+00:00,16.69506,118.621085,8.67,151.59,22.36,23.37,18.2,75.32,1
2026-03-06 05:48:53+00:00,16.693701,118.621488,7.83,164.14,22.54,23.36,17.03,59.68,1
2026-03-06 05:49:02+00:00,16.693486,118.621751,7.95,130.48,22.7,23.36,21.41,92.71,1
2026-03-06 05:49:45+00:00,16.692199,118.622813,8.25,141.68,22.86,23.35,20.98,84.32,1
2026-03-06 05:50:20+00:00,16.691188,118.623808,8.58,136.69,23.01,23.35,21.69,91.01,1
2026-03-06 05:51:11+00:00,16.689508,118.625048,8.72,144.74,23.14,23.34,19.69,82.44,1
2026-03-06 05:51:25+00:00,16.689011,118.625275,8.38,156.37,23.27,23.34,19.07,66.44,1
2026-03-06 05:51:55+00:00,16.688022,118.625935,8.46,147.41,23.39,23.33,19.81,75.1,1
2026-03-06 05:52:35+00:00,16.686696,118.627028,9.13,141.71,23.51,23.32,20.82,84.19,1
2026-03-06 05:52:51+00:00,16.686146,118.627393,8.8,147.56,23.62,23.32,20.01,77.99,1
2026-03-06 05:53:13+00:00,16.685331,118.627765,8.74,156.38,23.72,23.32,18.66,68.53,1
2026-03-06 05:54:09+00:00,16.683497,118.629062,8.55,145.89,23.81,23.31,20.81,78.65,1
2026-03-06 05:54:37+00:00,16.682481,118.629503,8.49,157.42,23.9,23.3,19.03,63.85,1
2026-03-06 05:54:55+00:00,16.681901,118.629869,8.14,148.85,23.98,23.3,20.21,74.54,1
2026-03-06 05:55:14+00:00,16.681157,118.630068,8.74,165.63,24.06,23.3,17.57,56.69,1
2026-03-06 05:55:41+00:00,16.680217,118.630565,8.44,153.14,24.13,23.3,21.92,69.99,1
2026-03-06 05:56:22+00:00,16.679019,118.631796,8.86,135.45,24.2,23.29,22.66,87.64,1
2026-03-06 05:56:44+00:00,16.678336,118.632316,8.31,143.9,24.27,23.28,21.28,78.66,1
2026-03-06 05:57:16+00:00,16.677454,118.63334,8.91,131.96,24.33,23.28,22.71,94.67,1
2026-03-06 05:57:34+00:00,16.676893,118.633873,9.11,137.69,24.38,23.27,22.14,84.72,1
2026-03-06 05:57:54+00:00,16.676234,118.634388,8.9,143.18,24.44,23.27,21.85,76.98,1
2026-03-06 05:58:48+00:00,16.674579,118.635941,8.91,138.05,24.49,23.26,22.63,89.51,1
2026-03-06 05:59:01+00:00,16.674131,118.63625,8.93,146.55,24.53,23.25,20.99,78.54,1
2026-03-06 05:59:47+00:00,16.672651,118.6375,8.95,141.02,24.58,23.24,,,0
2026-03-06 06:00:15+00:00,16.671814,118.638413,9.35,133.74,24.62,23.22,,,0
2026-03-06 06:00:28+00:00,16.671389,118.638757,8.94,142.21,24.66,23.21,,,0
2026-03-06 06:00:42+00:00,16.670891,118.638993,8.44,155.58,24.69,23.19,,,0
2026-03-06 06:01:12+00:00,16.670003,118.63987,8.81,136.59,24.73,23.15,,,0
2026-03-06 06:01:56+00:00,16.668499,118.640641,8.23,153.84,24.76,23.1,,,0
2026-03-06 06:02:26+00:00,16.667625,118.641554,8.91,134.98,24.79,23.06,,,0
2026-03-06 06:02:56+00:00,16.666629,118.642227,8.55,147.08,24.82,23.03,,,0
2026-03-06 06:03:12+00:00,16.666081,118.64243,7.86,160.46,24.85,23.01,,,0
2026-03-06 06:03:45+00:00,16.66508,118.64332,8.61,139.58,24.87,22.97,,,0
2026-03-06 06:04:28+00:00,16.663668,118.644079,7.98,152.75,24.89,22.92,20.65,68.57,1
2026-03-06 06:05:11+00:00,16.662324,118.645127,8.43,143.24,24.92,22.87,21.15,79.56,1
2026-03-06 06:06:04+00:00,16.660554,118.646161,8.27,150.77,24.94,22.8,20.83,69.84,1
2026-03-06 06:06:29+00:00,16.659793,118.646707,7.98,145.5,24.96,22.78,22.0,77.86,1
2026-03-06 06:06:49+00:00,16.659182,118.647315,9.12,136.37,24.97,22.75,22.71,85.02,1
2026-03-06 06:07:13+00:00,16.658511,118.648153,9.42,129.89,24.99,22.72,23.98,93.7,1
2026-03-06 06:07:41+00:00,16.657579,118.648804,8.66,146.21,25.01,22.69,21.25,74.41,1
2026-03-06 06:08:43+00:00,16.655724,118.650575,8.76,137.55,25.02,22.61,23.96,84.94,1
2026-03-06 06:09:07+00:00,16.654942,118.651156,8.64,144.56,25.04,22.58,23.41,77.88,1
2026-03-06 06:09:59+00:00,16.65342,118.652645,8.67,136.85,25.05,22.52,22.6,86.72,1
2026-03-06 06:10:39+00:00,16.652196,118.65358,8.2,143.8,25.06,22.47,22.35,76.58,1
2026-03-06 06:11:01+00:00,16.651514,118.653966,7.62,151.53,24.51,22.45,20.86,65.87,1
2026-03-06 06:11:21+00:00,16.650905,118.654493,8.55,140.34,23.94,22.42,21.14,86.21,1
2026-03-06 06:11:56+00:00,16.649763,118.65519,8.17,149.68,23.39,22.38,19.7,76.93,1
2026-03-06 06:12:11+00:00,16.649348,118.655615,8.38,135.54,22.88,22.36,21.2,88.58,1
2026-03-06 06:12:36+00:00,16.648567,118.656246,8.54,142.26,22.39,22.33,19.78,80.76,1
2026-03-06 06:13:00+00:00,16.647925,118.656954,8.41,133.42,21.94,22.3,19.97,94.36,1
2026-03-06 06:13:19+00:00,16.647502,118.657587,8.41,124.89,22.14,22.28,22.21,96.5,1
2026-03-06 06:13:50+00:00,16.646623,118.65852,8.74,134.52,22.33,22.24,20.5,90.1,1
2026-03-06 06:14:42+00:00,16.64522,118.660195,8.86,131.16,22.51,22.18,21.23,92.74,1
2026-03-06 06:15:10+00:00,16.644275,118.660723,8.27,151.84,22.67,22.15,19.31,68.1,1
2026-03-06 06:15:47+00:00,16.643079,118.661699,8.87,141.98,22.83,22.1,20.04,82.23,1
2026-03-06 06:16:23+00:00,16.642003,118.662773,8.94,136.28,22.98,22.06,20.84,86.94,1
2026-03-06 06:16:50+00:00,16.64109,118.663421,8.84,145.78,23.11,22.03,18.97,78.25,1
2026-03-06 06:18:08+00:00,16.638661,118.665492,8.69,140.75,23.24,21.93,20.94,83.02,1
2026-03-06 06:18:51+00:00,16.637316,118.666361,7.95,148.24,23.36,21.89,19.32,71.35,1
2026-03-06 06:19:09+00:00,16.636856,118.666919,8.47,130.71,23.48,21.86,21.94,91.54,1
2026-03-06 06:19:23+00:00,16.636469,118.667284,8.05,137.9,23.59,21.85,21.22,83.33,1
2026-03-06 06:19:38+00:00,16.635986,118.667618,8.35,146.47,23.06,21.83,19.98,77.54,1
2026-03-06 06:20:16+00:00,16.634914,118.66869,8.44,136.22,22.56,21.78,20.79,87.23,1
2026-03-06 06:20:33+00:00,16.634416,118.669069,7.84,143.9,22.08,21.77,19.05,79.84,1
2026-03-06 06:21:01+00:00,16.633688,118.669856,8.09,133.99,21.63,21.73,20.11,90.87,1
2026-03-06 06:21:31+00:00,16.632712,118.670514,8.37,147.14,21.22,21.7,17.55,78.33,1
2026-03-06 06:21:44+00:00,16.632349,118.670892,8.53,135.06,20.83,21.68,19.16,93.56,1
2026-03-06 06:22:15+00:00,16.631378,118.67165,8.45,143.2,20.46,21.65,17.6,80.4,1
2026-03-06 06:22:22+00:00,16.631195,118.671861,8.42,132.15,20.74,21.64,19.75,92.45,1
2026-03-06 06:22:33+00:00,16.630823,118.672094,8.52,149.03,20.38,21.63,16.93,80.14,1
2026-03-06 06:22:59+00:00,16.630093,118.672867,8.65,134.58,20.02,21.59,18.6,92.05,1
2026-03-06 06:23:17+00:00,16.629487,118.673085,7.7,160.98,19.66,21.58,14.59,54.89,1
2026-03-06 06:24:00+00:00,16.62828,118.674187,8.06,138.82,19.3,21.53,17.39,86.96,1
2026-03-06 06:24:27+00:00,16.627477,118.674704,7.55,148.33,18.94,21.5,15.6,76.2,1
2026-03-06 06:24:53+00:00,16.626594,118.675157,8.18,153.82,18.58,21.47,14.08,67.23,1
2026-03-06 06:25:05+00:00,16.626215,118.675241,6.98,168.01,18.24,21.45,12.88,53.32,1
2026-03-06 06:25:14+00:00,16.625972,118.675396,6.84,148.57,17.92,21.45,14.86,73.02,1
2026-03-06 06:25:23+00:00,16.62577,118.675593,6.64,136.94,17.62,21.44,16.21,87.24,1
2026-03-06 06:25:34+00:00,16.625591,118.675899,6.75,121.4,17.34,21.42,17.43,101.91,1
2026-03-06 06:26:01+00:00,16.624821,118.676648,8.43,137.01,17.08,21.39,15.07,91.28,1
2026-03-06 06:26:22+00:00,16.624094,118.677054,8.49,151.85,16.85,21.37,13.06,77.04,1
2026-03-06 06:26:41+00:00,16.623538,118.677507,8.02,142.02,16.64,21.35,14.35,86.27,1
2026-03-06 06:27:03+00:00,16.622836,118.67792,7.92,150.59,16.46,21.32,13.04,81.06,1
2026-03-06 06:27:16+00:00,16.622444,118.678267,8.55,139.69,16.32,21.31,14.65,92.85,1
2026-03-06 06:27:56+00:00,16.621196,118.679109,8.03,147.12,16.2,21.26,13.52,82.61,1
2026-03-06 06:28:31+00:00,16.620166,118.680153,8.87,135.84,16.11,21.22,14.63,96.51,1
2026-03-06 06:28:54+00:00,16.619414,118.680661,8.42,147.08,16.19,21.19,12.97,87.72,1
2026-03-06 06:29:06+00:00,16.619114,118.680996,7.91,133.06,16.52,21.18,15.11,99.47,1
2026-03-06 06:29:23+00:00,16.618548,118.681352,8.4,148.92,17.04,21.16,13.84,83.78,1
2026-03-06 06:29:45+00:00,16.617904,118.681951,8.48,138.29,17.54,21.14,16.05,92.71,1
2026-03-06 06:30:30+00:00,16.616345,118.682836,8.52,151.46,18.01,21.09,13.98,77.69,1
2026-03-06 06:31:21+00:00,16.614746,118.684041,8.36,144.17,18.44,21.03,15.47,81.2,1
2026-03-06 06:31:46+00:00,16.613911,118.684501,8.16,152.17,18.7,21.0,15.11,73.1,1
2026-03-06 06:32:09+00:00,16.613267,118.685173,8.56,135.0,19.09,20.97,17.61,91.2,1
2026-03-06 06:32:44+00:00,16.612106,118.686067,8.91,143.58,19.19,20.93,16.35,81.26,1
2026-03-06 06:33:01+00:00,16.611529,118.686372,8.22,153.14,19.13,20.92,14.54,74.02,1
2026-03-06 06:33:08+00:00,16.611323,118.686549,8.24,140.53,18.86,20.91,16.64,84.83,1
2026-03-06 06:34:05+00:00,16.609759,118.688185,8.4,134.93,18.61,20.84,16.73,95.09,1
2026-03-06 06:34:30+00:00,16.60904,118.68872,7.63,144.51,18.36,20.81,15.15,82.28,1
2026-03-06 06:34:48+00:00,16.608543,118.689187,8.03,138.0,18.13,20.79,16.02,90.2,1
2026-03-06 06:35:05+00:00,16.607975,118.689498,8.16,152.31,17.91,20.78,13.74,75.71,1
2026-03-06 06:35:24+00:00,16.607357,118.689949,8.58,145.03,17.7,20.75,14.63,83.33,1
2026-03-06 06:35:57+00:00,16.606383,118.690837,8.47,138.86,17.51,20.72,15.72,94.51,1
2026-03-06 06:36:16+00:00,16.605766,118.691239,8.27,148.02,17.32,20.7,17.29,80.91,1
2026-03-06 06:36:43+00:00,16.605048,118.69196,7.98,136.1,17.13,20.66,18.46,92.89,1
2026-03-06 06:36:55+00:00,16.604762,118.692342,8.37,128.0,16.96,20.65,17.1,100.25,1
2026-03-06 06:37:20+00:00,16.603902,118.692845,8.52,150.73,16.8,20.62,13.34,78.0,1
2026-03-06 06:37:53+00:00,16.602916,118.693604,8.03,143.58,16.64,20.59,13.75,86.71,1
2026-03-06 06:38:06+00:00,16.602626,118.693984,7.74,128.53,16.48,20.57,145.58,-105.17,3
2026-03-06 06:38:26+00:00,16.60199,118.694292,7.58,155.1,16.32,20.55,12.23,70.01,1
2026-03-06 06:39:04+00:00,16.600937,118.695253,7.96,138.83,16.16,20.51,14.23,88.3,1
2026-03-06 06:39:41+00:00,16.599855,118.69613,8.0,142.16,16.0,20.47,13.56,85.76,1
2026-03-06 06:39:54+00:00,16.599442,118.696368,7.84,151.09,15.86,20.45,12.65,80.74,1
2026-03-06 06:40:13+00:00,16.59897,118.696835,7.4,136.52,15.73,20.43,13.76,90.72,1
2026-03-06 06:40:42+00:00,16.598069,118.697376,7.75,150.08,15.61,20.4,12.4,78.86,1
2026-03-06 06:41:43+00:00,16.596257,118.698927,8.3,140.64,15.5,20.33,13.72,94.98,1
2026-03-06 06:42:23+00:00,16.595042,118.699783,7.92,145.97,15.39,20.29,12.76,82.92,1
2026-03-06 06:42:48+00:00,16.59432,118.700551,8.91,134.45,15.3,20.26,14.9,99.28,1
2026-03-06 06:43:21+00:00,16.593254,118.701381,8.71,143.27,15.21,20.22,12.6,90.33,1
2026-03-06 06:43:37+00:00,16.592885,118.701853,7.89,129.21,15.14,20.2,14.9,104.9,1
2026-03-06 06:43:48+00:00,16.592546,118.702036,7.5,152.65,15.08,20.19,11.41,80.45,1
2026-03-06 06:44:05+00:00,16.592111,118.702513,8.02,133.58,15.04,20.17,14.32,99.95,1
2026-03-06 06:44:22+00:00,16.591541,118.702893,8.6,147.43,15.0,20.15,11.94,89.25,1
2026-03-06 06:45:03+00:00,16.590469,118.704152,8.51,131.62,14.97,20.11,14.13,101.07,1
2026-03-06 06:45:22+00:00,16.589876,118.704579,8.2,145.39,14.95,20.09,12.6,91.82,1
2026-03-06 06:45:38+00:00,16.589437,118.705057,8.57,133.78,14.93,20.07,13.76,101.16,1
2026-03-06 06:46:17+00:00,16.58825,118.706107,8.62,139.71,14.92,20.02,12.6,97.14,1
2026-03-06 06:46:27+00:00,16.588018,118.706465,8.95,124.07,14.91,20.01,15.26,110.02,1
2026-03-06 06:46:53+00:00,16.587246,118.707115,8.25,141.1,14.9,19.98,12.95,91.93,1
2026-03-06 06:47:31+00:00,16.586277,118.708286,8.43,130.81,14.87,19.94,14.66,106.05,1
2026-03-06 06:48:16+00:00,16.584932,118.709297,7.96,144.23,14.83,19.89,12.29,89.19,1
2026-03-06 06:48:47+00:00,16.583969,118.709865,7.71,150.52,14.78,19.86,11.77,83.19,1
2026-03-06 06:49:11+00:00,16.583317,118.710598,8.63,132.86,14.72,19.83,13.44,102.48,1
2026-03-06 06:49:50+00:00,16.582198,118.711502,7.84,142.25,14.66,19.79,12.23,88.2,1
2026-03-06 06:50:01+00:00,16.581936,118.711817,7.85,130.95,14.59,19.77,13.76,99.59,1
2026-03-06 06:50:18+00:00,16.581414,118.71214,7.72,149.33,14.52,19.76,11.26,82.4,1
2026-03-06 06:50:42+00:00,16.58086,118.712863,7.99,128.64,14.45,19.73,14.09,102.34,1
2026-03-06 06:51:00+00:00,16.580346,118.713279,7.81,142.2,14.39,19.71,12.35,88.17,1
2026-03-06 06:51:22+00:00,16.579918,118.713967,7.72,122.99,14.34,19.68,14.5,110.0,1
2026-03-06 06:51:43+00:00,16.57933,118.714514,8.11,138.28,14.29,19.66,12.65,94.66,1
2026-03-06 06:51:54+00:00,16.578984,118.714732,7.94,148.87,14.25,19.65,11.08,84.74,1
2026-03-06 06:52:22+00:00,16.578243,118.715526,8.2,134.24,14.22,19.62,12.85,100.57,1
2026-03-06 06:52:52+00:00,16.577383,118.716207,7.78,142.8,14.2,19.58,11.85,88.82,1
2026-03-06 06:53:24+00:00,16.576547,118.717116,8.16,133.82,14.19,19.55,13.1,103.08,1
2026-03-06 06:53:38+00:00,16.576113,118.717437,8.21,144.67,14.19,19.53,11.55,88.01,1
2026-03-06 06:54:44+00:00,16.574297,118.719267,8.27,136.0,14.19,19.46,12.85,99.16,1
2026-03-06 06:55:00+00:00,16.573765,118.719639,8.65,146.17,14.2,19.44,11.41,91.29,1
2026-03-06 06:55:42+00:00,16.572603,118.720817,8.34,135.82,14.21,19.39,12.76,98.87,1
2026-03-06 06:56:25+00:00,16.571446,118.72216,8.7,131.95,14.22,19.34,13.91,101.23,1
2026-03-06 06:57:07+00:00,16.570255,118.723258,8.18,138.54,14.24,19.3,12.13,97.37,1
2026-03-06 06:57:24+00:00,16.569852,118.723759,7.97,130.0,14.25,19.28,13.43,103.87,1
2026-03-06 06:57:42+00:00,16.56931,118.724237,8.52,139.79,14.26,19.26,13.19,94.57,1
2026-03-06 06:58:34+00:00,16.567909,118.725707,8.26,134.84,14.27,19.2,12.72,100.62,1
2026-03-06 06:59:34+00:00,16.566168,118.727299,8.34,138.77,14.28,19.13,12.07,96.63,1
2026-03-06 07:00:01+00:00,16.565462,118.728066,8.16,133.84,14.28,19.1,13.38,96.99,1
2026-03-06 07:00:35+00:00,16.564461,118.728983,8.47,138.71,14.29,19.06,11.87,94.73,1
2026-03-06 07:00:49+00:00,16.564026,118.729297,8.17,145.32,14.29,19.04,11.45,90.84,1
2026-03-06 07:01:21+00:00,16.563186,118.730192,8.11,134.4,14.3,19.0,13.71,99.33,1
2026-03-06 07:01:37+00:00,16.562775,118.730743,9.04,127.89,14.3,18.98,13.77,106.9,1
2026-03-06 07:02:10+00:00,16.561753,118.731549,8.39,142.91,14.31,18.94,11.28,90.19,1
2026-03-06 07:02:28+00:00,16.561223,118.731866,7.34,150.17,14.32,18.92,10.52,77.9,1
2026-03-06 07:03:28+00:00,16.55949,118.73343,8.25,139.14,14.32,18.84,12.68,93.87,1
2026-03-06 07:03:36+00:00,16.559305,118.733702,8.64,125.36,14.33,18.83,14.81,106.68,1
2026-03-06 07:03:52+00:00,16.55884,118.734117,8.27,139.45,14.32,18.81,12.21,91.0,1
2026-03-06 07:04:51+00:00,16.557033,118.735549,8.31,142.78,14.32,18.74,12.07,93.72,1
2026-03-06 07:05:06+00:00,16.556535,118.73577,7.8,156.96,14.31,18.72,10.37,75.16,1
2026-03-06 07:05:45+00:00,16.555396,118.736715,8.07,141.51,14.29,18.67,12.55,88.96,1
2026-03-06 07:06:53+00:00,16.553626,118.738655,8.16,133.59,14.27,18.58,13.03,99.61,1
2026-03-06 07:07:30+00:00,16.552615,118.739579,7.85,138.78,14.25,18.54,11.64,91.34,1
2026-03-06 07:07:56+00:00,16.551919,118.740378,8.6,132.26,14.22,18.5,13.08,101.94,1
2026-03-06 07:08:32+00:00,16.550924,118.741266,7.86,139.45,14.19,18.46,12.05,91.93,1
2026-03-06 07:08:43+00:00,16.550661,118.741585,7.93,130.7,14.16,18.44,13.27,100.21,1
2026-03-06 07:09:27+00:00,16.549438,118.742732,8.08,138.04,14.13,18.39,113.18,-121.14,3
2026-03-06 07:10:37+00:00,16.547435,118.744454,8.01,140.51,14.11,18.3,12.28,91.5,1
2026-03-06 07:10:59+00:00,16.546862,118.745037,7.86,135.72,14.08,18.27,12.96,94.65,1
2026-03-06 07:11:53+00:00,16.545348,118.746451,8.13,138.16,14.07,18.21,12.19,93.67,1
2026-03-06 07:12:51+00:00,16.543674,118.74794,8.2,139.55,14.05,18.13,12.35,96.25,1
2026-03-06 07:13:16+00:00,16.543036,118.748675,8.22,132.16,14.04,18.1,13.17,97.7,1
2026-03-06 07:14:06+00:00,16.541932,118.75022,7.99,126.7,14.03,18.03,13.76,103.2,1
2026-03-06 07:15:01+00:00,16.540453,118.751708,8.08,136.04,14.02,17.97,12.73,99.71,1
2026-03-06 07:15:06+00:00,16.540285,118.751804,8.28,151.29,14.0,17.96,10.29,83.07,1
2026-03-06 07:15:20+00:00,16.539922,118.752189,7.99,134.52,13.99,17.94,13.25,98.27,1
2026-03-06 07:15:54+00:00,16.538949,118.75289,7.52,145.37,13.98,17.9,10.71,89.19,1
2026-03-06 07:16:17+00:00,16.538318,118.753548,8.38,135.01,13.97,17.88,12.44,99.69,1
2026-03-06 07:16:57+00:00,16.537181,118.754464,7.76,142.32,13.97,17.83,11.48,87.85,1
2026-03-06 07:17:45+00:00,16.535953,118.755717,7.74,135.63,13.97,17.77,12.54,95.01,1
2026-03-06 07:18:10+00:00,16.535214,118.756365,8.35,139.95,13.97,17.74,12.23,92.09,1
2026-03-06 07:18:28+00:00,16.534739,118.756901,8.4,132.75,13.95,17.72,12.88,103.69,1
2026-03-06 07:20:18+00:00,16.531562,118.759763,8.25,139.19,13.93,17.58,11.48,95.71,1
2026-03-06 07:21:48+00:00,16.529019,118.76232,8.48,136.05,13.91,17.47,12.61,100.75,1
2026-03-06 07:23:06+00:00,16.526893,118.763994,7.38,142.95,13.9,17.38,11.55,88.87,1
2026-03-06 07:24:10+00:00,16.525208,118.76548,7.45,139.79,13.88,17.3,11.12,89.16,1
2026-03-06 07:25:00+00:00,16.523926,118.766793,7.77,135.52,13.86,17.24,12.26,93.73,1
2026-03-06 07:25:06+00:00,16.523835,118.766988,7.49,115.96,13.83,17.23,14.21,111.43,1
2026-03-06 07:26:20+00:00,16.521976,118.768984,7.79,134.17,13.78,17.14,12.17,95.36,1
2026-03-06 07:27:22+00:00,16.520126,118.770431,8.06,143.13,13.73,17.07,10.83,90.22,1
2026-03-06 07:27:56+00:00,16.519204,118.771273,7.79,138.8,13.68,17.03,11.88,95.17,1
2026-03-06 07:28:08+00:00,16.518871,118.771529,7.45,143.61,13.63,17.01,13.4,86.13,1
2026-03-06 07:28:18+00:00,16.518587,118.771625,6.45,162.04,13.6,17.0,13.17,59.24,1
2026-03-06 07:28:56+00:00,16.517604,118.772405,7.03,142.74,13.58,16.96,11.32,85.06,1
2026-03-06 07:29:14+00:00,16.517177,118.772871,7.42,133.7,13.57,16.94,11.76,97.78,1
2026-03-06 07:29:40+00:00,16.51662,118.773729,8.26,124.1,13.57,16.9,15.99,106.8,1
2026-03-06 07:30:22+00:00,16.515541,118.774994,8.35,131.66,13.57,16.85,12.36,97.8,1
2026-03-06 07:30:39+00:00,16.515219,118.775585,8.29,119.61,13.57,16.83,14.14,112.71,1
2026-03-06 07:30:57+00:00,16.514749,118.776129,8.43,132.02,13.57,16.81,12.71,104.17,1
2026-03-06 07:31:04+00:00,16.514538,118.776318,8.59,139.34,13.56,16.8,11.66,97.33,1
2026-03-06 07:31:28+00:00,16.513803,118.776747,7.59,150.77,13.57,16.77,10.33,78.04,1
2026-03-06 07:32:10+00:00,16.512587,118.77764,7.65,144.85,13.57,16.72,10.67,83.84,1
2026-03-06 07:32:42+00:00,16.511742,118.778319,7.2,142.39,13.57,16.68,11.13,87.28,1
2026-03-06 07:32:58+00:00,16.511387,118.778739,7.25,131.4,13.57,16.66,12.29,97.57,1
2026-03-06 07:34:58+00:00,16.508076,118.781814,7.99,138.32,13.56,16.52,11.61,93.91,1
2026-03-06 07:35:03+00:00,16.507995,118.781989,8.05,115.77,13.56,16.51,14.75,117.34,1
2026-03-06 07:35:17+00:00,16.507549,118.782332,8.56,143.6,13.57,16.5,10.8,90.07,1
2026-03-06 07:36:11+00:00,16.506176,118.783804,7.88,134.21,13.58,16.43,11.57,100.92,1
2026-03-06 07:36:41+00:00,16.505252,118.78434,7.62,150.92,13.59,16.4,9.97,78.91,1
2026-03-06 07:37:32+00:00,16.503766,118.785415,7.66,145.25,13.6,16.34,10.73,81.59,1
2026-03-06 07:38:05+00:00,16.502637,118.785963,8.16,155.04,13.61,16.3,9.0,76.64,1
2026-03-06 07:38:26+00:00,16.502055,118.786511,8.07,137.92,13.61,16.27,11.24,96.5,1
2026-03-06 07:38:45+00:00,16.501488,118.786925,7.87,145.0,13.61,16.25,,,0
2026-03-06 07:39:16+00:00,16.500505,118.787507,7.88,150.42,13.62,16.22,10.04,77.68,1
2026-03-06 07:39:31+00:00,16.500107,118.787829,7.26,142.2,13.62,16.2,10.98,85.79,1
2026-03-06 07:40:25+00:00,16.498652,118.789171,7.77,138.51,13.64,16.13,11.19,90.62,1
2026-03-06 07:41:05+00:00,16.497622,118.790264,7.94,134.5,13.66,16.09,11.85,97.81,1
2026-03-06 07:41:24+00:00,16.497084,118.790717,7.87,141.08,13.69,16.06,11.6,91.61,1
2026-03-06 07:41:51+00:00,16.496451,118.791512,7.93,129.71,13.7,16.03,78.71,132.06,3
2026-03-06 07:42:22+00:00,16.495748,118.792643,9.01,122.95,13.72,15.99,13.88,109.47,1
2026-03-06 07:42:59+00:00,16.494728,118.793644,8.18,136.74,13.74,15.94,12.01,97.06,1
2026-03-06 07:43:06+00:00,16.494518,118.793824,8.39,140.58,13.75,15.94,11.08,91.21,1
2026-03-06 07:43:26+00:00,16.493817,118.794099,8.09,159.39,13.75,15.91,9.15,67.99,1
2026-03-06 07:44:43+00:00,16.491636,118.795605,7.34,146.49,13.75,15.83,10.96,78.83,1
2026-03-06 07:45:22+00:00,16.490628,118.79644,7.13,141.54,13.75,15.78,11.05,86.09,1
2026-03-06 07:45:43+00:00,16.490142,118.797058,7.89,129.36,13.74,15.76,12.63,101.36,1
2026-03-06 07:46:50+00:00,16.488134,118.798674,8.18,142.34,13.73,15.68,10.23,88.55,1
2026-03-06 07:47:06+00:00,16.487662,118.798996,7.62,146.81,13.72,15.66,9.98,82.24,1
2026-03-06 07:47:26+00:00,16.487191,118.799514,7.4,133.48,13.71,15.64,11.76,97.75,1
2026-03-06 07:48:47+00:00,16.484892,118.801582,8.1,139.22,13.7,15.54,11.45,90.59,1
2026-03-06 07:49:41+00:00,16.483522,118.80299,7.7,135.42,13.68,15.48,11.79,90.29,1
2026-03-06 07:50:15+00:00,16.482502,118.803768,8.03,143.82,13.68,15.44,10.33,88.46,1
2026-03-06 07:50:50+00:00,16.481667,118.804811,8.05,129.86,13.68,15.39,12.6,100.59,1
2026-03-06 07:51:05+00:00,16.481279,118.805248,8.23,132.8,13.7,15.38,12.46,97.55,1
2026-03-06 07:52:07+00:00,16.479549,118.806773,7.9,139.79,13.73,15.3,11.47,91.94,1
2026-03-06 07:52:16+00:00,16.479417,118.807116,8.51,111.87,13.76,15.29,14.76,118.59,1
2026-03-06 07:53:30+00:00,16.477379,118.808887,7.75,140.2,13.79,15.21,11.26,84.77,1
2026-03-06 07:54:05+00:00,16.476461,118.809971,8.56,131.45,13.83,15.16,12.22,99.83,1
2026-03-06 07:54:37+00:00,16.475476,118.810731,8.28,143.5,13.86,15.13,11.14,92.9,1
2026-03-06 07:54:52+00:00,16.474973,118.811022,8.29,150.98,13.89,15.11,10.05,81.31,1
2026-03-06 07:55:54+00:00,16.473227,118.81261,8.08,138.91,13.91,15.04,11.29,92.95,1
2026-03-06 07:56:32+00:00,16.472007,118.813462,8.35,146.19,13.94,14.99,10.29,87.82,1
2026-03-06 07:56:51+00:00,16.471508,118.813968,7.92,135.8,13.96,14.97,11.87,93.69,1
2026-03-06 07:57:05+00:00,16.471098,118.814259,7.66,145.76,13.98,14.96,10.01,83.65,1
2026-03-06 07:57:22+00:00,16.470654,118.814711,7.89,135.69,13.99,14.94,12.15,94.94,1
2026-03-06 07:58:07+00:00,16.469395,118.815772,7.78,141.06,13.99,14.89,11.23,88.62,1
2026-03-06 07:58:52+00:00,16.468161,118.817008,8.22,136.15,13.99,14.83,12.28,93.87,1
2026-03-06 07:59:05+00:00,16.467798,118.817305,7.67,141.88,13.98,14.82,10.85,86.47,1
2026-03-06 07:59:17+00:00,16.467392,118.817478,7.9,157.77,13.98,14.81,8.84,67.67,1
2026-03-06 07:59:26+00:00,16.467139,118.817702,7.97,139.67,13.96,14.79,11.0,89.96,1
2026-03-06 08:00:10+00:00,16.465948,118.818961,8.33,134.61,13.95,14.74,11.88,94.19,1
2026-03-06 08:00:49+00:00,16.464764,118.819788,7.9,146.18,13.95,14.7,10.18,81.1,1
2026-03-06 08:00:58+00:00,16.464565,118.820047,7.64,128.7,13.96,14.69,13.2,98.2,1
2026-03-06 08:01:32+00:00,16.463602,118.82088,7.95,140.32,13.97,14.65,85.36,-12.56,3
2026-03-06 08:01:51+00:00,16.463076,118.821474,8.82,132.72,13.98,14.63,12.57,99.27,1
2026-03-06 08:02:30+00:00,16.461936,118.822353,7.86,143.52,14.01,14.59,10.82,84.73,1
2026-03-06 08:03:09+00:00,16.461039,118.823606,8.31,126.74,14.02,14.54,12.95,103.86,1
2026-03-06 08:03:25+00:00,16.460587,118.824033,8.24,137.82,14.04,14.52,11.7,94.48,1
2026-03-06 08:04:05+00:00,16.459399,118.825087,8.43,139.61,14.07,14.48,11.69,90.73,1
2026-03-06 08:04:32+00:00,16.458569,118.825666,7.99,146.22,14.1,14.45,10.25,85.1,1
2026-03-06 08:04:55+00:00,16.457944,118.826306,8.23,135.52,14.14,14.42,12.39,96.27,1
2026-03-06 08:05:34+00:00,16.456819,118.827279,8.1,140.33,14.18,14.38,11.23,89.9,1
2026-03-06 08:06:26+00:00,16.455242,118.828561,8.31,142.06,14.67,14.32,11.48,87.02,1
2026-03-06 08:06:48+00:00,16.454617,118.829174,8.43,136.75,15.02,14.3,12.84,92.31,1
2026-03-06 08:07:12+00:00,16.454059,118.829996,8.7,125.29,15.64,14.27,14.72,104.32,1
2026-03-06 08:07:41+00:00,16.453161,118.830603,7.98,147.05,16.22,14.24,12.29,78.1,1
2026-03-06 08:08:42+00:00,16.451446,118.83234,8.47,135.83,16.76,14.17,14.18,91.36,1
2026-03-06 08:09:27+00:00,16.450046,118.833452,8.45,142.7,17.28,14.12,13.74,80.34,1
2026-03-06 08:09:44+00:00,16.44957,118.834,9.02,132.17,17.76,14.1,133.15,6.33,3
2026-03-06 08:10:06+00:00,16.448893,118.834617,8.83,138.84,18.21,14.08,14.49,86.77,1
2026-03-06 08:10:20+00:00,16.448544,118.835056,8.44,129.66,18.64,14.06,17.0,90.09,1
2026-03-06 08:10:38+00:00,16.447972,118.835459,8.29,145.95,19.04,14.04,15.15,72.02,1
2026-03-06 08:10:53+00:00,16.447566,118.835843,7.9,137.79,19.41,14.03,16.12,79.88,1
2026-03-06 08:11:32+00:00,16.446365,118.836674,7.99,146.43,19.49,13.99,15.2,72.05,1
2026-03-06 08:12:12+00:00,16.445398,118.837934,8.36,128.67,19.19,13.94,17.53,92.93,1
2026-03-06 08:12:21+00:00,16.44511,118.838152,8.55,144.02,18.91,13.93,45.38,18.13,3
2026-03-06 08:12:38+00:00,16.444546,118.838433,7.95,154.46,18.64,13.91,12.88,58.43,1
2026-03-06 08:13:04+00:00,16.443786,118.83903,7.91,143.01,18.39,13.88,14.47,75.98,1
2026-03-06 08:13:43+00:00,16.442707,118.840036,8.02,138.2,18.16,13.84,15.06,79.72,1
2026-03-06 08:14:05+00:00,16.442034,118.840471,7.78,148.2,17.95,13.82,13.9,66.6,1
2026-03-06 08:14:33+00:00,16.441248,118.841176,8.0,139.3,17.76,13.79,15.39,78.4,1
2026-03-06 08:14:59+00:00,16.440623,118.842028,8.55,127.41,17.89,13.76,16.38,95.45,1
2026-03-06 08:15:27+00:00,16.439696,118.842738,8.88,143.7,18.34,13.73,13.93,81.06,1
2026-03-06 08:15:37+00:00,16.439438,118.843097,9.3,126.84,18.76,13.72,125.2,94.42,3
2026-03-06 08:16:05+00:00,16.438581,118.843752,8.2,143.76,19.15,13.69,15.62,74.71,1
2026-03-06 08:16:37+00:00,16.437777,118.844593,7.69,134.91,19.52,13.65,16.9,84.07,1
2026-03-06 08:17:23+00:00,16.436351,118.845699,8.35,143.35,19.87,13.61,15.61,71.01,1
2026-03-06 08:17:48+00:00,16.435624,118.846423,8.69,136.31,20.19,13.58,,,0
2026-03-06 08:18:11+00:00,16.434904,118.846977,8.41,143.57,20.5,13.55,16.61,73.07,1
2026-03-06 08:18:35+00:00,16.434228,118.847611,8.19,138.03,20.79,13.53,17.2,79.31,1
2026-03-06 08:18:43+00:00,16.434021,118.847816,7.71,136.47,21.06,13.52,18.18,77.08,1
2026-03-06 08:19:06+00:00,16.433428,118.848618,9.13,127.63,21.31,13.49,19.76,89.58,1
2026-03-06 08:19:29+00:00,16.432644,118.849156,8.82,146.65,21.55,13.47,17.15,69.62,1
2026-03-06 08:20:08+00:00,16.431495,118.850349,8.99,135.12,21.78,13.43,18.67,85.75,1
2026-03-06 08:20:56+00:00,16.429973,118.851429,8.29,145.76,21.99,13.38,17.4,69.81,1
2026-03-06 08:21:22+00:00,16.429446,118.85246,9.32,118.05,22.19,13.35,22.14,98.72,1
2026-03-06 08:21:33+00:00,16.42915,118.852805,8.72,131.81,22.38,13.33,19.4,81.67,1
2026-03-06 08:21:56+00:00,16.428402,118.853241,8.05,150.79,22.55,13.31,17.62,57.29,1
2026-03-06 08:22:10+00:00,16.428071,118.853718,8.72,125.88,22.72,13.29,20.56,92.61,1
2026-03-06 08:22:31+00:00,16.427459,118.854353,8.89,135.14,22.87,13.27,20.0,78.77,1
2026-03-06 08:22:45+00:00,16.427013,118.854665,8.29,146.14,23.02,13.26,18.33,65.74,1
2026-03-06 08:23:02+00:00,16.426574,118.85512,7.87,135.17,23.15,13.24,20.51,80.09,1
2026-03-06 08:23:38+00:00,16.425475,118.856014,8.37,142.04,22.65,13.2,18.73,68.48,1
2026-03-06 08:23:57+00:00,16.424938,118.856574,8.64,134.99,22.56,13.18,19.08,83.36,1
2026-03-06 08:24:15+00:00,16.424381,118.856927,7.83,148.7,22.09,13.16,17.82,62.33,1
2026-03-06 08:24:27+00:00,16.424075,118.857251,7.86,134.56,21.64,13.15,19.25,77.21,1
2026-03-06 08:24:52+00:00,16.423336,118.857828,7.98,143.17,21.23,13.13,17.48,70.25,1
2026-03-06 08:25:24+00:00,16.422446,118.858737,8.42,135.59,20.84,13.09,17.57,79.56,1
2026-03-06 08:25:53+00:00,16.421512,118.859473,8.73,142.92,20.47,13.06,16.23,75.26,1
2026-03-06 08:26:17+00:00,16.420822,118.860161,8.6,136.28,20.26,13.04,17.17,80.29,1
2026-03-06 08:27:03+00:00,16.419371,118.86116,8.17,146.56,20.56,12.99,15.85,64.24,1
2026-03-06 08:27:20+00:00,16.419021,118.861745,8.41,121.95,20.85,12.97,20.29,94.28,1
2026-03-06 08:27:31+00:00,16.418742,118.862041,7.82,134.5,21.12,12.96,18.33,77.13,1
2026-03-06 08:28:12+00:00,16.417386,118.862969,8.55,146.72,21.37,12.92,15.83,68.38,1
2026-03-06 08:28:43+00:00,16.416573,118.864001,8.93,129.4,21.61,12.88,19.45,85.51,1
2026-03-06 08:29:01+00:00,16.416169,118.864676,9.16,121.96,21.83,12.86,20.62,94.62,1
2026-03-06 08:29:13+00:00,16.415871,118.865047,8.36,129.94,22.04,12.85,19.67,85.48,1
2026-03-06 08:29:24+00:00,16.415528,118.8653,8.26,144.72,22.24,12.84,17.71,67.87,1
2026-03-06 08:29:39+00:00,16.415009,118.865609,8.61,150.27,22.43,12.82,17.35,62.97,1
2026-03-06 08:29:59+00:00,16.414497,118.866222,8.43,131.05,22.6,12.8,20.37,84.86,1
2026-03-06 08:30:18+00:00,16.413918,118.866752,8.77,138.71,22.76,12.78,19.08,73.69,1
2026-03-06 08:30:30+00:00,16.413652,118.867172,8.7,123.43,22.92,12.77,21.35,91.49,1
2026-03-06 08:30:39+00:00,16.413383,118.867424,8.69,138.06,23.06,12.76,19.37,69.49,1
2026-03-06 08:30:50+00:00,16.413034,118.867607,7.68,153.3,23.2,12.75,17.95,55.72,1
2026-03-06 08:31:05+00:00,16.412608,118.867534,6.22,189.33,23.33,12.74,16.88,4.04,1
2026-03-06 08:31:13+00:00,16.412378,118.867632,6.71,157.77,23.45,12.73,18.53,45.09,1
2026-03-06 08:31:42+00:00,16.411573,118.86845,8.38,135.73,23.56,12.7,20.39,77.9,1
2026-03-06 08:31:58+00:00,16.411046,118.868812,8.53,146.62,23.67,12.68,19.24,67.49,1
2026-03-06 08:32:10+00:00,16.410728,118.869187,8.65,131.48,23.77,12.67,21.39,81.38,1
2026-03-06 08:33:26+00:00,16.408959,118.871929,9.02,123.92,23.86,12.59,22.02,88.97,1
2026-03-06 08:33:50+00:00,16.408334,118.872633,8.29,132.78,23.95,12.56,21.28,80.01,1
2026-03-06 08:33:58+00:00,16.408086,118.872835,8.5,142.0,24.03,12.55,19.47,67.3,1
2026-03-06 08:34:22+00:00,16.40736,118.873235,7.4,152.14,24.11,12.53,19.3,53.61,1
2026-03-06 08:35:12+00:00,16.405897,118.87448,8.16,140.77,24.18,12.48,138.33,-116.68,3
2026-03-06 08:35:49+00:00,16.404789,118.875205,7.64,147.88,24.25,12.44,19.25,60.6,1
2026-03-06 08:36:00+00:00,16.404464,118.875524,8.77,136.72,24.32,12.43,20.77,72.46,1
2026-03-06 08:36:17+00:00,16.404091,118.876081,8.29,124.92,24.38,12.41,21.74,83.75,1
2026-03-06 08:36:31+00:00,16.403669,118.876445,8.46,140.39,23.8,12.4,19.23,72.05,1
2026-03-06 08:36:40+00:00,16.403364,118.876582,7.98,156.69,23.26,12.39,17.36,52.93,1
2026-03-06 08:37:01+00:00,16.402761,118.877085,7.95,141.33,22.73,12.37,18.8,67.02,1
2026-03-06 08:37:24+00:00,16.40207,118.87741,7.12,155.72,22.23,12.35,16.94,51.97,1
2026-03-06 08:38:08+00:00,16.400907,118.878485,7.64,138.44,21.76,12.31,17.85,76.2,1
2026-03-06 08:38:49+00:00,16.399602,118.879208,7.79,152.01,21.3,12.27,15.92,62.18,1
2026-03-06 08:39:15+00:00,16.398876,118.879818,7.75,141.13,20.88,12.24,17.23,72.42,1
2026-03-06 08:39:57+00:00,16.397842,118.881017,7.96,131.95,20.51,12.2,18.12,83.91,1
2026-03-06 08:40:42+00:00,16.396548,118.882275,8.5,137.0,20.16,12.15,16.82,75.39,1
2026-03-06 08:40:59+00:00,16.396144,118.882807,8.28,128.36,20.48,12.14,18.73,91.79,1
2026-03-06 08:41:16+00:00,16.395645,118.883242,8.27,140.09,20.77,12.12,17.1,73.45,1
2026-03-06 08:41:43+00:00,16.395014,118.884219,9.05,123.95,21.05,12.09,19.35,91.67,1
2026-03-06 08:42:00+00:00,16.39456,118.884759,8.76,131.23,21.31,12.07,18.6,84.5,1
2026-03-06 08:42:15+00:00,16.394121,118.885205,8.83,135.74,21.56,12.06,17.79,83.16,1
2026-03-06 08:42:35+00:00,16.393522,118.885657,7.99,144.1,21.79,12.04,17.44,72.21,1
2026-03-06 08:43:25+00:00,16.392319,118.887377,8.83,126.09,22.0,11.98,20.42,89.8,1
2026-03-06 08:43:40+00:00,16.391844,118.887753,8.59,142.79,22.2,11.97,18.02,72.59,1
2026-03-06 08:44:01+00:00,16.391195,118.88814,7.7,150.23,22.4,11.95,17.84,58.91,1
2026-03-06 08:44:55+00:00,16.389667,118.889674,8.49,136.08,22.58,11.9,19.05,75.28,1
2026-03-06 08:45:26+00:00,16.388749,118.890356,7.86,144.52,22.74,11.87,18.76,68.66,1
2026-03-06 08:45:51+00:00,16.388071,118.891101,8.52,133.49,22.9,11.84,19.75,78.58,1
2026-03-06 08:46:05+00:00,16.387637,118.891357,7.7,150.49,23.05,11.83,18.45,60.81,1
2026-03-06 08:46:35+00:00,16.386795,118.892104,7.97,139.6,23.19,11.8,19.35,73.77,1
2026-03-06 08:47:07+00:00,16.385931,118.893048,8.45,133.65,23.32,11.77,20.39,80.18,1
2026-03-06 08:47:51+00:00,16.384545,118.893995,8.14,146.75,23.45,11.73,19.04,66.65,1
2026-03-06 08:48:03+00:00,16.384238,118.894352,8.28,131.87,23.56,11.71,20.62,84.57,1
2026-03-06 08:48:17+00:00,16.383804,118.894709,8.54,141.72,23.67,11.7,19.39,69.4,1
2026-03-06 08:48:28+00:00,16.383423,118.894896,8.27,154.78,23.78,11.69,18.25,51.44,1
2026-03-06 08:49:00+00:00,16.382536,118.895874,8.72,133.39,23.87,11.66,20.62,75.58,1
2026-03-06 08:49:17+00:00,16.382035,118.896267,7.97,143.04,23.96,11.64,19.23,70.84,1
2026-03-06 08:49:39+00:00,16.381482,118.896982,8.66,128.87,24.05,11.62,22.15,82.83,1
2026-03-06 08:49:53+00:00,16.381059,118.897384,8.84,137.64,24.13,11.61,,,0
2026-03-06 08:50:12+00:00,16.380459,118.897783,8.1,147.46,24.21,11.59,19.29,59.68,1
2026-03-06 08:50:59+00:00,16.379146,118.898984,8.03,138.73,24.28,11.54,20.8,74.13,1
2026-03-06 08:51:13+00:00,16.378813,118.899441,8.5,127.22,24.34,11.53,21.85,83.26,1
2026-03-06 08:51:42+00:00,16.377932,118.900126,8.19,143.28,24.41,11.5,19.61,63.71,1
2026-03-06 08:52:28+00:00,16.376608,118.901381,8.41,137.72,24.47,11.46,20.72,72.5,1
2026-03-06 08:53:17+00:00,16.37511,118.90266,8.54,140.68,24.52,11.41,127.11,79.06,3
2026-03-06 08:53:35+00:00,16.374678,118.90329,8.92,125.55,24.58,11.39,22.37,88.29,1
2026-03-06 08:54:11+00:00,16.373644,118.904378,8.82,134.73,24.63,11.36,21.17,76.96,1
2026-03-06 08:54:27+00:00,16.373164,118.904778,8.3,141.36,24.67,11.34,20.27,69.45,1
2026-03-06 08:54:39+00:00,16.372759,118.904961,7.95,156.56,24.72,11.33,18.28,48.19,1
2026-03-06 08:55:17+00:00,16.371678,118.905885,7.95,140.64,24.76,11.3,22.18,66.64,1
2026-03-06 08:55:49+00:00,16.37089,118.906899,8.46,129.01,24.8,11.26,28.13,80.83,1
2026-03-06 08:56:12+00:00,16.370205,118.907469,8.24,141.4,24.83,11.24,26.83,71.81,1
2026-03-06 08:56:36+00:00,16.369593,118.908181,8.26,131.86,24.87,11.22,23.99,78.8,1
2026-03-06 08:56:59+00:00,16.368913,118.908821,8.61,137.92,24.9,11.2,20.66,68.57,1
2026-03-06 08:57:25+00:00,16.368241,118.90972,9.09,127.92,24.93,11.17,22.44,83.49,1
2026-03-06 08:57:32+00:00,16.368018,118.909926,9.2,138.45,24.96,11.16,20.66,73.6,1
2026-03-06 08:57:52+00:00,16.367343,118.910345,8.49,149.22,24.99,11.15,19.16,62.52,1
2026-03-06 08:58:17+00:00,16.366725,118.911088,8.16,130.92,25.01,11.12,22.56,80.92,1
2026-03-06 08:58:39+00:00,16.36612,118.911653,7.98,138.14,25.04,11.1,21.02,68.6,1
2026-03-06 08:59:00+00:00,16.365577,118.912275,8.3,132.3,25.06,11.08,21.38,82.51,1
2026-03-06 08:59:27+00:00,16.364752,118.912974,8.51,140.89,25.08,11.06,21.09,68.52,1
2026-03-06 08:59:58+00:00,16.363968,118.913984,8.69,128.97,25.1,11.02,22.23,84.6,1
2026-03-06 09:00:16+00:00,16.363591,118.914641,8.82,120.88,25.12,10.99,23.44,88.36,1
2026-03-06 09:00:43+00:00,16.362915,118.915512,8.6,128.97,25.14,10.94,21.89,76.98,1
2026-03-06 09:01:12+00:00,16.362098,118.91637,8.64,134.78,25.15,10.89,22.08,72.73,1
2026-03-06 09:01:25+00:00,16.361658,118.916701,9.02,144.18,25.17,10.86,19.7,59.26,1
2026-03-06 09:01:43+00:00,16.36122,118.917312,8.79,126.76,25.18,10.83,22.77,88.61,1
2026-03-06 09:02:15+00:00,16.360302,118.91822,8.55,136.5,25.2,10.77,21.64,73.65,1
2026-03-06 09:02:54+00:00,16.359333,118.919396,8.24,130.65,25.21,10.69,22.4,76.89,1
2026-03-06 09:03:08+00:00,16.358844,118.919863,10.24,137.5,25.22,10.67,20.75,77.31,1
2026-03-06 09:03:39+00:00,16.357882,118.920599,8.32,143.72,25.23,10.61,22.13,64.53,1
2026-03-06 09:03:56+00:00,16.357434,118.921095,8.31,133.27,25.24,10.58,25.29,77.17,1
2026-03-06 09:04:14+00:00,16.356871,118.921442,7.85,149.4,25.25,10.54,24.94,58.52,1
2026-03-06 09:04:43+00:00,16.356244,118.922386,8.21,124.69,24.63,10.49,24.67,84.62,1
2026-03-06 09:04:55+00:00,16.355918,118.92264,7.33,143.22,24.04,10.47,21.19,61.26,1
2026-03-06 09:05:36+00:00,16.354899,118.92375,7.77,133.73,23.49,10.39,20.49,76.98,1
2026-03-06 09:06:02+00:00,16.354083,118.924416,8.62,141.93,22.97,10.34,18.7,70.5,1
2026-03-06 09:06:28+00:00,16.35328,118.925015,8.21,144.41,22.91,10.29,17.81,65.01,1
2026-03-06 09:07:15+00:00,16.351961,118.926264,8.2,137.74,22.53,10.2,19.36,77.16,1
2026-03-06 09:08:02+00:00,16.350656,118.927669,8.63,134.07,22.7,10.11,19.49,76.99,1
2026-03-06 09:08:24+00:00,16.350177,118.928396,8.31,124.47,22.87,10.07,20.85,85.09,1
2026-03-06 09:08:50+00:00,16.349462,118.929204,8.77,132.68,23.02,10.02,20.05,80.16,1
2026-03-06 09:09:22+00:00,16.348537,118.929994,8.08,140.66,23.16,9.96,19.62,66.84,1
2026-03-06 09:10:25+00:00,16.346841,118.931876,8.5,133.2,23.3,9.84,19.5,78.5,1
2026-03-06 09:11:11+00:00,16.345548,118.9329,7.63,142.77,23.43,9.76,18.99,62.35,1
2026-03-06 09:11:24+00:00,16.345198,118.933301,8.65,132.29,23.54,9.73,19.53,77.74,1
2026-03-06 09:12:09+00:00,16.343905,118.934476,8.24,138.91,23.66,9.65,19.57,73.6,1
2026-03-06 09:13:05+00:00,16.342568,118.936322,8.57,127.04,23.76,9.54,21.32,82.67,1
2026-03-06 09:13:26+00:00,16.341856,118.93679,8.66,147.76,23.86,9.5,18.31,58.49,1
2026-03-06 09:14:07+00:00,16.340608,118.937934,8.76,138.66,23.95,9.42,19.42,73.33,1
2026-03-06 09:14:21+00:00,16.340317,118.938437,8.7,121.08,24.04,9.39,21.72,87.42,1
2026-03-06 09:14:37+00:00,16.339881,118.938959,8.97,131.04,24.12,9.36,20.97,78.41,1
2026-03-06 09:15:12+00:00,16.33887,118.939818,8.06,140.81,24.2,9.29,20.24,67.37,1
2026-03-06 09:15:28+00:00,16.338513,118.940293,7.82,128.07,24.27,9.26,21.44,81.55,1
2026-03-06 09:16:16+00:00,16.337124,118.941601,8.43,137.9,24.34,9.17,20.3,72.75,1
2026-03-06 09:16:39+00:00,16.336593,118.942411,8.85,124.34,24.4,9.12,21.66,84.49,1
2026-03-06 09:16:52+00:00,16.336226,118.942839,9.16,131.78,24.46,9.1,21.12,80.06,1
2026-03-06 09:17:09+00:00,16.335652,118.943315,9.33,141.49,24.52,9.07,19.37,67.34,1
2026-03-06 09:17:21+00:00,16.335312,118.94369,8.92,133.37,24.57,9.04,20.65,75.1,1
2026-03-06 09:17:43+00:00,16.334608,118.944227,8.57,143.8,24.62,9.0,19.32,65.74,1
2026-03-06 09:17:55+00:00,16.334277,118.944616,8.99,131.56,24.67,8.98,21.11,77.22,1
2026-03-06 09:18:22+00:00,16.333423,118.945357,8.9,140.22,24.71,8.93,20.1,68.8,1
2026-03-06 09:18:37+00:00,16.333018,118.945795,8.41,133.94,24.75,8.9,20.68,74.34,1
2026-03-06 09:18:54+00:00,16.332499,118.946182,8.11,144.41,24.79,8.86,19.71,58.96,1
2026-03-06 09:19:24+00:00,16.331712,118.947063,8.32,132.95,24.83,8.81,21.29,76.66,1
2026-03-06 09:19:36+00:00,16.331446,118.947474,8.57,124.0,24.86,8.78,22.25,85.99,1
2026-03-06 09:19:47+00:00,16.331083,118.947652,7.88,154.8,24.89,8.76,19.41,43.48,1
2026-03-06 09:20:21+00:00,16.330079,118.948509,8.25,140.68,24.92,8.7,20.09,66.12,1
2026-03-06 09:20:42+00:00,16.329443,118.94892,7.7,148.19,24.95,8.66,19.53,53.59,1
2026-03-06 09:21:05+00:00,16.328881,118.949714,8.9,126.41,24.97,8.61,21.97,85.1,1
2026-03-06 09:21:30+00:00,16.328109,118.950383,8.68,140.25,25.0,8.56,20.83,64.05,1
2026-03-06 09:22:04+00:00,16.327285,118.951468,8.44,128.36,25.02,8.5,22.23,78.8,1
2026-03-06 09:22:37+00:00,16.326367,118.952402,8.4,135.68,25.04,8.43,20.77,72.0,1
2026-03-06 09:23:09+00:00,16.325428,118.953058,7.64,146.16,25.06,8.37,20.41,57.13,1
2026-03-06 09:24:38+00:00,16.322923,118.955518,8.36,136.7,25.08,8.2,20.99,71.24,1
2026-03-06 09:24:47+00:00,16.322707,118.955868,9.59,122.74,25.1,8.18,22.92,84.85,1
2026-03-06 09:25:26+00:00,16.321628,118.957007,8.51,134.63,25.12,8.1,21.08,75.62,1
2026-03-06 09:25:39+00:00,16.321222,118.957315,8.35,143.94,25.13,8.08,19.78,62.08,1
2026-03-06 09:26:16+00:00,16.320248,118.958317,8.0,135.37,25.15,8.01,21.37,72.75,1
2026-03-06 09:26:51+00:00,16.319357,118.959438,8.63,129.63,25.16,7.94,21.73,79.64,1
2026-03-06 09:27:13+00:00,16.318708,118.960085,8.82,136.27,25.17,7.89,21.42,70.96,1
2026-03-06 09:27:37+00:00,16.31795,118.960644,8.36,144.71,25.19,7.85,19.54,57.25,1
2026-03-06 09:28:13+00:00,16.316972,118.961705,8.48,133.84,25.2,7.78,21.8,71.54,1
2026-03-06 09:28:34+00:00,16.316428,118.96241,8.94,128.8,25.21,7.73,21.94,82.5,1
2026-03-06 09:29:23+00:00,16.314968,118.963751,8.59,138.6,25.22,7.64,20.72,70.12,1
2026-03-06 09:29:36+00:00,16.314673,118.964183,8.46,125.43,25.23,7.61,22.81,80.31,1
2026-03-06 09:29:56+00:00,16.314118,118.964765,8.51,134.82,25.24,7.57,21.01,65.76,1
2026-03-06 09:30:44+00:00,16.312671,118.965872,8.08,143.71,25.24,7.48,20.46,59.41,1
2026-03-06 09:31:06+00:00,16.312181,118.966713,9.28,121.26,25.25,7.43,22.31,87.13,1
2026-03-06 09:31:20+00:00,16.31181,118.967173,8.9,130.04,25.26,7.41,21.57,76.99,1
2026-03-06 09:31:30+00:00,16.311479,118.967425,8.86,143.84,25.27,7.39,19.53,62.55,1
2026-03-06 09:31:51+00:00,16.310907,118.968075,8.71,132.52,25.27,7.35,21.09,75.95,1
2026-03-06 09:32:10+00:00,16.310327,118.968603,8.76,138.86,25.28,7.31,20.48,69.05,1
2026-03-06 09:32:39+00:00,16.309586,118.969523,8.59,130.0,25.28,7.25,21.98,77.44,1
2026-03-06 09:32:51+00:00,16.309212,118.969813,8.4,143.34,25.29,7.23,20.31,57.12,1
2026-03-06 09:33:21+00:00,16.30839,118.970672,8.39,134.92,25.29,7.17,21.29,69.78,1
2026-03-06 09:33:48+00:00,16.307664,118.971366,7.89,137.46,25.3,7.11,20.87,70.84,1
2026-03-06 09:34:18+00:00,16.306751,118.972114,8.37,141.82,25.3,7.06,20.41,63.0,1
2026-03-06 09:34:37+00:00,16.306285,118.972636,7.78,132.93,25.31,7.02,21.72,71.73,1
2026-03-06 09:34:54+00:00,16.3058,118.973051,7.98,140.61,25.31,6.98,20.91,63.36,1
2026-03-06 09:35:24+00:00,16.305092,118.974105,8.9,124.99,25.31,6.92,22.77,83.15,1
2026-03-06 09:35:44+00:00,16.304502,118.974643,8.47,138.81,25.32,6.88,20.65,61.09,1
2026-03-06 09:36:13+00:00,16.303708,118.975454,8.29,135.57,25.32,6.83,20.88,68.58,1
2026-03-06 09:36:28+00:00,16.303339,118.975904,8.19,130.51,25.32,6.8,21.67,74.36,1
2026-03-06 09:36:41+00:00,16.302908,118.976236,8.91,143.52,25.32,6.77,19.63,63.77,1
2026-03-06 09:37:10+00:00,16.302143,118.977048,8.14,134.47,25.33,6.71,21.24,69.9,1
2026-03-06 09:37:25+00:00,16.301785,118.97752,8.32,128.32,25.33,6.68,22.21,73.74,1
2026-03-06 09:38:11+00:00,16.300423,118.978614,8.08,142.37,25.33,6.59,20.55,61.17,1
2026-03-06 09:38:32+00:00,16.299839,118.979208,8.4,135.69,25.33,6.55,21.05,67.27,1
2026-03-06 09:38:46+00:00,16.299399,118.979543,8.41,143.84,25.34,6.52,19.99,56.84,1
2026-03-06 09:39:21+00:00,16.298382,118.98054,8.62,136.74,25.34,6.45,20.87,66.46,1
2026-03-06 09:39:38+00:00,16.29802,118.981112,8.36,123.4,25.34,6.42,22.64,83.18,1
2026-03-06 09:39:55+00:00,16.297514,118.981599,8.76,137.27,25.34,6.39,20.42,70.3,1
2026-03-06 09:40:18+00:00,16.296848,118.98203,7.37,148.15,25.34,6.34,19.55,52.27,1
2026-03-06 09:40:50+00:00,16.295978,118.982888,8.09,136.57,25.34,6.28,20.83,68.03,1
2026-03-06 09:41:07+00:00,16.295464,118.983221,7.7,148.13,25.34,6.25,20.01,52.9,1
2026-03-06 09:41:50+00:00,16.294294,118.984552,8.71,132.48,25.35,6.16,21.16,73.04,1
2026-03-06 09:42:39+00:00,16.292919,118.985882,8.28,137.13,25.35,6.06,20.79,67.73,1
2026-03-06 09:43:08+00:00,16.292178,118.986843,8.82,128.78,25.35,6.0,22.01,72.21,1
2026-03-06 09:43:38+00:00,16.291326,118.987786,8.96,133.27,25.35,5.94,21.31,72.57,1
2026-03-06 09:44:07+00:00,16.290492,118.988621,8.62,136.14,25.35,5.88,20.52,66.05,1
2026-03-06 09:44:29+00:00,16.28986,118.989187,8.19,139.32,25.35,5.84,20.89,65.62,1
2026-03-06 09:44:47+00:00,16.289418,118.989682,7.79,132.93,25.35,5.8,21.9,69.33,1
2026-03-06 09:45:04+00:00,16.289007,118.990308,9.26,124.37,25.35,5.77,22.1,82.69,1
2026-03-06 09:45:21+00:00,16.288462,118.990652,8.1,148.79,25.35,5.74,19.25,48.4,1
2026-03-06 09:45:56+00:00,16.287495,118.991563,8.05,137.88,25.35,5.67,21.17,66.47,1
2026-03-06 09:46:35+00:00,16.286542,118.992844,8.62,127.78,25.35,5.59,21.96,78.43,1
2026-03-06 09:47:05+00:00,16.28566,118.993577,8.13,141.42,25.35,5.53,19.65,61.39,1
2026-03-06 09:47:39+00:00,16.284816,118.994804,9.21,125.63,25.35,5.46,21.78,79.23,1
2026-03-06 09:47:56+00:00,16.284223,118.995133,8.54,151.96,25.35,5.42,18.75,46.4,1
2026-03-06 09:48:13+00:00,16.283753,118.995601,8.27,136.29,25.35,5.39,20.55,66.94,1
2026-03-06 09:48:37+00:00,16.282987,118.996109,8.18,147.52,25.35,5.34,19.42,51.3,1
2026-03-06 09:49:35+00:00,16.281359,118.997698,8.31,136.87,25.35,5.23,20.79,66.63,1
2026-03-06 09:50:21+00:00,16.280035,118.998867,8.16,139.72,25.35,5.13,20.91,57.58,1
2026-03-06 09:50:34+00:00,16.279656,118.999129,7.56,146.43,25.35,5.11,19.93,51.36,1
2026-03-06 09:51:29+00:00,16.27824,119.000744,8.25,132.41,25.35,5.0,21.69,74.04,1
2026-03-06 09:52:06+00:00,16.277157,119.001675,8.2,140.47,25.35,4.93,20.76,61.75,1
2026-03-06 09:52:22+00:00,16.276636,119.002028,8.4,146.96,25.35,4.9,19.86,53.67,1
2026-03-06 09:52:51+00:00,16.275649,119.002504,8.11,155.16,25.36,4.84,18.83,46.02,1
2026-03-06 09:53:14+00:00,16.275025,119.003094,7.92,137.77,25.36,4.8,20.19,58.54,1
2026-03-06 09:53:31+00:00,16.274492,119.003486,8.3,144.78,25.36,4.76,19.87,54.03,1
2026-03-06 09:53:46+00:00,16.274134,119.003935,8.07,129.71,25.36,4.73,22.07,71.92,1
2026-03-06 09:53:54+00:00,16.274008,119.004213,7.97,115.27,25.36,4.72,23.73,89.47,1
2026-03-06 09:54:09+00:00,16.27356,119.004664,8.98,135.98,25.36,4.69,21.09,69.6,1
2026-03-06 09:54:39+00:00,16.272765,119.005702,9.18,128.58,25.36,4.63,21.87,74.95,1
2026-03-06 09:54:59+00:00,16.272153,119.006206,8.43,141.67,25.36,4.59,20.19,61.57,1
2026-03-06 09:55:36+00:00,16.271145,119.007351,8.71,132.52,25.36,4.51,21.46,70.14,1
2026-03-06 09:55:49+00:00,16.270825,119.007844,9.5,124.07,25.36,4.49,22.36,84.63,1
2026-03-06 09:56:18+00:00,16.26989,119.00868,9.18,139.36,25.36,4.43,19.21,62.02,1
2026-03-06 09:57:12+00:00,16.268444,119.01033,8.58,132.39,25.36,4.32,21.02,70.3,1
2026-03-06 09:57:54+00:00,16.267239,119.011446,8.3,138.36,25.36,4.24,20.83,61.82,1
2026-03-06 09:58:04+00:00,16.267,119.011795,8.9,125.5,25.36,4.22,21.85,80.96,1
2026-03-06 09:58:45+00:00,16.265793,119.013091,9.14,134.13,25.36,4.14,20.64,68.73,1
2026-03-06 09:58:55+00:00,16.26556,119.013466,9.27,122.91,25.36,4.12,22.1,82.37,1
2026-03-06 09:59:33+00:00,16.264597,119.014669,8.55,129.82,25.36,4.05,22.04,74.06,1
2026-03-06 09:59:49+00:00,16.264065,119.015124,9.3,140.61,25.36,4.02,20.17,63.45,1
2026-03-06 10:00:05+00:00,16.263507,119.0154,8.34,154.6,25.36,4.0,18.28,43.93,1
2026-03-06 10:00:37+00:00,16.262585,119.016379,8.89,134.45,25.36,4.0,20.77,69.03,1
2026-03-06 10:01:01+00:00,16.261897,119.016968,8.02,140.58,25.36,4.01,20.09,58.35,1
2026-03-06 10:01:35+00:00,16.260947,119.018061,9.0,132.16,25.36,4.02,21.21,70.83,1
2026-03-06 10:02:06+00:00,16.259935,119.018711,8.29,148.34,25.36,4.02,19.4,50.29,1
2026-03-06 10:02:53+00:00,16.258448,119.019846,8.48,143.77,25.36,4.04,19.91,56.94,1
2026-03-06 10:03:05+00:00,16.258036,119.020094,8.57,149.98,25.36,4.04,18.98,48.5,1
2026-03-06 10:03:30+00:00,16.257348,119.020893,8.91,131.89,25.36,4.04,21.98,71.66,1
2026-03-06 10:03:45+00:00,16.256846,119.021223,8.55,147.74,25.36,4.05,18.84,48.6,1
2026-03-06 10:04:22+00:00,16.255773,119.022157,8.17,140.12,25.37,4.06,19.78,61.5,1
2026-03-06 10:04:53+00:00,16.255034,119.023206,8.71,126.27,25.37,4.06,21.88,77.73,1
2026-03-06 10:05:29+00:00,16.253955,119.02404,8.07,143.42,25.37,4.07,19.48,57.92,1
2026-03-06 10:06:09+00:00,16.25289,119.025292,8.68,131.54,25.37,4.08,20.79,71.46,1
2026-03-06 10:07:11+00:00,16.251075,119.026911,8.33,139.42,25.37,4.1,20.01,57.95,1
2026-03-06 10:07:58+00:00,16.249806,119.028462,9.0,130.44,25.37,4.11,21.04,72.83,1
2026-03-06 10:09:00+00:00,16.248021,119.030318,8.79,135.05,25.38,4.12,20.42,67.38,1
2026-03-06 10:09:37+00:00,16.246977,119.031511,9.05,132.35,25.38,4.13,21.17,73.04,1
2026-03-06 10:10:38+00:00,16.245195,119.033255,8.66,136.78,25.38,4.14,20.38,61.3,1
2026-03-06 10:10:58+00:00,16.244604,119.0337,7.88,144.14,25.39,4.15,19.95,54.77,1
2026-03-06 10:11:20+00:00,16.243981,119.034293,8.29,137.58,25.39,4.15,20.86,64.61,1
2026-03-06 10:12:16+00:00,16.242467,119.035963,8.51,133.36,25.39,4.16,20.84,67.73,1
2026-03-06 10:12:48+00:00,16.241543,119.036769,8.14,140.05,25.4,4.17,20.28,60.43,1
2026-03-06 10:14:34+00:00,16.238273,119.03925,8.25,143.93,25.4,4.2,19.94,54.61,1
2026-03-06 10:15:19+00:00,16.236937,119.040459,8.5,139.01,25.4,4.21,19.74,60.99,1
2026-03-06 10:15:35+00:00,16.236466,119.04079,7.68,145.99,25.41,4.21,19.23,51.18,1
2026-03-06 10:16:18+00:00,16.23521,119.041994,8.58,137.37,25.41,4.22,20.62,63.19,1
2026-03-06 10:16:48+00:00,16.234356,119.042986,9.22,131.88,25.41,4.23,21.23,73.96,1
2026-03-06 10:17:04+00:00,16.233861,119.043386,8.46,142.19,25.42,4.23,20.57,57.07,1
2026-03-06 10:18:16+00:00,16.231825,119.045617,8.87,133.55,25.42,4.25,21.01,68.02,1
2026-03-06 10:19:10+00:00,16.230198,119.046908,8.19,142.7,25.42,4.26,20.29,60.81,1
2026-03-06 10:19:34+00:00,16.229572,119.047656,8.58,131.08,25.43,4.26,21.36,73.81,1
2026-03-06 10:20:02+00:00,16.228703,119.048436,8.86,139.24,25.43,4.27,20.26,59.39,1
2026-03-06 10:20:37+00:00,16.227744,119.049532,8.79,132.34,25.44,4.28,21.68,69.48,1
2026-03-06 10:21:54+00:00,16.225251,119.051265,8.41,146.28,25.44,4.29,18.88,53.9,1
2026-03-06 10:22:15+00:00,16.224659,119.051876,8.58,135.26,25.44,4.3,20.98,67.78,1
2026-03-06 10:22:33+00:00,16.224246,119.052502,8.76,124.49,25.45,4.3,23.0,76.61,1
2026-03-06 10:22:51+00:00,16.22367,119.052845,7.97,150.24,25.45,4.31,19.46,49.7,1
2026-03-06 10:23:28+00:00,16.222562,119.053772,8.3,141.22,25.46,4.31,20.7,61.04,1
2026-03-06 10:23:47+00:00,16.222057,119.054393,8.89,130.26,25.46,4.32,21.29,74.59,1
2026-03-06 10:24:11+00:00,16.221347,119.055028,8.43,139.35,25.46,4.32,20.38,64.68,1
2026-03-06 10:24:28+00:00,16.220901,119.055553,8.56,131.5,25.47,4.33,21.42,72.3,1
2026-03-06 10:25:03+00:00,16.219821,119.05645,8.53,141.43,25.47,4.33,19.41,60.61,1
2026-03-06 10:25:51+00:00,16.218539,119.057851,8.37,133.62,25.47,4.34,20.84,71.64,1
2026-03-06 10:26:13+00:00,16.217846,119.058446,8.82,140.5,25.48,4.35,19.74,63.79,1
2026-03-06 10:26:43+00:00,16.216787,119.059209,9.28,145.32,25.48,4.35,19.43,55.08,1
2026-03-06 10:27:03+00:00,16.216279,119.059874,8.82,128.5,25.49,4.36,22.06,76.68,1
2026-03-06 10:27:36+00:00,16.215212,119.060632,8.46,145.7,25.49,4.36,19.71,52.97,1
2026-03-06 10:28:05+00:00,16.214401,119.061572,9.04,131.94,25.49,4.37,21.47,73.18,1
2026-03-06 10:29:06+00:00,16.212534,119.0632,8.63,140.06,25.5,4.38,20.19,62.6,1
2026-03-06 10:29:45+00:00,16.211405,119.06446,9.17,133.02,25.5,4.39,21.39,68.52,1
2026-03-06 10:30:35+00:00,16.209869,119.065929,9.02,137.44,25.5,4.4,20.44,65.52,1
2026-03-06 10:30:47+00:00,16.209542,119.066336,9.18,129.92,25.51,4.4,21.53,75.33,1
2026-03-06 10:31:39+00:00,16.208028,119.067646,8.18,140.28,25.51,4.41,20.37,59.44,1
2026-03-06 10:31:58+00:00,16.207535,119.068325,9.3,127.09,25.52,4.41,22.14,78.85,1
2026-03-06 10:32:52+00:00,16.206049,119.070092,9.03,131.21,25.52,4.42,21.25,74.6,1
2026-03-06 10:33:46+00:00,16.204463,119.071565,8.51,138.27,25.52,4.43,20.86,63.45,1
2026-03-06 10:34:12+00:00,16.203729,119.072334,8.66,134.83,25.53,4.44,20.64,68.37,1
2026-03-06 10:35:09+00:00,16.202008,119.073937,8.76,138.19,25.53,4.45,20.15,67.02,1
2026-03-06 10:35:25+00:00,16.201619,119.074488,8.87,126.32,25.54,4.45,22.38,78.94,1
2026-03-06 10:35:49+00:00,16.200924,119.075177,8.64,136.41,25.54,4.45,20.75,66.46,1
2026-03-06 10:35:59+00:00,16.200709,119.075533,8.73,122.17,25.54,4.46,22.7,80.16,1
2026-03-06 10:36:27+00:00,16.199923,119.076511,9.45,129.93,25.55,4.46,21.76,76.87,1
2026-03-06 10:37:03+00:00,16.198711,119.07721,8.32,151.02,25.55,4.47,18.98,47.95,1
2026-03-06 10:37:44+00:00,16.197529,119.078356,8.51,137.04,25.55,4.48,20.7,67.57,1
2026-03-06 10:38:00+00:00,16.197067,119.078909,9.51,131.02,25.56,4.48,21.73,74.55,1
2026-03-06 10:38:39+00:00,16.19581,119.079905,8.75,142.73,25.56,4.48,20.37,55.15,1
2026-03-06 10:39:06+00:00,16.195012,119.080745,9.08,134.69,25.57,4.49,21.36,65.8,1
2026-03-06 10:39:40+00:00,16.194109,119.081867,8.94,129.97,25.57,4.49,21.56,75.65,1
2026-03-06 10:40:05+00:00,16.193353,119.082628,9.09,135.97,25.57,4.5,21.07,66.59,1
2026-03-06 10:40:32+00:00,16.192509,119.083321,8.6,141.74,25.58,4.5,19.84,60.51,1
2026-03-06 10:40:56+00:00,16.191754,119.083838,8.14,146.67,25.58,4.51,19.52,52.67,1
2026-03-06 10:41:20+00:00,16.19105,119.084541,8.78,136.2,25.58,4.51,20.1,66.36,1
2026-03-06 10:41:42+00:00,16.190362,119.085111,8.64,141.49,25.59,4.52,20.66,59.83,1
2026-03-06 10:41:58+00:00,16.18985,119.085482,8.43,145.17,25.59,4.52,19.55,53.27,1
2026-03-06 10:42:43+00:00,16.188509,119.08697,9.41,133.18,25.59,4.53,21.0,71.76,1
2026-03-06 10:43:08+00:00,16.187645,119.087597,9.11,145.13,25.6,4.53,19.17,55.53,1
2026-03-06 10:43:31+00:00,16.187013,119.088395,9.34,129.51,25.6,4.53,,,0
2026-03-06 10:44:21+00:00,16.185407,119.089952,9.49,137.04,25.61,4.54,,,0
2026-03-06 10:44:52+00:00,16.18453,119.090976,9.19,131.73,25.61,4.55,,,0
2026-03-06 10:45:16+00:00,16.183776,119.091683,9.14,138.0,25.61,4.55,,,0
2026-03-06 10:45:37+00:00,16.183074,119.092157,8.61,147.04,25.62,4.55,,,0
2026-03-06 10:46:16+00:00,16.18202,119.09345,9.03,130.32,25.62,4.56,,,0
2026-03-06 10:46:37+00:00,16.181319,119.094008,9.08,142.6,25.62,4.56,,,0
2026-03-06 10:47:12+00:00,16.180356,119.095208,9.27,129.88,25.63,4.57,21.2,76.87,1
2026-03-06 10:47:40+00:00,16.179511,119.096103,9.3,134.51,25.63,4.57,20.96,71.08,1
2026-03-06 10:48:02+00:00,16.178829,119.096682,8.65,140.81,25.63,4.58,19.7,61.56,1
2026-03-06 10:48:15+00:00,16.178329,119.09701,9.83,147.79,25.64,4.58,18.27,56.84,1
2026-03-06 10:48:47+00:00,16.177414,119.098075,9.27,131.81,25.64,4.58,21.35,73.17,1
2026-03-06 10:49:16+00:00,16.176473,119.098829,8.85,142.42,25.64,4.59,19.82,61.43,1
2026-03-06 10:50:02+00:00,16.175116,119.100276,9.13,134.32,25.65,4.59,21.62,71.01,1
2026-03-06 10:50:18+00:00,16.174572,119.10065,8.81,146.56,25.65,4.6,20.03,53.48,1
2026-03-06 10:50:45+00:00,16.173781,119.101417,8.65,137.04,25.65,4.6,20.56,67.22,1
2026-03-06 10:51:14+00:00,16.172843,119.102199,8.96,141.32,25.66,4.61,20.27,61.26,1
2026-03-06 10:51:48+00:00,16.171921,119.103356,9.18,129.68,25.66,4.61,21.95,74.94,1
2026-03-06 10:52:05+00:00,16.17142,119.103819,8.52,138.41,25.66,4.61,20.52,62.53,1
2026-03-06 10:52:31+00:00,16.170592,119.104397,8.29,146.16,25.67,4.62,19.41,53.83,1
2026-03-06 10:52:45+00:00,16.170162,119.104832,9.26,135.83,25.67,4.62,20.77,70.37,1
2026-03-06 10:53:05+00:00,16.169623,119.105556,9.51,127.78,25.67,4.62,21.91,79.87,1
2026-03-06 10:53:28+00:00,16.168838,119.10606,8.67,148.34,25.68,4.63,19.25,52.34,1
2026-03-06 10:53:54+00:00,16.168117,119.106901,9.0,131.75,25.68,4.63,21.61,73.59,1
2026-03-06 10:54:10+00:00,16.167633,119.107336,8.64,139.2,25.68,4.63,20.34,65.39,1
2026-03-06 10:54:31+00:00,16.166909,119.10783,8.91,146.76,25.69,4.64,19.09,53.92,1
2026-03-06 10:55:00+00:00,16.166114,119.108732,8.76,132.54,25.69,4.64,21.48,68.68,1
2026-03-06 10:55:32+00:00,16.165087,119.109474,8.44,145.24,25.69,4.65,20.02,57.63,1
2026-03-06 10:56:10+00:00,16.164071,119.110672,8.73,131.44,25.69,4.65,21.27,71.01,1
2026-03-06 10:56:45+00:00,16.162953,119.111599,8.83,141.47,25.7,4.66,20.47,59.22,1
2026-03-06 10:57:02+00:00,16.162482,119.112122,8.76,133.16,25.7,4.66,20.85,66.6,1
2026-03-06 10:57:29+00:00,16.161593,119.112873,9.16,140.94,25.7,4.66,19.93,63.23,1
2026-03-06 10:57:50+00:00,16.161067,119.113626,9.2,126.03,25.71,4.67,22.27,75.99,1
2026-03-06 10:58:11+00:00,16.160429,119.114249,9.0,136.84,25.71,4.67,20.58,65.08,1
2026-03-06 10:58:30+00:00,16.159851,119.114658,7.95,145.8,25.71,4.67,108.89,154.43,3
2026-03-06 10:59:03+00:00,16.158785,119.11564,9.32,138.5,25.72,4.68,20.96,66.87,1
2026-03-06 10:59:27+00:00,16.157995,119.116111,8.2,150.2,25.72,4.68,19.27,46.93,1
2026-03-06 10:59:37+00:00,16.157654,119.116244,7.87,159.46,25.72,4.68,19.63,35.17,1
2026-03-06 11:00:02+00:00,16.156838,119.116784,8.36,147.56,25.73,4.69,19.85,50.21,1
2026-03-06 11:00:44+00:00,16.155607,119.118064,8.95,135.04,25.73,4.72,21.1,67.49,1
2026-03-06 11:01:21+00:00,16.154403,119.119095,9.11,140.56,25.73,4.74,20.36,63.0,1
2026-03-06 11:01:28+00:00,16.154159,119.119243,8.72,149.77,25.73,4.74,20.01,49.01,1
2026-03-06 11:01:52+00:00,16.15327,119.119515,8.34,163.62,25.74,4.76,17.91,30.16,1
2026-03-06 11:02:10+00:00,16.152719,119.120057,9.1,136.62,25.74,4.77,20.47,64.24,1
2026-03-06 11:02:39+00:00,16.151752,119.120391,7.59,161.65,25.74,4.79,19.32,34.45,1
2026-03-06 11:02:56+00:00,16.151114,119.120723,9.07,153.44,25.74,4.8,20.45,47.07,1
2026-03-06 11:03:27+00:00,16.150113,119.121622,9.22,139.22,25.75,4.82,22.33,66.03,1
2026-03-06 11:03:47+00:00,16.149559,119.122363,9.75,127.9,25.75,4.83,22.95,81.31,1
2026-03-06 11:04:03+00:00,16.149073,119.122845,9.07,136.39,25.75,4.84,21.38,65.78,1
2026-03-06 11:04:45+00:00,16.147644,119.123698,8.48,150.17,25.75,4.87,19.44,48.39,1
2026-03-06 11:05:11+00:00,16.14683,119.124513,9.39,136.12,25.76,4.89,20.72,64.82,1
2026-03-06 11:05:28+00:00,16.146281,119.125014,9.28,138.76,25.76,4.9,20.27,71.51,1
2026-03-06 11:06:05+00:00,16.144983,119.125992,9.36,144.1,25.76,4.92,19.92,58.65,1
2026-03-06 11:06:34+00:00,16.144222,119.127084,9.66,125.96,25.76,4.94,22.12,82.77,1
2026-03-06 11:06:46+00:00,16.143829,119.127468,9.71,136.82,25.76,4.94,21.15,66.2,1
2026-03-06 11:07:13+00:00,16.142959,119.127777,7.36,161.16,25.77,4.96,19.84,34.66,1
2026-03-06 11:07:31+00:00,16.142303,119.128097,8.7,154.89,25.77,4.97,18.83,47.24,1
2026-03-06 11:07:51+00:00,16.141629,119.128544,8.64,147.5,25.77,4.99,19.63,52.89,1
2026-03-06 11:08:06+00:00,16.141162,119.129006,9.28,136.46,25.77,5.0,21.13,66.03,1
2026-03-06 11:08:36+00:00,16.140131,119.129679,8.77,147.91,25.77,5.02,19.84,52.56,1
2026-03-06 11:08:55+00:00,16.139601,119.130236,8.57,134.73,25.78,5.03,21.1,63.83,1
2026-03-06 11:09:08+00:00,16.139244,119.130737,9.96,126.57,25.78,5.03,22.09,80.83,1
2026-03-06 11:09:19+00:00,16.139061,119.131199,9.43,112.41,25.78,5.04,24.27,95.68,1
2026-03-06 11:09:37+00:00,16.138864,119.131992,9.45,104.5,25.78,5.05,26.08,101.52,1
2026-03-06 11:09:54+00:00,16.138328,119.132507,9.27,137.29,25.78,5.06,20.92,66.55,1
2026-03-06 11:10:19+00:00,16.137471,119.133057,8.7,148.35,25.78,5.08,19.11,53.26,1
2026-03-06 11:10:38+00:00,16.136851,119.133584,9.11,140.77,25.79,5.09,20.16,63.8,1
2026-03-06 11:11:09+00:00,16.135843,119.134215,8.2,148.98,25.79,5.11,,,0
2026-03-06 11:12:04+00:00,16.134023,119.135535,8.72,145.13,25.79,5.14,19.65,56.53,1
2026-03-06 11:12:13+00:00,16.133677,119.135742,9.58,150.11,25.79,5.15,18.93,56.96,1
2026-03-06 11:12:28+00:00,16.13318,119.135887,7.44,164.34,25.79,5.16,18.8,26.13,1
2026-03-06 11:12:38+00:00,16.132921,119.136176,8.21,133.01,25.79,5.17,21.66,69.32,1
2026-03-06 11:12:54+00:00,16.132389,119.136544,8.63,146.4,25.8,5.18,19.33,58.49,1
2026-03-06 11:13:24+00:00,16.131368,119.137086,8.26,152.98,25.8,5.2,19.38,47.6,1
2026-03-06 11:13:53+00:00,16.130356,119.137461,8.01,160.41,25.8,5.22,18.82,34.06,1
2026-03-06 11:14:19+00:00,16.129465,119.137976,8.47,150.96,25.8,5.23,19.18,48.93,1
2026-03-06 11:15:04+00:00,16.127993,119.138996,8.49,146.35,25.8,5.26,19.86,54.44,1
2026-03-06 11:15:50+00:00,16.126396,119.139874,8.49,152.16,25.8,5.29,19.32,45.57,1
2026-03-06 11:16:21+00:00,16.12534,119.140617,8.89,145.94,25.81,5.31,19.51,55.8,1
2026-03-06 11:16:41+00:00,16.124724,119.141236,9.25,136.01,25.81,5.32,20.54,68.29,1
2026-03-06 11:17:04+00:00,16.123914,119.141882,9.59,142.54,25.81,5.34,20.41,62.16,1
2026-03-06 11:18:03+00:00,16.121866,119.143244,8.9,147.43,25.81,5.38,19.38,52.7,1
2026-03-06 11:18:23+00:00,16.12123,119.143799,8.97,140.03,25.81,5.39,20.5,60.92,1
2026-03-06 11:18:57+00:00,16.120068,119.144456,8.41,151.49,25.81,5.41,19.72,47.82,1
2026-03-06 11:19:22+00:00,16.119296,119.145049,8.3,143.58,25.82,5.43,21.46,61.02,1
2026-03-06 11:19:31+00:00,16.118973,119.145217,8.67,153.45,25.82,5.43,,,0
2026-03-06 11:20:11+00:00,16.117722,119.146216,8.52,142.51,25.82,5.46,20.56,58.8,1
2026-03-06 11:20:41+00:00,16.116767,119.146682,7.6,154.88,25.82,5.48,19.45,43.44,1
2026-03-06 11:21:24+00:00,16.115429,119.147543,7.91,148.28,25.82,5.51,19.94,50.68,1
2026-03-06 11:21:49+00:00,16.114724,119.148307,8.8,133.85,25.82,5.52,21.29,74.13,1
2026-03-06 11:22:35+00:00,16.113212,119.149572,9.12,141.21,25.83,5.55,19.99,62.59,1
2026-03-06 11:22:47+00:00,16.112971,119.15002,8.89,119.25,25.83,5.55,23.69,87.79,1
2026-03-06 11:23:08+00:00,16.112379,119.150745,9.41,130.36,25.83,5.57,21.43,74.38,1
2026-03-06 11:23:50+00:00,16.110864,119.151766,9.29,147.08,25.83,5.59,19.73,56.83,1
2026-03-06 11:24:00+00:00,16.110588,119.15205,8.39,135.33,25.83,5.6,21.48,68.31,1
2026-03-06 11:24:29+00:00,16.109622,119.15261,8.24,150.88,25.84,5.62,19.76,48.46,1
2026-03-06 11:24:58+00:00,16.108734,119.153374,8.59,140.42,25.84,5.64,,,0
2026-03-06 11:25:23+00:00,16.107894,119.153889,8.43,149.5,25.84,5.65,,,0
2026-03-06 11:25:49+00:00,16.107055,119.154508,8.55,144.67,25.84,5.67,,,0
2026-03-06 11:26:09+00:00,16.106808,119.155303,8.68,107.92,25.84,5.68,25.11,98.47,1
2026-03-06 11:26:26+00:00,16.106412,119.155938,9.25,122.99,25.84,5.69,23.01,83.27,1
2026-03-06 11:26:35+00:00,16.106155,119.156212,8.84,134.31,25.85,5.69,21.21,70.71,1
2026-03-06 11:27:17+00:00,16.104731,119.157007,8.32,151.79,25.85,5.72,19.24,47.62,1
2026-03-06 11:27:35+00:00,16.104053,119.157237,8.56,161.95,25.85,5.73,17.71,34.84,1
2026-03-06 11:29:15+00:00,16.100546,119.158928,8.35,155.14,25.85,5.8,19.55,43.11,1
2026-03-06 11:29:50+00:00,16.099448,119.159746,8.34,144.41,25.85,5.82,20.16,57.17,1
2026-03-06 11:30:22+00:00,16.098367,119.16049,8.75,146.52,25.86,5.84,20.22,60.92,1
2026-03-06 11:31:07+00:00,16.09686,119.16112,7.8,158.12,25.86,5.87,19.62,39.23,1
2026-03-06 11:31:55+00:00,16.095425,119.162397,8.5,139.47,25.86,5.9,20.54,64.84,1
2026-03-06 11:32:42+00:00,16.0938,119.163531,9.0,146.16,25.86,5.93,19.48,57.55,1
2026-03-06 11:33:47+00:00,16.091696,119.165281,8.96,141.37,25.86,5.97,21.25,61.96,1
2026-03-06 11:33:56+00:00,16.091459,119.165598,9.27,127.89,25.87,5.98,22.92,81.24,1
2026-03-06 11:34:07+00:00,16.091304,119.165996,8.11,112.06,25.87,5.98,24.86,91.59,1
2026-03-06 11:34:18+00:00,16.091023,119.166426,9.82,124.22,25.87,5.99,23.0,86.05,1
2026-03-06 11:34:34+00:00,16.090544,119.166908,9.0,135.97,25.87,6.0,21.05,68.31,1
2026-03-06 11:35:18+00:00,16.089085,119.167795,8.3,149.71,25.87,6.03,19.94,48.77,1
2026-03-06 11:35:39+00:00,16.088495,119.168399,8.52,135.47,25.88,6.04,23.04,69.12,1
2026-03-06 11:36:48+00:00,16.08642,119.170263,8.59,139.2,25.88,6.08,24.33,62.06,1
2026-03-06 11:37:34+00:00,16.084815,119.171361,9.03,146.68,25.88,6.11,19.36,57.36,1
2026-03-06 11:37:59+00:00,16.08402,119.172008,8.73,141.98,25.88,6.12,20.55,58.97,1
2026-03-06 11:38:26+00:00,16.083223,119.1728,8.82,136.32,25.89,6.14,20.95,67.64,1
2026-03-06 11:38:36+00:00,16.082847,119.173077,9.96,144.71,25.89,6.15,19.55,58.26,1
2026-03-06 11:39:07+00:00,16.081727,119.173661,8.73,153.39,25.89,6.17,18.82,52.73,1
2026-03-06 11:39:18+00:00,16.081409,119.173972,8.57,136.78,25.89,6.17,21.09,63.86,1
2026-03-06 11:39:47+00:00,16.080657,119.174942,8.93,128.9,25.89,6.19,22.63,76.93,1
2026-03-06 11:40:15+00:00,16.079777,119.175612,8.42,143.81,25.9,6.21,20.56,60.77,1
2026-03-06 11:40:58+00:00,16.078565,119.177019,9.13,131.88,25.9,6.23,21.87,76.25,1
2026-03-06 11:41:49+00:00,16.076942,119.178441,8.99,139.91,25.9,6.26,21.0,66.34,1
2026-03-06 11:42:32+00:00,16.075679,119.179723,8.87,135.71,25.9,6.29,21.54,68.61,1
2026-03-06 11:43:15+00:00,16.074233,119.180672,8.59,147.76,25.9,6.32,20.35,56.85,1
2026-03-06 11:43:55+00:00,16.073152,119.181909,8.68,132.28,25.91,6.34,21.83,74.54,1
2026-03-06 11:44:05+00:00,16.072814,119.182183,9.26,142.08,25.91,6.34,20.2,63.22,1
2026-03-06 11:44:33+00:00,16.07188,119.182732,8.28,150.54,25.91,6.36,19.41,50.47,1
2026-03-06 11:45:20+00:00,16.070571,119.183995,8.21,137.16,25.91,6.39,21.34,65.45,1
2026-03-06 11:46:01+00:00,16.069293,119.18484,7.98,147.57,25.91,6.42,20.61,51.29,1
2026-03-06 11:46:28+00:00,16.068485,119.185599,8.71,137.93,25.92,6.43,21.56,68.93,1
2026-03-06 11:47:02+00:00,16.067418,119.186289,7.99,148.14,25.92,6.46,20.56,55.08,1
2026-03-06 11:47:40+00:00,16.066314,119.18732,8.44,138.1,25.92,6.48,20.74,63.86,1
2026-03-06 11:48:50+00:00,16.064154,119.188786,7.96,146.89,25.92,6.52,122.55,137.89,3
2026-03-06 11:49:21+00:00,16.063275,119.18985,9.4,130.69,25.93,6.54,,,0
2026-03-06 11:49:53+00:00,16.062235,119.190578,8.47,146.07,25.93,6.56,20.52,56.18,1
2026-03-06 11:50:20+00:00,16.061434,119.191401,9.01,135.36,25.93,6.58,21.36,70.44,1
2026-03-06 11:50:47+00:00,16.060622,119.192002,7.98,144.58,25.93,6.59,20.92,58.85,1
2026-03-06 11:51:03+00:00,16.060218,119.192468,8.15,132.06,25.94,6.6,21.82,70.43,1
2026-03-06 11:51:29+00:00,16.059592,119.193469,9.54,123.05,25.94,6.62,23.66,83.37,1
2026-03-06 11:51:43+00:00,16.059194,119.193903,8.9,133.66,25.94,6.63,21.33,74.49,1
2026-03-06 11:52:40+00:00,16.057413,119.195503,8.92,139.2,25.94,6.66,20.77,64.81,1
2026-03-06 11:53:13+00:00,16.056307,119.19635,8.99,143.65,25.94,6.68,20.02,58.09,1
2026-03-06 11:53:54+00:00,16.055097,119.197536,8.76,136.71,25.95,6.71,20.87,67.31,1
2026-03-06 11:54:32+00:00,16.053834,119.198497,8.9,143.83,25.95,6.73,20.38,59.56,1
2026-03-06 11:54:43+00:00,16.053499,119.198824,9.03,136.83,25.95,6.74,21.83,71.94,1
2026-03-06 11:55:03+00:00,16.052956,119.199535,9.43,128.47,25.95,6.75,23.27,81.04,1
2026-03-06 11:55:52+00:00,16.051523,119.201003,8.87,135.45,25.96,6.78,21.58,72.36,1
2026-03-06 11:56:11+00:00,16.050924,119.201553,9.09,138.57,25.96,6.79,21.36,68.65,1
2026-03-06 11:56:48+00:00,16.049916,119.202699,8.72,132.47,25.96,6.81,22.12,74.99,1
2026-03-06 11:56:57+00:00,16.049634,119.20296,9.06,138.35,25.96,6.81,21.22,65.87,1
2026-03-06 11:57:10+00:00,16.049185,119.203218,8.53,151.09,25.96,6.82,19.58,49.99,1
2026-03-06 11:57:50+00:00,16.047847,119.204191,8.82,145.05,25.97,6.85,20.32,56.68,1
2026-03-06 11:58:42+00:00,16.046272,119.205892,9.44,133.93,25.97,6.88,21.8,72.89,1
2026-03-06 11:59:07+00:00,16.045456,119.206508,8.72,144.04,25.97,6.89,20.28,61.07,1
2026-03-06 11:59:50+00:00,16.044198,119.207986,9.54,131.53,25.97,6.92,21.98,76.56,1
2026-03-06 12:00:40+00:00,16.042457,119.20932,9.35,143.63,25.97,6.95,20.2,64.43,1
2026-03-06 12:01:16+00:00,16.041162,119.210108,9.01,149.68,25.98,6.98,19.83,51.2,1
2026-03-06 12:02:09+00:00,16.039268,119.211444,9.33,145.87,25.98,7.02,19.6,60.11,1
2026-03-06 12:02:53+00:00,16.037672,119.212326,8.88,152.03,25.98,7.06,19.37,47.77,1
2026-03-06 12:03:44+00:00,16.035986,119.213737,9.17,141.19,25.98,7.09,21.25,64.67,1
2026-03-06 12:04:42+00:00,16.033989,119.215346,9.41,142.25,25.98,7.14,20.77,65.35,1
2026-03-06 12:05:05+00:00,16.033244,119.21586,8.4,146.45,25.98,7.15,20.77,55.88,1
2026-03-06 12:05:25+00:00,16.032666,119.216454,8.78,135.35,25.98,7.17,21.69,71.48,1
2026-03-06 12:05:51+00:00,16.031876,119.217056,8.14,143.78,25.98,7.19,20.93,57.07,1
2026-03-06 12:06:26+00:00,16.03087,119.218311,9.7,129.83,25.98,7.21,22.6,75.55,1
2026-03-06 12:06:40+00:00,16.030429,119.218702,8.95,139.56,25.98,7.22,21.49,67.11,1
2026-03-06 12:07:00+00:00,16.029847,119.219391,9.53,131.31,25.98,7.24,21.51,80.34,1
2026-03-06 12:08:01+00:00,16.027888,119.221002,8.85,141.68,25.98,7.29,20.38,61.34,1
2026-03-06 12:08:44+00:00,16.026668,119.222508,9.52,130.13,25.98,7.32,22.7,80.65,1
2026-03-06 12:08:54+00:00,16.026316,119.222789,9.59,142.5,25.98,7.32,20.25,64.33,1
2026-03-06 12:09:19+00:00,16.025522,119.223232,7.79,151.8,25.97,7.34,19.95,45.86,1
2026-03-06 12:09:56+00:00,16.024479,119.224403,8.96,132.82,25.97,7.37,21.64,71.65,1
2026-03-06 12:10:33+00:00,16.023271,119.225459,9.22,139.96,25.97,7.4,20.71,66.45,1
2026-03-06 12:11:01+00:00,16.022518,119.226462,9.44,127.99,25.97,7.42,22.25,79.63,1
2026-03-06 12:11:55+00:00,16.02097,119.228303,9.41,131.18,25.97,7.46,22.8,74.32,1
2026-03-06 12:12:20+00:00,16.020112,119.228984,9.33,142.66,25.97,7.48,20.43,60.2,1
2026-03-06 12:13:58+00:00,16.01717,119.231921,8.99,136.18,25.97,7.55,21.51,68.72,1
2026-03-06 12:14:19+00:00,16.016853,119.232803,9.32,110.5,25.96,7.56,25.72,98.27,1
2026-03-06 12:14:33+00:00,16.016465,119.233293,9.42,129.48,25.96,7.57,22.74,78.94,1
2026-03-06 12:15:14+00:00,16.015178,119.234316,8.54,142.62,25.96,7.61,21.1,60.84,1
2026-03-06 12:15:46+00:00,16.01438,119.235422,8.98,126.89,25.96,7.63,23.27,81.1,1
2026-03-06 12:16:23+00:00,16.013222,119.236512,9.12,137.86,25.96,7.66,21.05,71.02,1
2026-03-06 12:16:47+00:00,16.012645,119.237362,9.01,125.23,25.95,7.67,23.12,83.36,1
2026-03-06 12:17:20+00:00,16.011644,119.238139,8.18,143.27,25.95,7.7,21.14,60.08,1
2026-03-06 12:17:51+00:00,16.010682,119.238838,8.18,145.07,25.95,7.72,20.53,60.05,1
2026-03-06 12:18:01+00:00,16.010409,119.23913,8.46,134.21,25.95,7.73,21.99,69.63,1
2026-03-06 12:18:14+00:00,16.010162,119.239622,8.87,117.58,25.95,7.74,24.53,89.71,1
2026-03-06 12:18:37+00:00,16.009567,119.240502,9.72,125.12,25.94,7.76,23.38,84.13,1
2026-03-06 12:19:27+00:00,16.008021,119.241816,8.63,140.75,25.94,7.8,20.5,62.05,1
2026-03-06 12:20:22+00:00,16.006528,119.243665,9.12,130.03,25.94,7.84,22.66,77.08,1
2026-03-06 12:20:34+00:00,16.006131,119.244038,9.64,137.91,25.94,7.85,21.0,66.27,1
2026-03-06 12:21:15+00:00,16.004756,119.245157,9.2,141.96,25.94,7.88,20.83,68.43,1
2026-03-06 12:21:34+00:00,16.004261,119.245876,9.67,125.61,25.93,7.89,23.31,82.18,1
2026-03-06 12:21:54+00:00,16.003561,119.24639,9.26,144.78,25.93,7.9,20.67,64.56,1
2026-03-06 12:23:18+00:00,16.000809,119.248705,9.11,141.04,25.93,7.97,21.21,65.66,1
2026-03-06 12:23:42+00:00,15.999983,119.249281,8.96,146.17,25.93,7.99,20.56,60.19,1
2026-03-06 12:24:04+00:00,15.99919,119.249643,8.51,156.31,25.92,8.0,19.64,44.18,1
2026-03-06 12:24:22+00:00,15.998534,119.250036,9.09,150.06,25.92,8.02,19.66,54.97,1
2026-03-06 12:24:40+00:00,15.997902,119.250603,10.02,139.23,25.92,8.03,20.75,71.43,1
2026-03-06 12:25:01+00:00,15.997273,119.25133,9.68,131.99,25.92,8.05,22.29,78.76,1
2026-03-06 12:25:44+00:00,15.995833,119.252511,9.22,141.75,25.91,8.08,20.87,66.71,1
2026-03-06 12:25:55+00:00,15.995565,119.252944,9.73,122.78,25.91,8.09,23.47,86.6,1
2026-03-06 12:26:10+00:00,15.995064,119.253436,9.93,136.65,25.91,8.1,21.32,71.98,1
2026-03-06 12:26:41+00:00,15.994019,119.254315,9.37,141.04,25.91,8.12,20.68,63.25,1
2026-03-06 12:26:51+00:00,15.993725,119.254634,9.18,133.79,25.9,8.13,21.61,75.33,1
2026-03-06 12:27:03+00:00,15.993425,119.255132,10.18,122.07,25.9,8.14,24.06,91.36,1
2026-03-06 12:27:24+00:00,15.992709,119.255689,9.2,143.21,25.9,8.15,20.46,66.71,1
2026-03-06 12:27:47+00:00,15.99184,119.256167,9.24,152.13,25.9,8.17,19.82,53.08,1
2026-03-06 12:28:05+00:00,15.991187,119.256482,8.64,155.12,25.89,8.19,18.75,45.72,1
2026-03-06 12:29:12+00:00,15.989142,119.258622,9.36,134.83,25.89,8.24,21.49,70.31,1
2026-03-06 12:29:27+00:00,15.988801,119.259203,9.43,121.41,25.89,8.25,23.82,90.28,1
2026-03-06 12:29:49+00:00,15.988091,119.259883,9.48,137.36,25.88,8.26,21.56,67.6,1
2026-03-06 12:30:49+00:00,15.98603,119.261666,9.66,140.25,25.88,8.31,20.83,67.67,1
2026-03-06 12:31:49+00:00,15.983968,119.26345,9.66,140.25,25.88,8.35,20.81,67.96,1
2026-03-06 12:32:49+00:00,15.981907,119.265233,9.66,140.25,25.87,8.4,20.38,68.33,1
2026-03-06 12:33:49+00:00,15.979846,119.267016,9.66,140.25,25.87,8.44,20.37,68.6,1
2026-03-06 12:34:49+00:00,15.977784,119.2688,9.66,140.25,25.86,8.49,26.95,68.86,1
2026-03-06 12:35:49+00:00,15.975723,119.270583,9.66,140.25,25.86,8.54,20.32,63.81,1
2026-03-06 12:36:49+00:00,15.973662,119.272366,9.66,140.25,25.85,8.58,20.57,68.73,1
2026-03-06 12:37:49+00:00,15.9716,119.274149,9.66,140.25,25.85,8.63,20.88,64.3,1
2026-03-06 12:39:10+00:00,15.969539,119.275933,7.15,140.25,25.84,8.7,21.47,64.15,1
2026-03-06 12:40:10+00:00,15.96745,119.277982,10.35,136.68,25.84,8.74,21.6,73.68,1
2026-03-06 12:41:10+00:00,15.96536,119.280031,10.35,136.68,25.83,8.79,181.62,-150.89,3
2026-03-06 12:42:10+00:00,15.963271,119.28208,10.35,136.68,25.83,8.84,20.65,73.28,1
2026-03-06 12:43:10+00:00,15.961181,119.28413,10.35,136.68,25.82,8.88,20.85,73.82,1
2026-03-06 12:44:10+00:00,15.959092,119.286179,10.35,136.68,25.82,8.93,20.44,77.4,1
2026-03-06 12:45:10+00:00,15.957003,119.288228,10.35,136.68,25.81,8.98,20.9,75.48,1
2026-03-06 12:46:10+00:00,15.954913,119.290277,10.35,136.68,25.8,9.02,21.36,75.83,1
2026-03-06 12:47:10+00:00,15.952824,119.292326,10.35,136.68,25.8,9.07,21.01,77.57,1
2026-03-06 12:49:06+00:00,15.950734,119.294376,5.35,136.68,25.79,9.18,23.07,62.97,1
2026-03-06 12:49:13+00:00,15.950214,119.294239,16.58,194.19,25.79,9.18,8.93,-12.38,1
2026-03-06 12:49:30+00:00,15.949613,119.294754,9.9,140.53,25.78,9.2,20.87,71.16,1
2026-03-06 12:50:30+00:00,15.947611,119.296704,9.88,136.88,25.77,9.24,,,0
2026-03-06 12:51:30+00:00,15.945608,119.298653,9.88,136.88,25.77,9.29,,,0
2026-03-06 12:52:30+00:00,15.943606,119.300603,9.88,136.88,25.76,9.34,,,0
2026-03-06 12:53:30+00:00,15.941603,119.302553,9.88,136.88,25.76,9.39,20.86,76.01,1
2026-03-06 12:54:30+00:00,15.939601,119.304503,9.88,136.88,25.75,9.44,20.9,71.2,1
2026-03-06 12:55:30+00:00,15.937598,119.306453,9.88,136.88,25.74,9.49,21.54,75.5,1
2026-03-06 12:56:30+00:00,15.935596,119.308403,9.88,136.88,25.74,9.54,21.37,78.08,1
2026-03-06 12:57:30+00:00,15.933594,119.310353,9.88,136.88,25.73,9.59,21.57,74.0,1
2026-03-06 12:59:06+00:00,15.931591,119.312303,6.18,136.88,25.72,9.68,22.63,64.9,1
2026-03-06 12:59:11+00:00,15.931222,119.312188,16.66,196.6,25.72,9.69,9.44,-18.02,1
2026-03-06 12:59:30+00:00,15.930578,119.312722,9.36,141.47,25.71,9.7,20.17,67.31,1
2026-03-06 13:00:30+00:00,15.928574,119.314554,9.61,138.69,25.71,9.75,20.96,75.52,1
2026-03-06 13:01:30+00:00,15.926569,119.316386,9.61,138.69,25.7,9.79,21.03,72.32,1
2026-03-06 13:02:30+00:00,15.924565,119.318217,9.61,138.69,25.69,9.83,22.19,71.35,1
2026-03-06 13:03:30+00:00,15.922561,119.320049,9.61,138.69,25.69,9.88,23.26,70.96,1
2026-03-06 13:04:30+00:00,15.920556,119.321881,9.61,138.69,25.68,9.92,21.5,70.23,1
2026-03-06 13:05:30+00:00,15.918552,119.323713,9.61,138.69,25.68,9.96,21.22,70.9,1
2026-03-06 13:06:30+00:00,15.916548,119.325545,9.61,138.69,25.67,10.0,20.83,71.51,1
2026-03-06 13:07:30+00:00,15.914543,119.327377,9.61,138.69,25.67,10.05,21.08,71.29,1
2026-03-06 13:09:09+00:00,15.912539,119.329209,5.83,138.68,25.66,10.12,22.57,61.81,1
2026-03-06 13:09:14+00:00,15.91234,119.329266,8.91,164.61,25.65,10.13,17.74,42.01,1
2026-03-06 13:09:25+00:00,15.91198,119.329572,9.14,140.72,25.65,10.13,20.77,66.76,1
2026-03-06 13:10:25+00:00,15.90993,119.331343,9.6,140.28,25.64,10.18,20.74,70.87,1
2026-03-06 13:11:25+00:00,15.907881,119.333114,9.6,140.28,25.64,10.22,21.28,71.81,1
2026-03-06 13:12:25+00:00,15.905831,119.334885,9.6,140.28,25.63,10.26,20.18,71.94,1
2026-03-06 13:13:25+00:00,15.903781,119.336656,9.6,140.28,25.63,10.3,21.17,70.62,1
2026-03-06 13:14:25+00:00,15.901732,119.338427,9.6,140.27,25.62,10.34,20.53,70.31,1
2026-03-06 13:15:25+00:00,15.899682,119.340198,9.6,140.27,25.62,10.39,20.4,71.75,1
2026-03-06 13:16:25+00:00,15.897632,119.341969,9.6,140.27,25.61,10.43,21.16,71.43,1
2026-03-06 13:17:25+00:00,15.895583,119.34374,9.6,140.27,25.61,10.47,21.03,70.43,1
2026-03-06 13:19:07+00:00,15.893533,119.345511,5.65,140.27,25.6,10.55,22.79,58.32,1
2026-03-06 13:19:18+00:00,15.893141,119.345794,9.38,145.25,25.6,10.56,20.38,63.71,1
2026-03-06 13:20:18+00:00,15.891138,119.347766,9.94,136.55,25.59,10.6,21.95,73.9,1
2026-03-06 13:21:18+00:00,15.889136,119.349738,9.94,136.55,25.59,10.64,21.5,74.91,1
2026-03-06 13:22:18+00:00,15.887133,119.351711,9.94,136.55,25.58,10.68,21.29,76.36,1
2026-03-06 13:23:18+00:00,15.88513,119.353683,9.94,136.55,25.58,10.72,21.44,77.06,1
2026-03-06 13:24:18+00:00,15.883128,119.355655,9.94,136.55,25.57,10.76,21.71,79.95,1
2026-03-06 13:25:18+00:00,15.881125,119.357627,9.94,136.55,25.57,10.8,21.11,75.37,1
2026-03-06 13:26:18+00:00,15.879122,119.359599,9.94,136.55,25.56,10.84,21.15,78.04,1
2026-03-06 13:27:18+00:00,15.87712,119.361572,9.94,136.55,25.56,10.88,21.26,77.16,1
2026-03-06 13:29:16+00:00,15.875117,119.363544,5.05,136.55,25.55,10.97,25.52,67.31,1
2026-03-06 13:29:30+00:00,15.874604,119.363955,10.0,142.43,25.55,10.98,22.06,71.32,1
2026-03-06 13:30:30+00:00,15.872735,119.365786,9.25,136.69,25.54,11.02,20.94,72.77,1
2026-03-06 13:31:30+00:00,15.870866,119.367618,9.25,136.69,25.54,11.06,21.52,71.39,1
2026-03-06 13:32:30+00:00,15.868997,119.369449,9.25,136.69,25.53,11.1,21.77,75.51,1
2026-03-06 13:33:30+00:00,15.867128,119.371281,9.25,136.69,25.53,11.14,21.37,73.88,1
2026-03-06 13:34:30+00:00,15.865259,119.373112,9.25,136.69,25.52,11.18,22.02,73.02,1
2026-03-06 13:35:30+00:00,15.863391,119.374944,9.25,136.69,25.52,11.22,21.08,72.5,1
2026-03-06 13:36:30+00:00,15.861522,119.376775,9.25,136.69,25.52,11.26,21.87,75.4,1
2026-03-06 13:37:30+00:00,15.859653,119.378607,9.25,136.69,25.51,11.3,21.72,78.15,1
2026-03-06 13:39:06+00:00,15.857784,119.380438,5.78,136.69,25.51,11.37,22.15,65.88,1
2026-03-06 13:39:32+00:00,15.85696,119.381141,8.86,140.63,25.5,11.39,21.86,70.97,1
2026-03-06 13:40:32+00:00,15.855008,119.383004,9.54,137.45,25.5,11.43,21.31,74.99,1
2026-03-06 13:41:32+00:00,15.853057,119.384866,9.54,137.45,25.49,11.47,23.61,72.66,1
2026-03-06 13:42:32+00:00,15.851105,119.386728,9.54,137.45,25.49,11.51,20.91,76.76,1
2026-03-06 13:43:32+00:00,15.849154,119.388591,9.54,137.45,25.48,11.55,21.27,73.15,1
2026-03-06 13:44:32+00:00,15.847202,119.390453,9.54,137.45,25.48,11.58,21.3,75.43,1
2026-03-06 13:45:32+00:00,15.845251,119.392315,9.54,137.45,25.48,11.62,21.37,74.75,1
2026-03-06 13:46:32+00:00,15.8433,119.394178,9.54,137.45,25.47,11.66,21.26,77.27,1
2026-03-06 13:47:32+00:00,15.841348,119.39604,9.54,137.45,25.47,11.7,21.54,73.42,1
2026-03-06 13:49:12+00:00,15.839397,119.397902,5.73,137.45,25.46,11.78,22.49,66.99,1
2026-03-06 13:49:30+00:00,15.838937,119.398487,8.72,129.25,25.46,11.79,22.21,80.7,1
2026-03-06 13:50:30+00:00,15.83704,119.400292,9.27,137.52,25.46,11.83,21.37,73.86,1
2026-03-06 13:51:30+00:00,15.835144,119.402098,9.27,137.52,25.45,11.87,20.71,67.66,1
2026-03-06 13:52:30+00:00,15.833247,119.403903,9.27,137.52,25.45,11.91,21.53,79.16,1
2026-03-06 13:53:30+00:00,15.83135,119.405709,9.27,137.52,25.44,11.94,21.13,76.12,1
2026-03-06 13:54:30+00:00,15.829453,119.407514,9.27,137.52,25.44,11.98,21.47,73.54,1
2026-03-06 13:55:30+00:00,15.827557,119.40932,9.27,137.52,25.44,12.02,21.82,72.87,1
2026-03-06 13:56:30+00:00,15.82566,119.411125,9.27,137.52,25.43,12.06,21.15,74.17,1
2026-03-06 13:57:30+00:00,15.823763,119.412931,9.27,137.52,25.43,12.1,21.75,76.65,1
2026-03-06 13:59:06+00:00,15.821866,119.414736,5.79,137.52,25.42,12.17,22.44,62.95,1
2026-03-06 13:59:12+00:00,15.82169,119.414752,6.39,175.27,25.42,12.17,19.93,22.12,1
2026-03-06 13:59:18+00:00,15.821492,119.414872,8.24,149.53,25.42,12.18,20.04,62.29,1
2026-03-06 13:59:32+00:00,15.821115,119.415202,7.62,139.93,25.41,12.19,21.35,66.19,1
2026-03-06 14:00:32+00:00,15.819664,119.41754,9.64,122.82,25.41,12.2,24.0,91.82,1
2026-03-06 14:01:32+00:00,15.818214,119.419877,9.64,122.82,25.41,12.2,23.66,96.07,1
2026-03-06 14:02:32+00:00,15.816763,119.422214,9.64,122.82,25.4,12.2,23.53,92.93,1
2026-03-06 14:03:32+00:00,15.815313,119.424551,9.64,122.82,25.4,12.2,23.64,91.92,1
2026-03-06 14:04:32+00:00,15.813862,119.426888,9.64,122.82,25.4,12.2,23.77,92.68,1
2026-03-06 14:05:32+00:00,15.812412,119.429225,9.64,122.82,25.39,12.2,24.18,90.87,1
2026-03-06 14:06:32+00:00,15.810961,119.431562,9.64,122.82,25.39,12.2,23.19,94.28,1
2026-03-06 14:07:32+00:00,15.809511,119.433899,9.64,122.82,25.38,12.2,23.77,90.88,1
2026-03-06 14:09:08+00:00,15.808061,119.436236,6.02,122.82,25.38,12.2,24.12,79.09,1
2026-03-06 14:09:25+00:00,15.807796,119.436856,8.29,113.93,25.38,12.2,25.1,96.41,1
2026-03-06 14:10:25+00:00,15.806501,119.43934,9.79,118.45,25.37,12.2,24.9,94.38,1
2026-03-06 14:11:25+00:00,15.805205,119.441824,9.79,118.45,25.37,12.2,24.48,95.75,1
2026-03-06 14:12:25+00:00,15.80391,119.444308,9.79,118.45,25.36,12.2,24.44,95.8,1
2026-03-06 14:13:25+00:00,15.802615,119.446792,9.79,118.45,25.36,12.21,24.67,98.72,1
2026-03-06 14:14:25+00:00,15.80132,119.449277,9.79,118.45,25.35,12.21,24.52,97.72,1
2026-03-06 14:15:25+00:00,15.800024,119.451761,9.79,118.45,25.35,12.21,24.37,96.86,1
2026-03-06 14:16:25+00:00,15.798729,119.454245,9.79,118.45,25.34,12.21,24.64,96.34,1
2026-03-06 14:17:25+00:00,15.797434,119.456729,9.79,118.45,25.34,12.21,24.28,94.23,1
2026-03-06 14:19:05+00:00,15.796138,119.459213,5.88,118.45,25.33,12.22,24.17,82.8,1
2026-03-06 14:19:30+00:00,15.795483,119.459971,8.47,131.93,25.33,12.23,22.21,79.73,1
2026-03-06 14:20:30+00:00,15.793996,119.462264,9.59,123.98,25.32,12.23,23.93,92.08,1
2026-03-06 14:21:30+00:00,15.792509,119.464557,9.59,123.98,25.32,12.23,28.12,90.28,1
2026-03-06 14:22:30+00:00,15.791022,119.46685,9.59,123.98,25.31,12.24,23.63,89.44,1
2026-03-06 14:23:30+00:00,15.789535,119.469143,9.59,123.98,25.31,12.24,23.52,91.45,1
2026-03-06 14:24:30+00:00,15.788047,119.471436,9.59,123.98,25.3,12.25,23.0,90.36,1
2026-03-06 14:25:30+00:00,15.78656,119.473729,9.59,123.98,25.3,12.26,23.59,93.91,1
2026-03-06 14:26:30+00:00,15.785073,119.476022,9.59,123.98,25.29,12.26,23.64,93.02,1
2026-03-06 14:27:30+00:00,15.783586,119.478315,9.59,123.98,25.28,12.27,23.67,92.49,1
2026-03-06 14:29:06+00:00,15.782099,119.480608,5.99,123.98,25.28,12.29,22.93,83.39,1
2026-03-06 14:29:26+00:00,15.781464,119.481218,9.35,137.24,25.27,12.29,21.75,73.51,1
2026-03-06 14:30:26+00:00,15.77969,119.483351,9.77,130.83,25.27,12.3,22.1,85.42,1
2026-03-06 14:31:26+00:00,15.777917,119.485484,9.77,130.82,25.26,12.31,22.52,84.87,1
2026-03-06 14:32:26+00:00,15.776143,119.487617,9.77,130.82,25.26,12.32,22.54,85.34,1
2026-03-06 14:33:26+00:00,15.77437,119.48975,9.77,130.82,25.25,12.33,22.05,85.13,1
2026-03-06 14:34:26+00:00,15.772596,119.491883,9.77,130.82,25.25,12.34,22.51,85.07,1
2026-03-06 14:35:26+00:00,15.770823,119.494017,9.77,130.82,25.24,12.35,22.19,89.58,1
2026-03-06 14:36:26+00:00,15.769049,119.49615,9.77,130.82,25.24,12.36,,,0
2026-03-06 14:37:26+00:00,15.767276,119.498283,9.77,130.82,25.23,12.38,22.65,86.09,1
2026-03-06 14:39:21+00:00,15.765502,119.500416,5.1,130.82,25.23,12.41,23.0,71.77,1
2026-03-06 14:40:21+00:00,15.763671,119.502354,9.42,134.48,25.22,12.43,21.48,81.07,1
2026-03-06 14:41:21+00:00,15.761839,119.504293,9.42,134.48,25.21,12.45,21.62,81.4,1
2026-03-06 14:42:21+00:00,15.760007,119.506231,9.42,134.48,25.21,12.47,21.82,80.28,1
2026-03-06 14:43:21+00:00,15.758176,119.508169,9.42,134.48,25.2,12.49,21.72,82.92,1
2026-03-06 14:44:21+00:00,15.756344,119.510108,9.42,134.48,25.19,12.51,21.89,77.84,1
2026-03-06 14:45:21+00:00,15.754512,119.512046,9.42,134.47,25.18,12.53,21.32,78.67,1
2026-03-06 14:46:21+00:00,15.752681,119.513984,9.42,134.47,25.18,12.56,,,0
2026-03-06 14:47:21+00:00,15.750849,119.515923,9.42,134.47,25.17,12.58,21.68,81.47,1
2026-03-06 14:49:07+00:00,15.749018,119.517861,5.33,134.47,25.16,12.62,23.37,69.96,1
2026-03-06 14:49:29+00:00,15.748311,119.51834,8.29,146.87,25.15,12.62,20.22,65.36,1
2026-03-06 14:50:29+00:00,15.746337,119.519901,8.94,142.73,25.14,12.63,20.88,68.01,1
2026-03-06 14:51:29+00:00,15.744362,119.521462,8.94,142.73,25.13,12.65,20.56,67.07,1
2026-03-06 14:52:29+00:00,15.742387,119.523023,8.94,142.73,25.12,12.66,20.4,69.99,1
2026-03-06 14:53:29+00:00,15.740413,119.524584,8.94,142.73,25.12,12.67,20.46,69.25,1
2026-03-06 14:54:29+00:00,15.738438,119.526146,8.94,142.73,25.11,12.69,20.48,70.51,1
2026-03-06 14:55:29+00:00,15.736463,119.527707,8.94,142.73,25.1,12.7,20.7,69.4,1
2026-03-06 14:56:29+00:00,15.734489,119.529268,8.94,142.73,25.09,12.72,20.93,68.8,1
2026-03-06 14:57:29+00:00,15.732514,119.530829,8.94,142.73,25.08,12.73,20.62,69.36,1
2026-03-06 14:59:13+00:00,15.730539,119.53239,5.16,142.73,25.07,12.76,22.47,60.39,1
2026-03-06 14:59:30+00:00,15.730022,119.532865,8.78,138.5,25.06,12.77,20.88,73.34,1
2026-03-06 15:00:30+00:00,15.728014,119.534444,9.07,142.88,25.05,12.78,20.3,69.36,1
2026-03-06 15:01:30+00:00,15.726006,119.536023,9.07,142.88,25.04,12.79,20.2,68.99,1
2026-03-06 15:02:30+00:00,15.723998,119.537602,9.07,142.88,25.03,12.81,20.5,71.53,1
2026-03-06 15:03:30+00:00,15.72199,119.539181,9.07,142.88,25.02,12.82,20.29,70.23,1
2026-03-06 15:04:30+00:00,15.719982,119.54076,9.07,142.88,25.01,12.83,20.61,74.39,1
2026-03-06 15:05:30+00:00,15.717974,119.542339,9.07,142.88,25.0,12.85,20.1,70.22,1
2026-03-06 15:06:30+00:00,15.715967,119.543918,9.07,142.88,24.99,12.86,20.39,68.82,1
2026-03-06 15:07:30+00:00,15.713959,119.545497,9.07,142.88,24.98,12.87,20.57,75.29,1
2026-03-06 15:09:08+00:00,15.711951,119.547076,5.55,142.88,24.97,12.9,21.2,62.1,1
2026-03-06 15:09:15+00:00,15.711725,119.547447,13.06,122.26,24.95,12.9,24.66,103.48,1
2026-03-06 15:09:28+00:00,15.711321,119.547834,9.13,137.38,24.94,12.91,21.08,77.55,1
2026-03-06 15:10:28+00:00,15.709497,119.549368,8.45,141.0,24.93,12.92,20.2,71.81,1
2026-03-06 15:11:28+00:00,15.707673,119.550902,8.45,141.0,24.92,12.93,20.85,71.66,1
2026-03-06 15:12:28+00:00,15.705849,119.552436,8.45,141.0,24.91,12.95,20.81,68.41,1
2026-03-06 15:13:28+00:00,15.704025,119.55397,8.45,141.0,24.9,12.96,20.76,71.38,1
2026-03-06 15:14:28+00:00,15.702201,119.555504,8.45,141.0,24.89,12.98,21.08,68.02,1
2026-03-06 15:15:28+00:00,15.700377,119.557039,8.45,141.0,24.88,12.99,21.0,70.35,1
2026-03-06 15:16:28+00:00,15.698554,119.558573,8.45,141.0,24.87,13.01,20.85,69.27,1
2026-03-06 15:17:28+00:00,15.69673,119.560107,8.45,141.0,24.86,13.02,20.89,71.47,1
2026-03-06 15:18:28+00:00,15.694906,119.561641,8.45,141.0,24.85,13.04,20.71,71.45,1
2026-03-06 15:19:30+00:00,15.693082,119.563175,8.18,141.0,24.83,13.05,21.36,71.06,1
2026-03-06 15:20:30+00:00,15.691141,119.564899,9.2,139.47,24.82,13.07,20.29,75.1,1
2026-03-06 15:21:30+00:00,15.6892,119.566622,9.2,139.47,24.81,13.08,20.76,73.34,1
2026-03-06 15:22:30+00:00,15.687259,119.568346,9.2,139.47,24.8,13.1,20.73,74.06,1
2026-03-06 15:23:30+00:00,15.685318,119.57007,9.2,139.47,24.79,13.11,20.95,76.45,1
2026-03-06 15:24:30+00:00,15.683377,119.571793,9.2,139.47,24.77,13.12,20.44,76.77,1
2026-03-06 15:25:30+00:00,15.681436,119.573517,9.2,139.47,24.76,13.14,20.16,72.37,1
2026-03-06 15:26:30+00:00,15.679496,119.57524,9.2,139.47,24.75,13.15,20.72,71.63,1
2026-03-06 15:27:30+00:00,15.677555,119.576964,9.2,139.47,24.74,13.17,20.75,73.27,1
2026-03-06 15:29:05+00:00,15.675614,119.578688,5.81,139.47,24.72,13.2,22.24,68.23,1
2026-03-06 15:29:08+00:00,15.67564,119.578898,14.72,82.72,24.71,13.2,32.51,137.7,1
2026-03-06 15:29:13+00:00,15.675532,119.579049,7.81,126.61,24.7,13.2,23.1,83.11,1
2026-03-06 15:29:30+00:00,15.674972,119.57948,8.86,143.46,24.69,13.2,20.84,69.97,1
2026-03-06 15:30:30+00:00,15.672965,119.581268,9.53,139.36,24.68,13.22,20.44,79.51,1
2026-03-06 15:31:30+00:00,15.670958,119.583057,9.53,139.36,24.67,13.23,20.16,76.7,1
2026-03-06 15:32:30+00:00,15.668952,119.584846,9.53,139.36,24.65,13.25,20.41,78.74,1
2026-03-06 15:33:30+00:00,15.666945,119.586635,9.53,139.36,24.64,13.26,20.53,77.92,1
2026-03-06 15:34:30+00:00,15.664938,119.588424,9.53,139.36,24.63,13.28,20.69,74.14,1
2026-03-06 15:35:30+00:00,15.662931,119.590212,9.53,139.36,24.62,13.29,20.33,75.61,1
2026-03-06 15:36:30+00:00,15.660924,119.592001,9.53,139.36,24.61,13.31,105.54,-3.43,3
2026-03-06 15:37:30+00:00,15.658917,119.59379,9.53,139.36,24.59,13.33,20.16,76.26,1
2026-03-06 15:39:11+00:00,15.656911,119.595579,5.66,139.36,24.58,13.36,21.22,67.99,1
2026-03-06 15:39:16+00:00,15.656774,119.595762,9.62,127.75,24.57,13.36,22.71,89.48,1
2026-03-06 15:39:30+00:00,15.656312,119.596057,8.38,148.37,24.56,13.36,18.87,56.78,1
2026-03-06 15:40:30+00:00,15.654382,119.5977,8.99,140.67,24.54,13.38,20.33,70.61,1
2026-03-06 15:41:30+00:00,15.652451,119.599342,8.99,140.67,24.53,13.4,21.32,68.9,1
2026-03-06 15:42:30+00:00,15.650521,119.600985,8.99,140.67,24.52,13.41,20.37,73.65,1
2026-03-06 15:43:30+00:00,15.648591,119.602627,8.99,140.67,24.51,13.43,20.03,73.82,1
2026-03-06 15:44:30+00:00,15.646661,119.60427,8.99,140.67,24.5,13.45,20.34,73.93,1
2026-03-06 15:45:30+00:00,15.64473,119.605912,8.99,140.67,24.48,13.47,20.33,71.48,1
2026-03-06 15:46:30+00:00,15.6428,119.607555,8.99,140.67,24.47,13.48,20.39,74.78,1
2026-03-06 15:47:30+00:00,15.64087,119.609197,8.99,140.67,24.46,13.5,20.53,74.9,1
2026-03-06 15:49:05+00:00,15.638939,119.61084,5.68,140.67,24.44,13.53,21.19,62.51,1
2026-03-06 15:49:18+00:00,15.638579,119.611238,8.75,133.25,24.43,13.54,21.99,78.07,1
2026-03-06 15:50:18+00:00,15.63657,119.612981,9.43,140.12,24.42,13.56,20.34,75.38,1
2026-03-06 15:51:18+00:00,15.634561,119.614723,9.43,140.12,24.41,13.57,20.48,78.99,1
2026-03-06 15:52:18+00:00,15.632552,119.616466,9.43,140.12,24.39,13.59,20.06,78.84,1
2026-03-06 15:53:18+00:00,15.630544,119.618209,9.43,140.12,24.38,13.61,20.81,76.61,1
2026-03-06 15:54:18+00:00,15.628535,119.619952,9.43,140.12,24.37,13.63,21.71,74.05,1
2026-03-06 15:55:18+00:00,15.626526,119.621695,9.43,140.12,24.35,13.65,20.31,77.32,1
2026-03-06 15:56:18+00:00,15.624517,119.623438,9.43,140.12,24.34,13.67,19.93,74.68,1
2026-03-06 15:57:18+00:00,15.622508,119.625181,9.43,140.12,24.33,13.68,19.91,74.09,1
2026-03-06 15:59:06+00:00,15.620499,119.626924,5.24,140.12,24.31,13.73,21.83,60.57,1
2026-03-06 15:59:18+00:00,15.620071,119.627098,8.28,158.58,24.3,13.73,18.03,50.57,1
2026-03-06 16:00:18+00:00,15.617949,119.628535,9.13,146.9,24.29,13.74,18.97,65.83,1
2026-03-06 16:01:18+00:00,15.615826,119.629971,9.13,146.9,24.27,13.72,19.02,67.27,1
2026-03-06 16:02:18+00:00,15.613703,119.631408,9.13,146.9,24.26,13.69,19.41,62.47,1
2026-03-06 16:03:18+00:00,15.61158,119.632845,9.13,146.9,24.25,13.67,18.99,67.4,1
2026-03-06 16:04:18+00:00,15.609457,119.634282,9.13,146.9,24.23,13.65,19.13,62.18,1
2026-03-06 16:05:18+00:00,15.607334,119.635718,9.13,146.9,24.22,13.62,19.16,69.2,1
2026-03-06 16:06:18+00:00,15.605211,119.637155,9.13,146.9,24.21,13.6,18.56,68.06,1
2026-03-06 16:07:18+00:00,15.603089,119.638592,9.13,146.9,24.19,13.57,18.68,66.44,1
2026-03-06 16:09:06+00:00,15.600966,119.640029,5.07,146.9,24.18,13.54,,,0
2026-03-06 16:09:15+00:00,15.600698,119.640277,8.61,138.2,24.17,13.53,20.31,73.56,1
2026-03-06 16:10:15+00:00,15.598566,119.641724,9.18,146.83,24.15,13.51,19.38,67.32,1
2026-03-06 16:11:15+00:00,15.596433,119.643171,9.18,146.83,24.14,13.48,19.34,68.75,1
2026-03-06 16:12:15+00:00,15.594301,119.644618,9.18,146.83,24.13,13.45,20.01,60.95,1
2026-03-06 16:13:15+00:00,15.592168,119.646065,9.18,146.83,24.11,13.42,19.56,66.23,1
2026-03-06 16:14:15+00:00,15.590036,119.647513,9.18,146.83,24.1,13.39,18.97,67.06,1
2026-03-06 16:15:15+00:00,15.587904,119.64896,9.18,146.83,24.09,13.37,19.18,66.69,1
2026-03-06 16:16:15+00:00,15.585771,119.650407,9.18,146.83,24.07,13.34,18.79,69.98,1
2026-03-06 16:17:15+00:00,15.583639,119.651854,9.18,146.83,24.06,13.31,19.68,64.79,1
2026-03-06 16:19:05+00:00,15.581506,119.653301,5.01,146.83,24.05,13.26,21.51,55.18,1
2026-03-06 16:19:22+00:00,15.581015,119.653563,7.02,152.81,24.03,13.26,19.24,50.29,1
2026-03-06 16:20:22+00:00,15.578891,119.655065,9.26,145.74,24.02,13.22,19.14,71.52,1
2026-03-06 16:21:22+00:00,15.576766,119.656567,9.26,145.74,24.01,13.19,19.42,67.98,1
2026-03-06 16:22:22+00:00,15.574642,119.658069,9.26,145.74,23.99,13.16,18.95,67.58,1
2026-03-06 16:23:22+00:00,15.572517,119.659572,9.26,145.74,23.98,13.12,18.78,68.32,1
2026-03-06 16:24:22+00:00,15.570393,119.661074,9.26,145.74,23.97,13.09,21.87,69.67,1
2026-03-06 16:25:22+00:00,15.568268,119.662576,9.26,145.74,23.95,13.05,18.97,69.07,1
2026-03-06 16:26:22+00:00,15.566144,119.664078,9.26,145.74,23.94,13.02,18.98,73.64,1
2026-03-06 16:27:22+00:00,15.56402,119.66558,9.26,145.74,23.93,12.98,18.66,69.23,1
2026-03-06 16:29:19+00:00,15.561895,119.667083,4.75,145.74,23.91,12.93,20.46,55.82,1
2026-03-06 16:30:19+00:00,15.560005,119.6685,8.4,144.15,23.9,12.89,19.49,66.59,1
2026-03-06 16:31:19+00:00,15.558116,119.669917,8.4,144.15,23.89,12.86,19.67,66.9,1
2026-03-06 16:32:19+00:00,15.556226,119.671334,8.4,144.15,23.87,12.82,19.31,64.65,1
2026-03-06 16:33:19+00:00,15.554336,119.672751,8.4,144.15,23.86,12.78,19.79,67.7,1
2026-03-06 16:34:19+00:00,15.552446,119.674168,8.4,144.15,23.85,12.74,19.13,69.16,1
2026-03-06 16:35:19+00:00,15.550557,119.675586,8.4,144.15,23.83,12.7,19.01,66.33,1
2026-03-06 16:36:19+00:00,15.548667,119.677003,8.4,144.15,23.82,12.66,19.29,65.91,1
2026-03-06 16:37:19+00:00,15.546777,119.67842,8.4,144.15,23.81,12.62,19.26,70.52,1
2026-03-06 16:38:19+00:00,15.544887,119.679837,8.4,144.15,23.79,12.58,19.5,64.6,1
2026-03-06 16:39:30+00:00,15.542998,119.681254,7.1,144.15,23.78,12.53,19.56,59.8,1
2026-03-06 16:40:30+00:00,15.54109,119.682655,8.42,144.72,23.76,12.49,19.56,64.46,1
2026-03-06 16:41:30+00:00,15.539182,119.684056,8.42,144.72,23.75,12.45,19.72,63.65,1
2026-03-06 16:42:30+00:00,15.537275,119.685457,8.42,144.72,23.74,12.4,19.1,67.46,1
2026-03-06 16:43:30+00:00,15.535367,119.686858,8.42,144.72,23.72,12.36,19.47,65.93,1
2026-03-06 16:44:30+00:00,15.533459,119.688258,8.42,144.72,23.71,12.31,18.76,66.17,1
2026-03-06 16:45:30+00:00,15.531551,119.689659,8.42,144.72,23.7,12.27,19.38,68.88,1
2026-03-06 16:46:30+00:00,15.529644,119.69106,8.42,144.72,23.68,12.22,19.35,65.15,1
2026-03-06 16:47:30+00:00,15.527736,119.692461,8.42,144.72,23.67,12.17,19.27,68.04,1
2026-03-06 16:49:06+00:00,15.525828,119.693862,5.26,144.72,23.65,12.11,20.46,61.32,1
2026-03-06 16:49:29+00:00,15.525168,119.69452,8.6,136.15,23.64,12.09,19.24,75.75,1
2026-03-06 16:50:29+00:00,15.523209,119.696058,8.85,142.89,23.63,12.04,18.86,71.2,1
2026-03-06 16:51:29+00:00,15.52125,119.697597,8.85,142.88,23.61,11.98,18.85,69.19,1
2026-03-06 16:52:29+00:00,15.519291,119.699136,8.85,142.88,23.6,11.93,18.72,71.48,1
2026-03-06 16:53:29+00:00,15.517332,119.700674,8.85,142.88,23.59,11.87,19.03,66.44,1
2026-03-06 16:54:29+00:00,15.515372,119.702213,8.85,142.88,23.57,11.82,18.85,66.24,1
2026-03-06 16:55:29+00:00,15.513413,119.703752,8.85,142.88,23.56,11.76,18.7,68.7,1
2026-03-06 16:56:29+00:00,15.511454,119.70529,8.85,142.88,23.55,11.7,18.61,67.65,1
2026-03-06 16:57:29+00:00,15.509495,119.706829,8.85,142.88,23.53,11.65,18.69,68.34,1
2026-03-06 16:59:06+00:00,15.507536,119.708368,5.47,142.88,23.52,11.57,20.66,59.92,1
2026-03-06 16:59:30+00:00,15.506668,119.708777,8.58,155.53,23.5,11.55,17.12,54.41,1
2026-03-06 17:00:30+00:00,15.504815,119.709964,7.85,148.32,23.49,11.51,21.08,59.19,1
2026-03-06 17:01:30+00:00,15.502962,119.711151,7.85,148.32,23.48,11.49,18.82,58.34,1
2026-03-06 17:02:30+00:00,15.501108,119.712338,7.85,148.32,23.46,11.46,18.64,59.26,1
2026-03-06 17:03:30+00:00,15.499255,119.713525,7.85,148.32,23.45,11.43,18.65,58.4,1
2026-03-06 17:04:30+00:00,15.497402,119.714712,7.85,148.32,23.1,11.39,17.26,58.35,1
2026-03-06 17:05:30+00:00,15.495549,119.715899,7.85,148.32,22.87,11.36,18.26,57.16,1
2026-03-06 17:06:30+00:00,15.493695,119.717085,7.85,148.32,22.89,11.32,18.4,60.46,1
2026-03-06 17:07:30+00:00,15.491842,119.718272,7.85,148.32,22.91,11.28,17.67,59.13,1
2026-03-06 17:08:30+00:00,15.489989,119.719459,7.85,148.32,22.93,11.25,17.7,62.13,1
2026-03-06 17:09:30+00:00,15.488136,119.720646,7.85,148.32,22.94,11.21,17.87,57.25,1
2026-03-06 17:10:30+00:00,15.486251,119.721982,8.22,145.67,22.96,11.17,17.94,63.26,1
2026-03-06 17:11:30+00:00,15.484365,119.723318,8.22,145.67,22.97,11.13,18.24,67.91,1
2026-03-06 17:12:30+00:00,15.48248,119.724654,8.22,145.67,22.98,11.09,17.59,62.34,1
2026-03-06 17:13:30+00:00,15.480595,119.72599,8.22,145.67,22.99,11.05,17.84,63.69,1
2026-03-06 17:14:30+00:00,15.47871,119.727327,8.22,145.66,22.99,11.0,18.64,61.68,1
2026-03-06 17:15:30+00:00,15.476825,119.728663,8.22,145.66,23.0,10.96,17.9,61.36,1
2026-03-06 17:16:30+00:00,15.47494,119.729999,8.22,145.66,23.0,10.92,18.55,67.09,1
2026-03-06 17:17:30+00:00,15.473055,119.731335,8.22,145.66,23.01,10.88,18.28,64.29,1
2026-03-06 17:19:06+00:00,15.47117,119.732671,5.14,145.66,23.01,10.84,20.73,56.09,1
2026-03-06 17:19:30+00:00,15.470412,119.733097,7.76,151.55,23.01,10.82,19.38,52.0,1
2026-03-06 17:20:30+00:00,15.468594,119.734327,7.82,146.89,23.01,10.78,18.17,61.93,1
2026-03-06 17:21:30+00:00,15.466776,119.735557,7.82,146.89,23.01,10.74,18.06,63.47,1
2026-03-06 17:22:30+00:00,15.464958,119.736786,7.82,146.89,22.77,10.7,18.04,63.64,1
2026-03-06 17:23:30+00:00,15.463141,119.738016,7.82,146.89,22.14,10.66,17.5,63.26,1
2026-03-06 17:24:30+00:00,15.461323,119.739246,7.82,146.89,21.55,10.62,17.0,60.24,1
2026-03-06 17:25:30+00:00,15.459505,119.740476,7.82,146.89,20.99,10.58,16.61,63.71,1
2026-03-06 17:26:30+00:00,15.457688,119.741706,7.82,146.89,21.0,10.54,16.39,64.36,1
2026-03-06 17:27:30+00:00,15.45587,119.742935,7.82,146.89,21.12,10.5,15.96,59.24,1
2026-03-06 17:28:30+00:00,15.454052,119.744165,7.82,146.89,21.23,10.46,16.33,60.41,1
2026-03-06 17:29:30+00:00,15.452234,119.745395,7.82,146.89,21.33,10.41,17.44,64.27,1
2026-03-06 17:30:30+00:00,15.450342,119.746792,8.37,144.57,21.43,10.37,16.92,68.59,1
2026-03-06 17:31:30+00:00,15.44845,119.748189,8.37,144.56,21.51,10.32,17.49,63.58,1
2026-03-06 17:32:30+00:00,15.446558,119.749586,8.37,144.56,21.6,10.27,17.27,68.11,1
2026-03-06 17:33:30+00:00,15.444665,119.750983,8.37,144.56,21.67,10.26,17.0,66.6,1
2026-03-06 17:34:30+00:00,15.442773,119.75238,8.37,144.56,21.74,10.26,17.08,67.89,1
2026-03-06 17:35:30+00:00,15.440881,119.753777,8.37,144.56,21.81,10.26,17.04,64.99,1
2026-03-06 17:36:30+00:00,15.438989,119.755174,8.37,144.56,21.87,10.26,16.58,67.48,1
2026-03-06 17:37:30+00:00,15.437096,119.756571,8.37,144.56,21.92,10.27,17.16,67.82,1
2026-03-06 17:39:05+00:00,15.435204,119.757968,5.28,144.56,21.97,10.27,,,0
2026-03-06 17:39:11+00:00,15.434976,119.758191,11.28,136.61,22.02,10.27,,,0
2026-03-06 17:40:11+00:00,15.43307,119.759516,8.27,146.17,22.06,10.28,,,0
2026-03-06 17:41:11+00:00,15.431164,119.760841,8.27,146.17,22.1,10.28,,,0
2026-03-06 17:42:11+00:00,15.429258,119.762167,8.27,146.17,22.14,10.28,16.92,63.43,1
2026-03-06 17:43:11+00:00,15.427352,119.763492,8.27,146.17,22.17,10.29,17.09,61.79,1
2026-03-06 17:44:11+00:00,15.425446,119.764817,8.27,146.17,22.2,10.29,16.95,62.18,1
2026-03-06 17:45:11+00:00,15.42354,119.766143,8.27,146.17,22.23,10.3,17.03,63.84,1
2026-03-06 17:46:11+00:00,15.421633,119.767468,8.27,146.17,22.25,10.3,16.92,65.07,1
2026-03-06 17:47:11+00:00,15.419727,119.768793,8.27,146.17,22.27,10.31,,,0
2026-03-06 17:49:06+00:00,15.417821,119.770119,4.31,146.17,22.29,10.32,19.86,56.75,1
2026-03-06 17:49:32+00:00,15.416989,119.770569,7.8,152.43,22.31,10.32,16.57,55.05,1
2026-03-06 17:50:32+00:00,15.415154,119.771893,8.05,145.2,22.32,10.33,17.63,64.99,1
2026-03-06 17:51:32+00:00,15.413318,119.773216,8.05,145.2,22.33,10.34,17.46,63.86,1
2026-03-06 17:52:32+00:00,15.411483,119.774539,8.05,145.2,22.35,10.35,17.97,64.1,1
2026-03-06 17:53:32+00:00,15.409648,119.775862,8.05,145.2,22.35,10.36,18.02,63.76,1
2026-03-06 17:54:32+00:00,15.407813,119.777186,8.05,145.2,22.36,10.37,17.9,66.1,1
2026-03-06 17:55:32+00:00,15.405977,119.778509,8.05,145.2,22.37,10.38,17.73,64.06,1
2026-03-06 17:56:32+00:00,15.404142,119.779832,8.05,145.2,22.37,10.39,17.58,65.62,1
2026-03-06 17:57:32+00:00,15.402307,119.781155,8.05,145.2,22.38,10.41,17.3,63.23,1
2026-03-06 17:59:07+00:00,15.400471,119.782478,5.09,145.2,22.38,10.42,20.02,56.49,1
2026-03-06 18:00:07+00:00,15.398522,119.783679,8.17,149.29,22.38,10.44,16.87,57.87,1
2026-03-06 18:01:07+00:00,15.396573,119.78488,8.17,149.29,22.38,10.52,17.3,62.0,1
2026-03-06 18:02:07+00:00,15.394624,119.786081,8.17,149.29,22.37,10.6,17.43,58.0,1
2026-03-06 18:03:07+00:00,15.392675,119.787282,8.17,149.29,22.37,10.68,16.95,59.12,1
2026-03-06 18:04:07+00:00,15.390726,119.788483,8.17,149.29,22.37,10.76,17.44,59.25,1
2026-03-06 18:05:07+00:00,15.388776,119.789684,8.17,149.29,22.36,10.84,17.36,59.28,1
2026-03-06 18:06:07+00:00,15.386827,119.790884,8.17,149.29,22.36,10.92,17.65,61.54,1
2026-03-06 18:07:07+00:00,15.384878,119.792085,8.17,149.29,21.7,11.01,18.89,60.28,1
2026-03-06 18:09:06+00:00,15.382929,119.793286,4.12,149.29,21.07,11.17,19.26,53.35,1
2026-03-06 18:09:30+00:00,15.382395,119.793861,6.93,133.96,20.46,11.21,21.6,74.85,1
2026-03-06 18:10:30+00:00,15.380778,119.795157,7.36,142.29,19.87,11.31,18.42,69.64,1
2026-03-06 18:11:30+00:00,15.379161,119.796454,7.36,142.29,19.3,11.4,15.53,68.59,1
2026-03-06 18:12:30+00:00,15.377544,119.797751,7.36,142.29,18.75,11.5,14.89,71.85,1
2026-03-06 18:13:30+00:00,15.375926,119.799047,7.36,142.29,18.22,11.59,13.96,71.86,1
2026-03-06 18:14:30+00:00,15.374309,119.800344,7.36,142.29,17.73,11.69,14.23,72.47,1
2026-03-06 18:15:30+00:00,15.372692,119.801641,7.36,142.29,17.26,11.79,14.27,76.05,1
2026-03-06 18:16:30+00:00,15.371075,119.802937,7.36,142.29,16.83,11.89,13.43,73.25,1
2026-03-06 18:17:30+00:00,15.369458,119.804234,7.36,142.29,16.42,12.0,13.13,76.6,1
2026-03-06 18:18:30+00:00,15.367841,119.805531,7.36,142.29,16.05,12.1,12.79,74.74,1
2026-03-06 18:19:31+00:00,15.366224,119.806827,7.24,142.29,15.71,12.21,12.48,76.79,1
2026-03-06 18:20:31+00:00,15.364363,119.807965,7.78,149.48,15.39,12.31,11.31,69.08,1
2026-03-06 18:21:31+00:00,15.362503,119.809102,7.78,149.48,15.1,12.41,10.91,71.01,1
2026-03-06 18:22:31+00:00,15.360642,119.810239,7.78,149.48,14.83,12.51,10.48,73.01,1
2026-03-06 18:23:31+00:00,15.358782,119.811377,7.78,149.48,14.58,12.62,10.14,77.62,1
2026-03-06 18:24:31+00:00,15.356921,119.812514,7.78,149.48,14.36,12.73,10.12,74.96,1
2026-03-06 18:25:31+00:00,15.35506,119.813651,7.78,149.48,14.17,12.83,14.39,78.78,1
2026-03-06 18:26:31+00:00,15.3532,119.814789,7.78,149.48,14.08,12.94,10.41,76.32,1
2026-03-06 18:27:31+00:00,15.351339,119.815926,7.78,149.48,14.55,13.06,10.49,73.84,1
2026-03-06 18:29:06+00:00,15.349479,119.817064,4.91,149.48,14.99,13.23,12.06,63.37,1
2026-03-06 18:29:20+00:00,15.348931,119.817495,10.62,142.82,15.4,13.26,12.15,94.78,1
2026-03-06 18:30:20+00:00,15.347006,119.818822,8.33,146.37,15.79,13.37,12.19,76.77,1
2026-03-06 18:31:20+00:00,15.345081,119.82015,8.33,146.37,16.16,13.49,12.16,78.25,1
2026-03-06 18:32:20+00:00,15.343157,119.821477,8.33,146.37,16.5,13.62,12.06,76.08,1
2026-03-06 18:33:20+00:00,15.341232,119.822805,8.33,146.37,16.81,13.74,12.64,72.13,1
2026-03-06 18:34:20+00:00,15.339307,119.824132,8.33,146.37,17.11,13.87,13.04,77.49,1
2026-03-06 18:35:20+00:00,15.337383,119.82546,8.33,146.37,17.39,13.99,12.74,77.39,1
2026-03-06 18:36:20+00:00,15.335458,119.826787,8.33,146.37,17.65,14.12,13.96,78.51,1
2026-03-06 18:37:20+00:00,15.333533,119.828115,8.33,146.37,17.9,14.25,13.82,75.37,1
2026-03-06 18:39:06+00:00,15.331609,119.829442,4.71,146.37,18.12,14.47,15.5,60.79,1
2026-03-06 18:39:30+00:00,15.330918,119.830146,8.72,135.51,18.34,14.53,16.15,89.05,1
2026-03-06 18:40:30+00:00,15.329073,119.831398,7.95,146.79,18.54,14.66,14.27,73.63,1
2026-03-06 18:41:30+00:00,15.327227,119.832651,7.95,146.79,18.72,14.8,14.82,75.06,1
2026-03-06 18:42:30+00:00,15.325382,119.833904,7.95,146.79,18.25,14.94,14.21,72.62,1
2026-03-06 18:43:30+00:00,15.323536,119.835157,7.95,146.79,17.81,15.07,13.8,73.31,1
2026-03-06 18:44:30+00:00,15.321691,119.83641,7.95,146.79,17.38,15.22,13.26,73.15,1
2026-03-06 18:45:30+00:00,15.319845,119.837663,7.95,146.79,16.97,15.36,13.64,76.6,1
2026-03-06 18:46:30+00:00,15.318,119.838916,7.95,146.79,16.59,15.5,12.71,73.38,1
2026-03-06 18:47:30+00:00,15.316154,119.840168,7.95,146.78,16.22,15.65,12.73,78.98,1
2026-03-06 18:49:09+00:00,15.314309,119.841421,4.82,146.78,15.87,15.87,12.67,66.23,1
2026-03-06 18:49:14+00:00,15.314122,119.841643,12.28,131.16,15.54,15.89,15.5,113.04,1
2026-03-06 18:50:14+00:00,15.312258,119.842695,7.64,151.43,15.23,16.03,11.47,73.63,1
2026-03-06 18:51:14+00:00,15.310395,119.843747,7.64,151.43,14.92,16.18,10.94,77.35,1
2026-03-06 18:52:14+00:00,15.308532,119.844799,7.64,151.43,14.63,16.32,10.61,76.99,1
2026-03-06 18:53:14+00:00,15.306669,119.845851,7.64,151.43,14.35,16.47,10.58,74.98,1
2026-03-06 18:54:14+00:00,15.304805,119.846903,7.64,151.43,14.08,16.62,10.94,75.96,1
2026-03-06 18:55:14+00:00,15.302942,119.847955,7.64,151.43,13.83,16.78,9.52,76.33,1
2026-03-06 18:56:14+00:00,15.301079,119.849007,7.64,151.43,13.58,16.93,10.1,80.14,1
2026-03-06 18:57:14+00:00,15.299216,119.850059,7.64,151.43,13.35,17.08,9.42,77.97,1
2026-03-06 18:59:06+00:00,15.297352,119.851111,4.09,151.43,13.13,17.35,10.69,64.06,1
2026-03-06 18:59:14+00:00,15.297144,119.851312,7.68,136.98,12.91,17.38,11.23,99.26,1
2026-03-06 18:59:30+00:00,15.296657,119.851484,6.96,161.28,12.71,17.42,8.06,64.45,1
2026-03-06 19:00:30+00:00,15.294888,119.852524,7.33,150.44,12.51,17.56,9.24,82.26,1
2026-03-06 19:01:30+00:00,15.293119,119.853564,7.33,150.44,12.32,17.69,8.76,83.51,1
2026-03-06 19:02:30+00:00,15.29135,119.854604,7.33,150.44,12.13,17.82,9.28,86.09,1
2026-03-06 19:03:30+00:00,15.289581,119.855644,7.33,150.44,11.95,17.95,8.3,88.39,1
2026-03-06 19:04:30+00:00,15.287813,119.856684,7.33,150.44,11.78,18.08,8.89,82.63,1
2026-03-06 19:05:30+00:00,15.286044,119.857724,7.33,150.44,11.61,18.21,8.51,86.19,1
2026-03-06 19:06:30+00:00,15.284275,119.858765,7.33,150.44,11.45,18.34,13.59,87.1,1
2026-03-06 19:07:30+00:00,15.282506,119.859805,7.33,150.44,11.3,18.47,8.46,85.65,1
2026-03-06 19:09:07+00:00,15.280738,119.860845,4.53,150.43,11.14,18.67,8.33,69.85,1
2026-03-06 19:09:30+00:00,15.28011,119.861328,7.35,143.39,10.99,18.72,9.12,97.75,1
2026-03-06 19:10:30+00:00,15.278389,119.862243,6.97,152.86,10.85,18.85,7.4,85.26,1
2026-03-06 19:11:30+00:00,15.276668,119.863157,6.97,152.86,10.71,18.98,7.87,83.53,1
2026-03-06 19:12:30+00:00,15.274947,119.864072,6.97,152.86,10.57,19.11,7.37,93.17,1
2026-03-06 19:13:30+00:00,15.273226,119.864987,6.97,152.86,10.44,19.24,7.43,88.77,1
2026-03-06 19:14:30+00:00,15.271504,119.865901,6.97,152.86,10.3,19.37,7.56,89.32,1
2026-03-06 19:15:30+00:00,15.269783,119.866816,6.97,152.86,10.15,19.5,7.15,87.8,1
2026-03-06 19:16:30+00:00,15.268062,119.867731,6.97,152.86,10.0,19.63,7.27,91.44,1
2026-03-06 19:17:30+00:00,15.266341,119.868645,6.97,152.86,9.85,19.77,6.75,91.55,1
2026-03-06 19:19:19+00:00,15.26462,119.86956,3.84,152.86,9.7,19.99,7.82,64.97,1
2026-03-06 19:20:19+00:00,15.263184,119.870425,5.98,149.83,9.55,20.12,7.87,86.95,1
2026-03-06 19:21:19+00:00,15.261748,119.87129,5.98,149.83,9.39,20.25,8.07,91.59,1
2026-03-06 19:22:19+00:00,15.260312,119.872155,5.98,149.83,9.23,20.39,7.16,94.82,1
2026-03-06 19:23:19+00:00,15.258876,119.873021,5.98,149.83,9.08,20.52,7.27,92.61,1
2026-03-06 19:24:19+00:00,15.25744,119.873886,5.98,149.83,8.93,20.65,6.4,95.03,1
2026-03-06 19:25:19+00:00,15.256005,119.874751,5.98,149.83,8.78,20.79,7.29,93.47,1
2026-03-06 19:26:19+00:00,15.254569,119.875616,5.98,149.83,8.64,20.92,6.98,94.56,1
2026-03-06 19:27:19+00:00,15.253133,119.876481,5.98,149.83,8.5,21.06,6.51,97.88,1
2026-03-06 19:28:19+00:00,15.251697,119.877346,5.98,149.83,8.36,21.19,6.95,99.98,1
2026-03-06 19:29:30+00:00,15.250261,119.878211,5.06,149.83,8.23,21.35,6.36,92.04,1
2026-03-06 19:30:30+00:00,15.248952,119.878875,5.25,153.92,8.1,21.5,5.84,85.82,1
2026-03-06 19:31:30+00:00,15.247644,119.879539,5.25,153.92,7.97,21.66,6.04,88.79,1
2026-03-06 19:32:30+00:00,15.246336,119.880203,5.25,153.92,7.84,21.82,23.1,-10.39,3
2026-03-06 19:33:30+00:00,15.245027,119.880867,5.25,153.92,7.72,21.97,6.05,90.36,1
2026-03-06 19:34:30+00:00,15.243719,119.881531,5.25,153.92,7.6,22.13,5.35,92.64,1
2026-03-06 19:35:30+00:00,15.24241,119.882194,5.25,153.92,7.48,22.29,5.29,94.46,1
2026-03-06 19:36:30+00:00,15.241102,119.882858,5.25,153.92,7.38,22.45,5.27,95.75,1
2026-03-06 19:37:30+00:00,15.239793,119.883522,5.25,153.92,7.28,22.6,5.71,98.0,1
2026-03-06 19:38:30+00:00,15.238485,119.884186,5.25,153.92,7.19,22.76,5.25,94.82,1
2026-03-06 19:39:30+00:00,15.237177,119.88485,5.25,153.92,7.1,22.92,4.99,93.57,1
2026-03-06 19:40:30+00:00,15.235827,119.885585,5.49,152.29,7.02,23.08,5.36,101.71,1
2026-03-06 19:41:30+00:00,15.234477,119.886319,5.49,152.29,6.94,23.24,5.5,105.5,1
2026-03-06 19:42:30+00:00,15.233128,119.887054,5.49,152.29,6.87,23.41,5.12,101.48,1
2026-03-06 19:43:30+00:00,15.231778,119.887789,5.49,152.29,6.81,23.57,5.11,104.46,1
2026-03-06 19:44:30+00:00,15.230428,119.888523,5.49,152.29,6.75,23.73,6.06,105.09,1
2026-03-06 19:45:30+00:00,15.229079,119.889258,5.49,152.29,6.7,23.89,5.16,104.61,1
2026-03-06 19:46:30+00:00,15.227729,119.889993,5.49,152.29,6.66,24.05,5.31,104.69,1
2026-03-06 19:47:30+00:00,15.226379,119.890727,5.49,152.29,6.63,24.21,5.3,103.19,1
2026-03-06 19:49:06+00:00,15.22503,119.891462,3.43,152.29,6.61,24.45,11.78,78.63,1
2026-03-06 19:49:30+00:00,15.224383,119.891718,6.24,159.11,6.6,24.52,8.24,106.58,1
2026-03-06 19:50:30+00:00,15.222585,119.892223,6.71,164.83,6.6,24.67,9.32,110.43,1
2026-03-06 19:51:30+00:00,15.220787,119.892729,6.71,164.83,6.62,24.83,4.47,113.32,1
2026-03-06 19:52:30+00:00,15.218989,119.893234,6.71,164.83,6.65,24.98,4.21,110.64,1
2026-03-06 19:53:30+00:00,15.217191,119.893739,6.71,164.83,6.69,25.13,5.0,109.37,1
2026-03-06 19:54:30+00:00,15.215393,119.894245,6.71,164.83,6.75,25.28,4.62,108.04,1
2026-03-06 19:55:30+00:00,15.213595,119.89475,6.71,164.83,6.81,25.44,5.21,110.49,1
2026-03-06 19:56:30+00:00,15.211797,119.895256,6.71,164.82,6.87,25.59,4.06,111.27,1
2026-03-06 19:57:30+00:00,15.209999,119.895761,6.71,164.82,6.93,25.74,4.83,110.08,1
2026-03-06 19:59:07+00:00,15.2082,119.896266,4.15,164.82,6.99,25.97,5.31,77.61,1
2026-03-06 20:00:07+00:00,15.206373,119.896659,6.72,168.27,7.04,26.12,4.37,102.11,1
2026-03-06 20:01:07+00:00,15.204545,119.897052,6.72,168.27,7.09,26.3,4.45,103.88,1
2026-03-06 20:02:07+00:00,15.202717,119.897446,6.72,168.27,7.14,26.47,4.64,108.05,1
2026-03-06 20:03:07+00:00,15.20089,119.897839,6.72,168.27,7.18,26.65,4.42,106.03,1
2026-03-06 20:04:07+00:00,15.199062,119.898232,6.72,168.27,7.22,26.84,4.54,100.39,1
2026-03-06 20:05:07+00:00,15.197234,119.898625,6.72,168.27,7.26,27.02,4.56,103.08,1
2026-03-06 20:06:07+00:00,15.195407,119.899018,6.72,168.27,7.29,27.2,4.51,103.67,1
2026-03-06 20:07:07+00:00,15.193579,119.899411,6.72,168.27,7.32,27.39,5.1,101.2,1
2026-03-06 20:08:07+00:00,15.191751,119.899804,6.72,168.27,7.35,27.57,4.91,97.93,1
2026-03-06 20:09:34+00:00,15.189924,119.900197,4.64,168.27,7.38,27.84,4.89,77.62,1
2026-03-06 20:10:34+00:00,15.188089,119.900699,6.84,165.22,7.4,28.04,5.46,104.08,1
2026-03-06 20:11:34+00:00,15.186254,119.9012,6.84,165.22,7.42,28.23,8.93,104.03,1
2026-03-06 20:12:34+00:00,15.184419,119.901702,6.84,165.22,7.43,28.43,5.05,104.85,1
2026-03-06 20:13:34+00:00,15.182585,119.902204,6.84,165.22,7.45,28.63,5.13,105.27,1
2026-03-06 20:14:34+00:00,15.18075,119.902705,6.84,165.22,7.46,28.83,5.34,105.53,1
2026-03-06 20:15:34+00:00,15.178915,119.903207,6.84,165.22,7.47,29.03,5.05,103.81,1
2026-03-06 20:16:34+00:00,15.17708,119.903708,6.84,165.22,7.48,29.24,5.25,105.2,1
2026-03-06 20:17:34+00:00,15.175245,119.90421,6.84,165.22,7.49,29.44,5.27,102.21,1
2026-03-06 20:18:34+00:00,15.173411,119.904712,6.84,165.22,7.49,29.65,6.09,106.45,1
2026-03-06 20:19:34+00:00,15.171576,119.905213,6.84,165.22,7.49,29.85,4.64,100.23,1
2026-03-06 20:20:34+00:00,15.169741,119.905715,6.84,165.22,7.49,30.06,5.44,105.5,1
2026-03-06 20:21:34+00:00,15.167906,119.906216,6.84,165.22,7.49,30.27,6.04,108.07,1
2026-03-06 20:22:34+00:00,15.166071,119.906718,6.84,165.22,7.49,30.48,,,0
2026-03-06 20:23:34+00:00,15.164237,119.90722,6.84,165.22,7.48,30.69,,,0
2026-03-06 20:24:34+00:00,15.162402,119.907721,6.84,165.22,7.48,30.91,,,0
2026-03-06 20:25:34+00:00,15.160567,119.908223,6.84,165.22,7.47,31.12,,,0
2026-03-06 20:26:34+00:00,15.158732,119.908724,6.84,165.22,7.46,31.34,,,0
2026-03-06 20:27:34+00:00,15.156897,119.909226,6.84,165.22,7.45,31.56,5.71,101.68,1
2026-03-06 20:29:09+00:00,15.155063,119.909728,4.32,165.22,7.43,31.9,5.23,81.52,1
2026-03-06 20:29:30+00:00,15.154424,119.910035,7.24,155.08,7.42,31.98,6.75,117.16,1
2026-03-06 20:30:30+00:00,15.152631,119.910415,6.6,168.44,7.4,32.2,,,0
2026-03-06 20:31:30+00:00,15.150837,119.910795,6.6,168.44,7.38,32.41,5.81,107.92,1
2026-03-06 20:32:30+00:00,15.149043,119.911175,6.6,168.44,7.36,32.63,6.02,104.98,1
2026-03-06 20:33:30+00:00,15.147249,119.911555,6.6,168.44,7.34,32.85,5.38,103.07,1
2026-03-06 20:34:30+00:00,15.145455,119.911935,6.6,168.44,7.32,33.07,5.18,108.07,1
2026-03-06 20:35:30+00:00,15.143661,119.912316,6.6,168.44,7.29,33.29,4.98,101.91,1
2026-03-06 20:36:30+00:00,15.141867,119.912696,6.6,168.44,7.27,33.51,5.49,103.4,1
2026-03-06 20:37:30+00:00,15.140073,119.913076,6.6,168.44,7.25,33.73,5.9,101.59,1
2026-03-06 20:39:05+00:00,15.13828,119.913456,4.17,168.44,7.23,34.09,5.17,83.86,1
2026-03-06 20:39:21+00:00,15.137848,119.913481,5.83,176.84,7.21,34.14,3.66,91.97,1
2026-03-06 20:40:21+00:00,15.136065,119.913922,6.6,166.57,7.19,34.37,5.82,109.74,1
2026-03-06 20:41:21+00:00,15.134283,119.914363,6.6,166.57,7.17,34.6,5.93,109.34,1
2026-03-06 20:42:21+00:00,15.1325,119.914804,6.6,166.57,7.15,34.83,5.17,110.2,1
2026-03-06 20:43:21+00:00,15.130717,119.915245,6.6,166.57,7.13,35.07,5.71,109.53,1
2026-03-06 20:44:21+00:00,15.128934,119.915686,6.6,166.57,7.1,35.3,5.8,110.37,1
2026-03-06 20:45:21+00:00,15.127151,119.916127,6.6,166.57,7.05,35.53,5.65,110.63,1
2026-03-06 20:46:21+00:00,15.125368,119.916568,6.6,166.57,6.99,35.77,5.43,109.87,1
2026-03-06 20:47:21+00:00,15.123585,119.917009,6.6,166.57,6.92,36.0,7.15,111.73,1
2026-03-06 20:49:09+00:00,15.121802,119.91745,3.67,166.57,6.84,36.43,5.16,82.46,1
2026-03-06 20:50:09+00:00,15.120436,119.917737,5.02,168.54,6.76,36.67,10.43,95.98,1
2026-03-06 20:51:09+00:00,15.119069,119.918024,5.02,168.54,6.68,36.9,4.41,93.74,1
2026-03-06 20:52:09+00:00,15.117703,119.918311,5.02,168.54,6.59,37.14,5.37,94.98,1
2026-03-06 20:53:09+00:00,15.116337,119.918598,5.02,168.54,6.49,37.38,5.13,100.86,1
2026-03-06 20:54:09+00:00,15.11497,119.918885,5.02,168.54,6.39,37.62,4.93,99.19,1
2026-03-06 20:55:09+00:00,15.113604,119.919172,5.02,168.54,6.3,37.86,4.73,102.07,1
2026-03-06 20:56:09+00:00,15.112237,119.919459,5.02,168.54,6.2,38.1,4.66,99.81,1
2026-03-06 20:57:09+00:00,15.110871,119.919746,5.02,168.54,6.1,38.34,4.46,100.13,1
2026-03-06 20:59:06+00:00,15.109504,119.920033,2.58,168.54,6.01,38.83,4.66,73.02,1
2026-03-06 20:59:30+00:00,15.109007,119.920056,4.49,177.41,5.92,38.92,3.29,90.35,1
2026-03-06 21:00:30+00:00,15.107837,119.920287,4.29,169.2,5.83,38.99,4.26,95.4,1
2026-03-06 21:01:30+00:00,15.106667,119.920518,4.29,169.2,5.74,38.87,4.32,100.04,1
2026-03-06 21:02:30+00:00,15.105497,119.920749,4.29,169.2,5.66,38.76,4.53,98.56,1
2026-03-06 21:03:30+00:00,15.104327,119.92098,4.29,169.2,5.57,38.64,4.27,102.66,1
2026-03-06 21:04:30+00:00,15.103157,119.921211,4.29,169.2,5.49,38.53,4.46,100.51,1
2026-03-06 21:05:30+00:00,15.101987,119.921442,4.29,169.2,5.41,38.42,4.57,95.61,1
2026-03-06 21:06:30+00:00,15.100817,119.921673,4.29,169.2,5.34,38.3,4.43,103.27,1
2026-03-06 21:07:30+00:00,15.099647,119.921904,4.29,169.2,5.27,38.19,4.2,98.85,1
2026-03-06 21:09:06+00:00,15.098478,119.922136,2.68,169.2,5.2,38.01,3.98,79.74,1
2026-03-06 21:09:09+00:00,15.098404,119.922209,7.35,135.93,5.13,38.01,8.07,141.05,1
2026-03-06 21:10:09+00:00,15.097323,119.922506,4.03,165.14,5.06,37.91,4.37,107.75,1
2026-03-06 21:11:09+00:00,15.096242,119.922803,4.03,165.14,5.0,37.8,4.6,106.92,1
2026-03-06 21:12:09+00:00,15.095161,119.923101,4.03,165.13,4.94,37.69,4.16,103.13,1
2026-03-06 21:13:09+00:00,15.09408,119.923398,4.03,165.13,4.89,37.59,4.59,104.91,1
2026-03-06 21:14:09+00:00,15.092998,119.923695,4.03,165.13,4.83,37.48,3.51,106.29,1
2026-03-06 21:15:09+00:00,15.091917,119.923992,4.03,165.13,4.76,37.38,3.58,108.23,1
2026-03-06 21:16:09+00:00,15.090836,119.92429,4.03,165.13,4.69,37.27,4.13,107.33,1
2026-03-06 21:17:09+00:00,15.089755,119.924587,4.03,165.13,4.62,37.17,3.91,106.04,1
2026-03-06 21:19:06+00:00,15.088674,119.924884,2.07,165.13,4.55,36.96,4.05,76.8,1
2026-03-06 21:20:06+00:00,15.088071,119.924967,2.19,172.43,4.48,36.85,3.29,72.12,1
2026-03-06 21:21:06+00:00,15.087468,119.92505,2.19,172.43,4.42,36.74,2.98,74.96,1
2026-03-06 21:22:06+00:00,15.086866,119.925133,2.19,172.43,4.37,36.63,3.12,73.69,1
2026-03-06 21:23:06+00:00,15.086263,119.925216,2.19,172.43,4.31,36.52,2.68,71.62,1
2026-03-06 21:24:06+00:00,15.08566,119.925299,2.19,172.43,4.26,36.41,2.75,74.79,1
2026-03-06 21:25:06+00:00,15.085058,119.925382,2.19,172.43,4.22,36.3,3.33,73.02,1
2026-03-06 21:26:06+00:00,15.084455,119.925465,2.19,172.43,4.17,36.18,3.26,75.87,1
2026-03-06 21:27:06+00:00,15.083852,119.925548,2.19,172.43,4.13,36.07,3.07,79.42,1
2026-03-06 21:28:06+00:00,15.083249,119.925631,2.19,172.43,4.09,35.96,2.41,73.91,1
2026-03-06 21:29:30+00:00,15.082647,119.925714,1.56,172.43,4.05,35.81,3.0,65.22,1
2026-03-06 21:30:30+00:00,15.081762,119.926052,3.4,159.78,4.02,35.71,3.15,107.53,1
2026-03-06 21:31:30+00:00,15.080877,119.926389,3.4,159.78,3.98,35.61,3.85,109.16,1
2026-03-06 21:32:30+00:00,15.079992,119.926727,3.4,159.78,3.95,35.52,3.3,109.8,1
2026-03-06 21:33:30+00:00,15.079107,119.927065,3.4,159.78,3.92,35.42,3.12,109.69,1
2026-03-06 21:34:30+00:00,15.078222,119.927402,3.4,159.78,3.89,35.33,3.44,115.32,1
2026-03-06 21:35:30+00:00,15.077338,119.92774,3.4,159.78,3.87,35.24,6.35,110.07,1
2026-03-06 21:36:30+00:00,15.076453,119.928077,3.4,159.78,3.85,35.14,3.83,112.12,1
2026-03-06 21:37:30+00:00,15.075568,119.928415,3.4,159.77,3.83,35.05,3.15,107.31,1
2026-03-06 21:38:30+00:00,15.074683,119.928753,3.4,159.77,3.81,34.96,2.94,112.23,1
2026-03-06 21:39:30+00:00,15.073798,119.92909,3.4,159.77,3.79,34.86,2.7,113.81,1
2026-03-06 21:40:30+00:00,15.07281,119.929446,3.77,160.83,3.78,34.77,3.41,115.76,1
2026-03-06 21:41:30+00:00,15.071821,119.929802,3.77,160.83,3.77,34.68,3.25,111.9,1
2026-03-06 21:42:30+00:00,15.070833,119.930158,3.77,160.83,3.76,34.59,2.98,116.91,1
2026-03-06 21:43:30+00:00,15.069845,119.930514,3.77,160.83,3.76,34.5,3.75,117.05,1
2026-03-06 21:44:30+00:00,15.068856,119.93087,3.77,160.83,3.75,34.41,3.59,118.49,1
2026-03-06 21:45:30+00:00,15.067868,119.931226,3.77,160.83,3.75,34.31,3.37,121.09,1
2026-03-06 21:46:30+00:00,15.06688,119.931581,3.77,160.83,3.74,34.22,3.78,116.35,1
2026-03-06 21:47:30+00:00,15.065891,119.931937,3.77,160.83,3.74,34.14,3.57,115.46,1
2026-03-06 21:49:07+00:00,15.064903,119.932293,2.33,160.83,3.73,33.98,2.74,89.52,1
2026-03-06 21:49:26+00:00,15.064646,119.932317,2.94,174.93,3.72,33.95,2.03,91.56,1
2026-03-06 21:50:26+00:00,15.063759,119.932678,3.43,158.51,3.71,33.86,3.57,114.45,1
2026-03-06 21:51:26+00:00,15.062872,119.93304,3.43,158.51,3.7,33.77,3.43,112.52,1
2026-03-06 21:52:26+00:00,15.061985,119.933402,3.43,158.51,3.68,33.69,3.35,115.31,1
2026-03-06 21:53:26+00:00,15.061099,119.933763,3.43,158.51,3.67,33.6,3.04,114.86,1
2026-03-06 21:54:26+00:00,15.060212,119.934125,3.43,158.51,3.65,33.52,3.46,114.19,1
2026-03-06 21:55:26+00:00,15.059325,119.934486,3.43,158.51,3.64,33.44,3.04,112.38,1
2026-03-06 21:56:26+00:00,15.058438,119.934848,3.43,158.51,3.64,33.35,3.23,113.22,1
2026-03-06 21:57:26+00:00,15.057551,119.935209,3.43,158.51,3.64,33.27,3.69,109.25,1
2026-03-06 21:59:06+00:00,15.056664,119.935571,2.06,158.51,3.65,33.12,2.78,89.43,1
2026-03-06 22:00:06+00:00,15.055565,119.936406,4.91,143.73,3.66,33.12,4.52,136.64,1
2026-03-06 22:01:06+00:00,15.054465,119.937242,4.91,143.73,3.68,33.39,4.7,136.86,1
2026-03-06 22:02:06+00:00,15.053365,119.938077,4.91,143.73,3.7,33.66,5.33,137.33,1
2026-03-06 22:03:06+00:00,15.052266,119.938913,4.91,143.73,3.73,33.93,5.14,136.9,1
2026-03-06 22:04:06+00:00,15.051166,119.939749,4.91,143.73,3.76,34.21,5.05,135.66,1
2026-03-06 22:05:06+00:00,15.050066,119.940584,4.91,143.73,3.8,34.48,4.97,135.7,1
2026-03-06 22:06:06+00:00,15.048967,119.94142,4.91,143.73,3.84,34.76,5.3,132.5,1
2026-03-06 22:07:06+00:00,15.047867,119.942255,4.91,143.73,3.87,35.03,4.94,133.84,1
2026-03-06 22:08:06+00:00,15.046767,119.943091,4.91,143.73,3.91,35.31,5.32,134.81,1
2026-03-06 22:09:11+00:00,15.045668,119.943926,4.54,143.73,3.96,35.6,4.79,129.83,1
2026-03-06 22:09:30+00:00,15.045211,119.944246,6.28,145.92,4.0,35.69,5.9,144.21,1
2026-03-06 22:10:30+00:00,15.043771,119.944976,5.78,153.94,4.05,35.95,5.08,136.0,1
2026-03-06 22:11:30+00:00,15.04233,119.945705,5.78,153.94,4.1,36.21,5.19,137.28,1
2026-03-06 22:12:30+00:00,15.04089,119.946434,5.78,153.94,4.15,36.47,5.32,136.6,1
2026-03-06 22:13:30+00:00,15.03945,119.947164,5.78,153.94,4.2,36.72,,,0
2026-03-06 22:14:30+00:00,15.03801,119.947893,5.78,153.94,4.25,36.98,4.29,137.26,1
2026-03-06 22:15:30+00:00,15.03657,119.948622,5.78,153.94,4.28,37.24,5.19,136.62,1
2026-03-06 22:16:30+00:00,15.035129,119.949352,5.78,153.94,4.29,37.5,5.33,130.92,1
2026-03-06 22:17:30+00:00,15.033689,119.950081,5.78,153.94,4.3,37.76,5.92,137.54,1
2026-03-06 22:19:05+00:00,15.032249,119.95081,3.65,153.94,4.29,38.15,3.93,117.76,1
2026-03-06 22:19:30+00:00,15.031787,119.950961,4.19,162.51,4.28,38.24,4.01,115.76,1
2026-03-06 22:20:30+00:00,15.030892,119.951378,3.53,155.76,4.26,38.48,4.55,113.18,1
2026-03-06 22:21:30+00:00,15.029998,119.951795,3.53,155.76,4.22,38.72,3.7,111.43,1
2026-03-06 22:22:30+00:00,15.029103,119.952212,3.53,155.76,4.19,38.95,4.2,109.89,1
2026-03-06 22:23:30+00:00,15.028209,119.952629,3.53,155.76,4.14,39.19,3.83,112.97,1
2026-03-06 22:24:30+00:00,15.027314,119.953046,3.53,155.76,4.09,39.43,3.9,114.03,1
2026-03-06 22:25:30+00:00,15.02642,119.953464,3.53,155.76,4.05,39.67,3.8,115.04,1
2026-03-06 22:26:30+00:00,15.025526,119.953881,3.53,155.76,4.01,39.91,3.81,114.42,1
2026-03-06 22:27:30+00:00,15.024631,119.954298,3.53,155.76,3.97,40.15,4.83,115.43,1
2026-03-06 22:29:09+00:00,15.023737,119.954715,2.14,155.76,3.94,40.53,,,0
2026-03-06 22:29:19+00:00,15.02364,119.954712,2.09,181.26,3.91,40.56,,,0
2026-03-06 22:30:19+00:00,15.022625,119.95517,3.99,156.48,3.89,40.8,,,0
2026-03-06 22:31:19+00:00,15.02161,119.955627,3.99,156.48,3.87,41.04,3.71,125.05,1
2026-03-06 22:32:19+00:00,15.020595,119.956084,3.99,156.48,3.85,41.28,4.32,128.77,1
2026-03-06 22:33:19+00:00,15.01958,119.956542,3.99,156.48,3.83,41.53,4.53,126.56,1
2026-03-06 22:34:19+00:00,15.018565,119.956999,3.99,156.48,3.82,41.77,3.96,125.07,1
2026-03-06 22:35:19+00:00,15.01755,119.957456,3.99,156.48,3.8,42.01,4.51,123.61,1
2026-03-06 22:36:19+00:00,15.016535,119.957913,3.99,156.48,3.79,42.25,4.44,125.71,1
2026-03-06 22:37:19+00:00,15.01552,119.958371,3.99,156.48,3.78,42.49,4.79,126.07,1
2026-03-06 22:39:08+00:00,15.014505,119.958828,2.19,156.48,3.76,42.91,,,0
2026-03-06 22:40:08+00:00,15.013574,119.959256,3.67,156.05,3.74,43.15,,,0
2026-03-06 22:41:08+00:00,15.012643,119.959684,3.67,156.05,3.72,43.39,,,0
2026-03-06 22:42:08+00:00,15.011712,119.960113,3.67,156.05,3.71,43.63,4.53,122.89,1
2026-03-06 22:43:08+00:00,15.010781,119.960541,3.67,156.05,3.69,43.87,9.17,124.83,1
2026-03-06 22:44:08+00:00,15.00985,119.960969,3.67,156.05,3.67,44.11,3.49,123.49,1
2026-03-06 22:45:08+00:00,15.008919,119.961397,3.67,156.05,3.65,44.36,4.14,123.98,1
2026-03-06 22:46:08+00:00,15.007988,119.961826,3.67,156.05,3.63,44.6,3.98,124.42,1
2026-03-06 22:47:08+00:00,15.007057,119.962254,3.67,156.04,3.62,44.84,4.12,123.29,1
2026-03-06 22:48:08+00:00,15.006126,119.962682,3.67,156.04,3.61,45.07,4.41,127.55,1
2026-03-06 22:49:11+00:00,15.005196,119.96311,3.5,156.04,3.6,45.32,7.42,121.37,1
2026-03-06 22:50:11+00:00,15.004152,119.963521,4.02,159.2,3.59,45.56,3.62,128.72,1
2026-03-06 22:51:11+00:00,15.003109,119.963931,4.02,159.2,3.59,45.79,4.81,129.06,1
2026-03-06 22:52:11+00:00,15.002065,119.964342,4.02,159.2,3.58,46.03,3.91,126.49,1
2026-03-06 22:53:11+00:00,15.001022,119.964752,4.02,159.2,3.58,46.26,3.9,128.68,1
2026-03-06 22:54:11+00:00,14.999978,119.965162,4.02,159.2,3.58,46.5,4.56,126.83,1
2026-03-06 22:55:11+00:00,14.998935,119.965573,4.02,159.2,3.58,46.82,4.13,131.58,1
2026-03-06 22:56:11+00:00,14.997891,119.965983,4.02,159.2,3.58,47.14,4.24,126.67,1
2026-03-06 22:57:11+00:00,14.996848,119.966394,4.02,159.2,3.57,47.46,4.42,127.8,1
2026-03-06 22:59:06+00:00,14.995804,119.966804,2.1,159.2,3.57,47.97,3.75,101.16,1
2026-03-06 22:59:07+00:00,14.995818,119.966852,10.5,73.01,3.56,47.98,13.71,171.02,1
2026-03-06 23:00:07+00:00,14.99484,119.96732,3.88,155.2,3.56,48.29,4.89,133.06,1
2026-03-06 23:01:07+00:00,14.993862,119.967788,3.88,155.2,3.55,48.61,3.81,131.17,1
2026-03-06 23:02:07+00:00,14.992884,119.968256,3.88,155.2,3.55,48.92,4.69,130.56,1
2026-03-06 23:03:07+00:00,14.991906,119.968723,3.88,155.2,3.54,49.23,4.22,129.18,1
2026-03-06 23:04:07+00:00,14.990928,119.969191,3.88,155.2,3.53,49.53,4.9,132.52,1
2026-03-06 23:05:07+00:00,14.98995,119.969659,3.88,155.2,3.53,49.84,4.54,129.27,1
2026-03-06 23:06:07+00:00,14.988972,119.970127,3.88,155.2,3.52,50.13,4.31,132.73,1
2026-03-06 23:07:07+00:00,14.987994,119.970595,3.88,155.2,3.51,50.43,4.72,129.6,1
2026-03-06 23:08:07+00:00,14.987016,119.971063,3.88,155.2,3.5,50.72,4.8,130.26,1
2026-03-06 23:09:31+00:00,14.986038,119.97153,2.77,155.2,3.49,51.09,4.09,121.06,1
2026-03-06 23:10:31+00:00,14.985125,119.972014,3.69,152.92,3.49,51.37,4.24,132.98,1
2026-03-06 23:11:31+00:00,14.984213,119.972497,3.69,152.92,3.48,51.65,4.41,132.65,1
2026-03-06 23:12:31+00:00,14.9833,119.97298,3.69,152.92,3.47,51.93,19.86,-29.62,3
2026-03-06 23:13:31+00:00,14.982387,119.973464,3.69,152.92,3.47,52.21,4.56,130.94,1
2026-03-06 23:14:31+00:00,14.981474,119.973947,3.69,152.92,3.46,52.48,4.81,132.33,1
2026-03-06 23:15:31+00:00,14.980561,119.97443,3.69,152.92,3.46,52.75,3.99,130.49,1
2026-03-06 23:16:31+00:00,14.979648,119.974913,3.69,152.92,3.45,53.01,4.7,135.1,1
2026-03-06 23:17:31+00:00,14.978735,119.975397,3.69,152.92,3.45,53.27,4.52,127.71,1
2026-03-06 23:18:31+00:00,14.977822,119.97588,3.69,152.92,3.44,53.53,4.37,131.12,1
2026-03-06 23:19:31+00:00,14.976909,119.976363,3.69,152.92,3.44,53.79,4.41,131.8,1
2026-03-06 23:20:31+00:00,14.976165,119.976732,2.97,154.4,3.44,54.03,4.05,119.13,1
2026-03-06 23:21:31+00:00,14.975422,119.977101,2.97,154.4,3.44,54.26,3.05,122.19,1
2026-03-06 23:22:31+00:00,14.974678,119.97747,2.97,154.4,3.43,54.49,3.92,126.39,1
2026-03-06 23:23:31+00:00,14.973934,119.977839,2.97,154.4,3.43,54.72,3.88,125.35,1
2026-03-06 23:24:31+00:00,14.973191,119.978207,2.97,154.4,3.43,54.95,4.31,128.58,1
2026-03-06 23:25:31+00:00,14.972447,119.978576,2.97,154.4,3.43,55.17,3.92,128.67,1
2026-03-06 23:26:31+00:00,14.971703,119.978945,2.97,154.4,3.43,55.4,4.1,126.59,1
2026-03-06 23:27:31+00:00,14.97096,119.979314,2.97,154.4,3.43,55.62,4.64,126.49,1
2026-03-06 23:29:18+00:00,14.970216,119.979683,1.67,154.4,3.43,55.96,3.88,109.07,1
2026-03-06 23:29:27+00:00,14.970146,119.979773,2.69,128.76,3.43,55.99,5.22,133.26,1
2026-03-06 23:30:27+00:00,14.969137,119.980335,4.13,151.72,3.43,56.23,4.95,135.31,1
2026-03-06 23:31:27+00:00,14.968128,119.980897,4.13,151.72,3.43,56.47,5.28,138.39,1
2026-03-06 23:32:27+00:00,14.967119,119.981459,4.13,151.72,3.43,56.7,5.06,139.51,1
2026-03-06 23:33:27+00:00,14.96611,119.98202,4.13,151.72,3.43,56.92,5.08,138.94,1
2026-03-06 23:34:27+00:00,14.965101,119.982582,4.13,151.72,3.43,57.15,48.77,27.06,3
2026-03-06 23:35:27+00:00,14.964093,119.983144,4.13,151.72,3.45,57.37,4.99,140.22,1
2026-03-06 23:36:27+00:00,14.963084,119.983706,4.13,151.72,3.47,57.59,5.64,141.24,1
2026-03-06 23:37:27+00:00,14.962075,119.984268,4.13,151.72,3.49,57.81,10.43,140.06,1
2026-03-06 23:39:16+00:00,14.961066,119.98483,2.27,151.72,3.51,58.14,4.25,122.34,1
2026-03-06 23:40:16+00:00,14.959817,119.985258,4.74,161.68,3.54,58.34,5.65,137.63,1
2026-03-06 23:41:16+00:00,14.958568,119.985686,4.74,161.68,3.56,58.54,5.55,140.7,1
2026-03-06 23:42:16+00:00,14.95732,119.986114,4.74,161.68,3.59,58.74,4.84,138.62,1
2026-03-06 23:43:16+00:00,14.956071,119.986542,4.74,161.68,3.62,58.94,5.43,139.13,1
2026-03-06 23:44:16+00:00,14.954822,119.98697,4.74,161.68,3.66,59.13,5.57,138.6,1
2026-03-06 23:45:16+00:00,14.953574,119.987398,4.74,161.68,3.69,59.32,5.62,137.32,1
2026-03-06 23:46:16+00:00,14.952325,119.987826,4.74,161.68,3.74,59.51,5.05,135.51,1
2026-03-06 23:47:16+00:00,14.951076,119.988254,4.74,161.68,3.79,59.69,5.22,136.69,1
2026-03-06 23:49:09+00:00,14.949827,119.988682,2.52,161.68,3.84,59.98,4.44,116.79,1
2026-03-06 23:50:09+00:00,14.948266,119.989317,6.04,158.54,3.89,60.18,6.47,143.99,1
2026-03-06 23:51:09+00:00,14.946705,119.989952,6.04,158.54,3.95,60.37,6.64,146.26,1
2026-03-06 23:52:09+00:00,14.945144,119.990587,6.04,158.54,4.02,60.56,15.08,145.51,1
2026-03-06 23:53:09+00:00,14.943583,119.991222,6.04,158.54,4.09,60.75,6.81,142.97,1
2026-03-06 23:54:09+00:00,14.942022,119.991857,6.04,158.54,4.16,60.93,6.65,145.85,1
2026-03-06 23:55:09+00:00,14.940461,119.992492,6.04,158.54,4.24,61.11,6.66,141.84,1
2026-03-06 23:56:09+00:00,14.9389,119.993127,6.04,158.54,4.32,61.29,7.07,145.06,1
2026-03-06 23:57:09+00:00,14.937338,119.993762,6.04,158.54,4.4,61.47,6.62,142.42,1
2026-03-06 23:58:09+00:00,14.935777,119.994397,6.04,158.54,4.48,61.64,,,0
2026-03-06 23:59:10+00:00,14.934216,119.995032,5.94,158.54,4.55,61.81,7.15,138.32,1
2026-03-07 00:00:10+00:00,14.932507,119.995705,6.59,159.18,4.63,61.99,7.95,142.42,1
2026-03-07 00:01:10+00:00,14.930798,119.996378,6.59,159.18,4.71,62.27,7.82,141.79,1
2026-03-07 00:02:10+00:00,14.929089,119.99705,6.59,159.18,4.78,62.54,7.46,139.28,1
2026-03-07 00:03:10+00:00,14.92738,119.997723,6.59,159.18,4.86,62.82,8.09,140.98,1
2026-03-07 00:04:10+00:00,14.925671,119.998395,6.59,159.18,4.93,63.09,7.71,139.44,1
2026-03-07 00:05:10+00:00,14.923961,119.999068,6.59,159.18,5.0,63.36,7.48,141.9,1
2026-03-07 00:06:10+00:00,14.922252,119.99974,6.59,159.18,5.05,63.63,7.85,143.12,1
2026-03-07 00:07:10+00:00,14.920543,120.000413,6.59,159.18,5.09,63.88,8.37,137.92,1
2026-03-07 00:09:06+00:00,14.918834,120.001086,3.41,159.18,5.11,64.3,5.95,123.71,1
2026-03-07 00:09:16+00:00,14.918504,120.001051,7.17,185.7,5.12,64.34,6.28,135.6,1
2026-03-07 00:09:31+00:00,14.918116,120.001151,5.76,166.12,5.12,64.4,7.37,131.34,1
2026-03-07 00:10:31+00:00,14.916832,120.001604,4.89,161.18,5.1,64.62,6.22,131.85,1
2026-03-07 00:11:31+00:00,14.915548,120.002056,4.89,161.18,5.08,64.84,6.26,129.71,1
2026-03-07 00:12:31+00:00,14.914264,120.002509,4.89,161.18,5.05,65.06,6.16,130.74,1
2026-03-07 00:13:31+00:00,14.91298,120.002962,4.89,161.18,5.01,65.28,6.74,130.43,1
2026-03-07 00:14:31+00:00,14.911696,120.003415,4.89,161.18,4.97,65.5,6.66,130.01,1
2026-03-07 00:15:31+00:00,14.910412,120.003868,4.89,161.18,4.91,65.72,7.05,133.55,1
2026-03-07 00:16:31+00:00,14.909128,120.004321,4.89,161.18,4.85,65.94,6.64,132.05,1
2026-03-07 00:17:31+00:00,14.907844,120.004774,4.89,161.18,4.78,66.16,6.41,130.31,1
2026-03-07 00:19:07+00:00,14.90656,120.005227,3.05,161.18,4.71,66.5,5.4,120.76,1
2026-03-07 00:20:07+00:00,14.905869,120.005431,2.59,164.04,4.64,66.71,5.05,111.08,1
2026-03-07 00:21:07+00:00,14.905177,120.005636,2.59,164.04,4.57,66.92,4.47,111.74,1
2026-03-07 00:22:07+00:00,14.904486,120.005841,2.59,164.04,4.51,67.13,5.74,116.96,1
2026-03-07 00:23:07+00:00,14.903794,120.006045,2.59,164.04,4.46,67.34,5.04,112.69,1
2026-03-07 00:24:07+00:00,14.903103,120.00625,2.59,164.04,4.4,67.55,4.91,110.94,1
2026-03-07 00:25:07+00:00,14.902411,120.006454,2.59,164.04,4.35,67.76,5.0,117.3,1
2026-03-07 00:26:07+00:00,14.90172,120.006659,2.59,164.04,4.31,67.97,5.0,115.9,1
2026-03-07 00:27:07+00:00,14.901028,120.006864,2.59,164.04,4.26,68.18,4.71,116.52,1
2026-03-07 00:28:07+00:00,14.900337,120.007068,2.59,164.04,4.22,68.39,4.54,116.75,1
2026-03-07 00:29:07+00:00,14.899645,120.007273,2.59,164.04,4.18,68.59,4.89,118.25,1
2026-03-07 00:29:14+00:00,14.899706,120.007371,3.48,57.01,4.15,68.62,7.7,-175.19,1
2026-03-07 00:30:14+00:00,14.899238,120.007493,1.74,165.84,4.11,68.82,4.02,109.82,1
2026-03-07 00:31:14+00:00,14.89877,120.007615,1.74,165.84,4.08,69.03,4.67,104.27,1
2026-03-07 00:32:14+00:00,14.898302,120.007737,1.74,165.84,4.05,69.23,8.38,108.44,1
2026-03-07 00:33:14+00:00,14.897834,120.00786,1.74,165.84,4.02,69.44,7.79,109.17,1
2026-03-07 00:34:14+00:00,14.897365,120.007982,1.74,165.84,4.0,69.64,4.6,106.71,1
2026-03-07 00:35:14+00:00,14.896897,120.008104,1.74,165.84,3.97,69.85,4.17,106.52,1
2026-03-07 00:36:14+00:00,14.896429,120.008226,1.74,165.84,3.94,70.05,4.24,110.93,1
2026-03-07 00:37:14+00:00,14.895961,120.008349,1.74,165.84,3.91,70.25,4.37,107.26,1
2026-03-07 00:38:14+00:00,14.895493,120.008471,1.74,165.84,3.88,70.45,3.89,108.36,1
2026-03-07 00:39:14+00:00,14.895024,120.008593,1.74,165.84,3.86,70.66,4.1,111.69,1
2026-03-07 00:40:14+00:00,14.894556,120.008715,1.74,165.84,3.83,70.86,4.1,110.32,1
2026-03-07 00:41:14+00:00,14.894088,120.008838,1.74,165.84,3.8,71.06,3.76,106.99,1
2026-03-07 00:42:14+00:00,14.89362,120.00896,1.74,165.84,3.78,71.26,4.72,114.41,1
2026-03-07 00:43:14+00:00,14.893152,120.009082,1.74,165.84,3.75,71.46,3.59,110.18,1
2026-03-07 00:44:14+00:00,14.892683,120.009204,1.74,165.84,3.72,71.66,3.6,110.76,1
2026-03-07 00:45:14+00:00,14.892215,120.009327,1.74,165.84,3.7,71.85,4.37,112.4,1
2026-03-07 00:46:14+00:00,14.891747,120.009449,1.74,165.84,3.67,72.05,22.32,-155.95,3
2026-03-07 00:47:14+00:00,14.891279,120.009571,1.74,165.84,3.67,72.25,3.65,116.33,1
2026-03-07 00:49:10+00:00,14.89081,120.009694,0.9,165.84,3.67,72.63,3.91,97.43,1
2026-03-07 00:49:31+00:00,14.890627,120.009801,2.17,150.55,3.66,72.7,5.07,131.02,1
2026-03-07 00:50:31+00:00,14.890048,120.010374,2.89,136.24,3.66,72.89,5.58,145.66,1
2026-03-07 00:51:31+00:00,14.889469,120.010948,2.89,136.24,3.66,73.09,6.37,144.03,1
2026-03-07 00:52:31+00:00,14.88889,120.011522,2.89,136.24,3.65,73.28,5.08,146.0,1
2026-03-07 00:53:31+00:00,14.888311,120.012096,2.89,136.24,3.65,73.47,5.8,146.41,1
2026-03-07 00:54:31+00:00,14.887732,120.012669,2.89,136.24,3.65,73.66,5.95,141.9,1
2026-03-07 00:55:31+00:00,14.887153,120.013243,2.89,136.24,3.65,73.85,5.87,148.28,1
2026-03-07 00:56:31+00:00,14.886574,120.013817,2.89,136.24,3.65,74.04,5.55,141.78,1
2026-03-07 00:57:31+00:00,14.885995,120.014391,2.89,136.24,3.65,74.23,5.53,142.74,1
2026-03-07 00:59:07+00:00,14.885416,120.014964,1.81,136.24,3.65,74.53,4.91,137.22,1
2026-03-07 00:59:16+00:00,14.885242,120.014976,4.17,176.46,3.64,74.56,5.19,137.66,1
2026-03-07 01:00:16+00:00,14.88459,120.015609,3.22,136.81,3.64,74.74,9.14,146.23,1
2026-03-07 01:01:16+00:00,14.883937,120.016243,3.22,136.81,3.64,74.87,6.2,146.86,1
2026-03-07 01:02:16+00:00,14.883285,120.016876,3.22,136.81,3.64,75.01,5.59,149.87,1
2026-03-07 01:03:16+00:00,14.882632,120.01751,3.22,136.81,3.64,75.15,5.83,146.48,1
2026-03-07 01:04:16+00:00,14.88198,120.018144,3.22,136.81,3.64,75.29,5.62,144.8,1
2026-03-07 01:05:16+00:00,14.881327,120.018777,3.22,136.81,3.64,75.43,5.79,146.4,1
2026-03-07 01:06:16+00:00,14.880675,120.019411,3.22,136.81,3.64,75.57,6.22,150.06,1
2026-03-07 01:07:16+00:00,14.880022,120.020045,3.22,136.81,3.64,75.71,5.95,147.54,1
2026-03-07 01:09:10+00:00,14.87937,120.020678,1.7,136.81,3.64,75.99,5.49,141.38,1
2026-03-07 01:09:15+00:00,14.879292,120.020635,3.81,208.2,3.64,76.0,3.08,118.36,1
2026-03-07 01:09:21+00:00,14.879225,120.020682,2.91,145.98,3.64,76.01,5.4,139.29,1
2026-03-07 01:10:21+00:00,14.878579,120.021304,3.18,137.08,3.64,76.16,5.91,147.38,1
2026-03-07 01:11:21+00:00,14.877932,120.021926,3.18,137.08,3.64,76.3,5.69,145.65,1
2026-03-07 01:12:21+00:00,14.877286,120.022548,3.18,137.08,3.64,76.45,5.87,146.11,1
2026-03-07 01:13:21+00:00,14.876639,120.02317,3.18,137.08,3.64,76.59,6.23,156.48,1
2026-03-07 01:14:21+00:00,14.875992,120.023792,3.18,137.08,3.63,76.74,5.95,149.64,1
2026-03-07 01:15:21+00:00,14.875346,120.024414,3.18,137.08,3.63,76.88,9.07,149.41,1
2026-03-07 01:16:21+00:00,14.874699,120.025036,3.18,137.08,3.63,77.03,5.63,146.53,1
2026-03-07 01:17:21+00:00,14.874053,120.025658,3.18,137.08,3.63,77.17,5.77,151.0,1
2026-03-07 01:19:17+00:00,14.873406,120.02628,1.65,137.08,3.63,77.46,4.71,140.22,1
2026-03-07 01:19:23+00:00,14.873236,120.026267,6.13,184.33,3.63,77.48,6.51,149.41,1
2026-03-07 01:19:31+00:00,14.873124,120.026336,3.55,149.11,3.63,77.5,5.42,147.38,1
2026-03-07 01:20:31+00:00,14.872441,120.026934,3.22,139.76,3.63,77.65,5.78,143.94,1
2026-03-07 01:21:31+00:00,14.871759,120.027532,3.22,139.76,3.63,77.8,5.92,144.76,1
2026-03-07 01:22:31+00:00,14.871076,120.028129,3.22,139.76,3.63,77.94,5.33,145.05,1
2026-03-07 01:23:31+00:00,14.870394,120.028727,3.22,139.76,3.63,78.09,5.63,145.26,1
2026-03-07 01:24:31+00:00,14.869711,120.029325,3.22,139.76,3.63,78.24,5.68,147.88,1
2026-03-07 01:25:31+00:00,14.869029,120.029922,3.22,139.76,3.62,78.39,5.65,146.18,1
2026-03-07 01:26:31+00:00,14.868346,120.03052,3.22,139.76,3.62,78.54,5.95,151.55,1
2026-03-07 01:27:31+00:00,14.867664,120.031118,3.22,139.76,3.62,78.69,5.85,151.3,1
2026-03-07 01:29:08+00:00,14.866981,120.031715,1.99,139.76,3.62,78.94,10.06,139.91,1
2026-03-07 01:29:15+00:00,14.866855,120.031665,4.17,200.98,3.62,78.96,10.12,130.11,1
2026-03-07 01:29:31+00:00,14.866698,120.031788,2.66,142.94,3.62,79.0,10.54,145.53,1
2026-03-07 01:30:31+00:00,14.866313,120.031963,1.51,156.33,3.62,79.16,4.71,122.4,1
2026-03-07 01:31:31+00:00,14.865928,120.032137,1.51,156.33,3.62,79.32,3.65,119.41,1
2026-03-07 01:32:31+00:00,14.865543,120.032312,1.51,156.33,3.6,79.48,4.39,123.2,1
2026-03-07 01:33:31+00:00,14.865158,120.032486,1.51,156.33,3.59,79.64,4.15,122.55,1
2026-03-07 01:34:31+00:00,14.864773,120.032661,1.51,156.33,3.57,79.8,4.24,124.46,1
2026-03-07 01:35:31+00:00,14.864388,120.032836,1.51,156.33,3.55,79.96,4.06,124.44,1
2026-03-07 01:36:31+00:00,14.864003,120.03301,1.51,156.33,3.53,80.12,4.2,124.6,1
2026-03-07 01:37:31+00:00,14.863618,120.033185,1.51,156.33,3.52,80.28,4.2,125.73,1
2026-03-07 01:39:06+00:00,14.863233,120.033359,0.96,156.33,3.52,80.54,3.7,115.65,1
2026-03-07 01:39:15+00:00,14.862895,120.033781,12.72,129.71,3.53,80.56,14.99,170.75,1
2026-03-07 01:40:15+00:00,14.862131,120.034007,2.86,164.03,3.53,80.72,4.66,132.12,1
2026-03-07 01:41:15+00:00,14.861368,120.034233,2.86,164.03,3.54,80.88,4.88,133.47,1
2026-03-07 01:42:15+00:00,14.860605,120.034459,2.86,164.03,3.54,81.04,4.99,135.05,1
2026-03-07 01:43:15+00:00,14.859842,120.034685,2.86,164.03,3.54,81.2,5.08,130.76,1
2026-03-07 01:44:15+00:00,14.859078,120.034911,2.86,164.03,3.55,81.36,4.68,132.72,1
2026-03-07 01:45:15+00:00,14.858315,120.035137,2.86,164.03,3.55,81.53,4.92,133.13,1
2026-03-07 01:46:15+00:00,14.857552,120.035363,2.86,164.03,3.55,81.69,5.14,132.41,1
2026-03-07 01:47:15+00:00,14.856789,120.035589,2.86,164.03,3.55,81.85,5.2,135.32,1
2026-03-07 01:49:07+00:00,14.856026,120.035815,1.53,164.03,3.56,82.17,4.05,118.6,1
2026-03-07 01:50:07+00:00,14.855202,120.036021,3.05,166.41,3.56,82.33,4.86,132.93,1
2026-03-07 01:51:07+00:00,14.854377,120.036227,3.05,166.41,3.56,82.49,4.99,132.7,1
2026-03-07 01:52:07+00:00,14.853553,120.036433,3.05,166.41,3.56,82.66,4.59,136.39,1
2026-03-07 01:53:07+00:00,14.852729,120.036639,3.05,166.41,3.56,82.83,4.89,133.3,1
2026-03-07 01:54:07+00:00,14.851905,120.036845,3.05,166.41,3.56,82.99,5.17,135.3,1
2026-03-07 01:55:07+00:00,14.851081,120.037052,3.05,166.41,3.56,83.16,5.15,138.42,1
2026-03-07 01:56:07+00:00,14.850257,120.037258,3.05,166.41,3.56,83.33,4.88,134.4,1
2026-03-07 01:57:07+00:00,14.849433,120.037464,3.05,166.41,3.57,83.5,5.04,136.87,1
2026-03-07 01:58:07+00:00,14.848609,120.03767,3.05,166.41,3.57,83.66,4.73,138.08,1
2026-03-07 01:59:11+00:00,14.847785,120.037876,2.86,166.41,3.57,83.84,5.06,135.29,1
2026-03-07 01:59:31+00:00,14.847453,120.038004,3.82,159.56,3.57,83.9,5.82,143.68,1
2026-03-07 02:00:31+00:00,14.846762,120.038167,2.55,167.17,3.57,84.06,4.55,131.39,1
2026-03-07 02:01:31+00:00,14.84607,120.03833,2.55,167.17,3.57,84.2,4.53,127.62,1
2026-03-07 02:02:31+00:00,14.845379,120.038492,2.55,167.17,3.57,84.35,4.62,128.74,1
2026-03-07 02:03:31+00:00,14.844687,120.038655,2.55,167.17,3.56,84.5,4.51,129.2,1
2026-03-07 02:04:31+00:00,14.843996,120.038818,2.55,167.17,3.56,84.66,4.84,135.0,1
2026-03-07 02:05:31+00:00,14.843304,120.038981,2.55,167.17,3.56,84.82,4.53,129.01,1
2026-03-07 02:06:31+00:00,14.842613,120.039144,2.55,167.17,3.56,84.98,5.13,129.1,1
2026-03-07 02:07:31+00:00,14.841921,120.039307,2.55,167.17,3.56,85.15,5.1,128.8,1
2026-03-07 02:09:06+00:00,14.84123,120.03947,1.61,167.17,3.55,85.43,3.84,122.26,1
2026-03-07 02:09:10+00:00,14.84116,120.03955,5.61,132.1,3.55,85.44,8.47,162.5,1
2026-03-07 02:09:31+00:00,14.840931,120.03953,2.37,184.7,3.54,85.5,3.74,119.41,1
2026-03-07 02:10:31+00:00,14.840521,120.039779,1.71,149.59,3.54,85.68,4.46,137.14,1
2026-03-07 02:11:31+00:00,14.840111,120.040028,1.71,149.59,3.52,85.86,5.14,133.26,1
2026-03-07 02:12:31+00:00,14.839701,120.040277,1.71,149.59,3.49,86.05,4.43,134.65,1
2026-03-07 02:13:31+00:00,14.839291,120.040526,1.71,149.59,3.47,86.24,4.61,139.24,1
2026-03-07 02:14:31+00:00,14.838881,120.040775,1.71,149.59,3.45,86.43,4.65,136.35,1
2026-03-07 02:15:31+00:00,14.83847,120.041024,1.71,149.59,3.42,86.63,4.17,139.39,1
2026-03-07 02:16:31+00:00,14.83806,120.041273,1.71,149.59,3.39,86.84,4.19,136.97,1
2026-03-07 02:17:31+00:00,14.83765,120.041522,1.71,149.59,3.37,87.05,4.06,135.61,1
2026-03-07 02:19:15+00:00,14.83724,120.041771,0.99,149.59,3.34,87.42,3.63,130.18,1
2026-03-07 02:20:15+00:00,14.836883,120.042062,1.64,141.75,3.31,87.64,3.62,141.24,1
2026-03-07 02:21:15+00:00,14.836525,120.042354,1.64,141.75,3.28,87.87,4.61,142.31,1
2026-03-07 02:22:15+00:00,14.836167,120.042646,1.64,141.75,3.25,88.1,5.04,144.12,1
2026-03-07 02:23:15+00:00,14.83581,120.042938,1.64,141.75,3.22,88.33,4.45,145.02,1
2026-03-07 02:24:15+00:00,14.835452,120.043229,1.64,141.75,3.19,88.57,3.95,141.1,1
2026-03-07 02:25:15+00:00,14.835094,120.043521,1.64,141.75,3.16,88.82,4.16,144.53,1
2026-03-07 02:26:15+00:00,14.834737,120.043813,1.64,141.75,3.13,89.07,4.19,143.69,1
2026-03-07 02:27:15+00:00,14.834379,120.044104,1.64,141.75,3.1,89.33,6.63,143.86,1
2026-03-07 02:28:15+00:00,14.834022,120.044396,1.64,141.75,3.07,89.59,6.94,145.73,1
2026-03-07 02:29:31+00:00,14.833664,120.044688,1.3,141.75,3.1,89.94,4.27,141.73,1
2026-03-07 02:30:31+00:00,14.833028,120.045088,2.68,148.7,3.11,90.21,4.71,151.12,1
2026-03-07 02:31:31+00:00,14.832393,120.045487,2.68,148.7,3.13,90.49,5.3,150.81,1
2026-03-07 02:32:31+00:00,14.831757,120.045887,2.68,148.7,3.14,90.78,5.56,150.89,1
2026-03-07 02:33:31+00:00,14.831121,120.046287,2.68,148.69,3.15,91.07,5.69,147.64,1
2026-03-07 02:34:31+00:00,14.830486,120.046687,2.68,148.69,3.16,91.38,5.99,146.82,1
2026-03-07 02:35:31+00:00,14.82985,120.047087,2.68,148.69,3.17,91.68,4.88,149.04,1
2026-03-07 02:36:31+00:00,14.829215,120.047487,2.68,148.69,3.18,92.0,6.01,148.72,1
2026-03-07 02:37:31+00:00,14.828579,120.047887,2.68,148.69,3.19,92.32,5.07,147.95,1
2026-03-07 02:39:12+00:00,14.827943,120.048286,1.59,148.69,3.19,92.9,4.11,139.71,1
2026-03-07 02:40:12+00:00,14.826977,120.048914,4.11,147.86,3.19,93.23,6.6,156.31,1
2026-03-07 02:41:12+00:00,14.826011,120.049542,4.11,147.86,3.2,93.57,6.34,155.71,1
2026-03-07 02:42:12+00:00,14.825044,120.050171,4.11,147.86,3.21,93.92,6.66,158.0,1
2026-03-07 02:43:12+00:00,14.824078,120.050799,4.11,147.86,3.23,94.28,6.17,158.01,1
2026-03-07 02:44:12+00:00,14.823112,120.051427,4.11,147.86,3.26,94.64,6.53,158.92,1
2026-03-07 02:45:12+00:00,14.822146,120.052055,4.11,147.86,3.3,95.02,7.03,154.18,1
2026-03-07 02:46:12+00:00,14.821179,120.052683,4.11,147.86,3.35,95.4,6.68,157.46,1
2026-03-07 02:47:12+00:00,14.820213,120.053311,4.11,147.86,3.4,95.79,6.8,155.15,1
2026-03-07 02:49:08+00:00,14.819247,120.053939,2.13,147.86,3.46,96.6,5.21,145.39,1
2026-03-07 02:50:08+00:00,14.817968,120.054756,5.41,148.3,3.53,97.0,8.45,159.28,1
2026-03-07 02:51:08+00:00,14.81669,120.055573,5.41,148.3,3.6,97.42,7.68,162.16,1
2026-03-07 02:52:08+00:00,14.815411,120.056389,5.41,148.3,3.68,97.84,8.44,159.15,1
2026-03-07 02:53:08+00:00,14.814132,120.057206,5.41,148.3,3.77,98.27,8.27,162.88,1
2026-03-07 02:54:08+00:00,14.812854,120.058023,5.41,148.3,3.87,98.7,8.5,160.7,1
2026-03-07 02:55:08+00:00,14.811575,120.05884,5.41,148.3,3.97,99.15,8.87,158.66,1
2026-03-07 02:56:08+00:00,14.810297,120.059657,5.41,148.3,4.07,99.6,8.3,161.64,1
2026-03-07 02:57:08+00:00,14.809018,120.060474,5.41,148.3,4.17,100.06,8.45,160.11,1
2026-03-07 02:58:08+00:00,14.80774,120.061291,5.41,148.3,4.26,100.53,8.28,157.28,1
2026-03-07 02:59:16+00:00,14.806461,120.062108,4.78,148.3,4.35,101.08,9.15,161.27,1
2026-03-07 03:00:16+00:00,14.8051,120.062925,5.67,149.85,4.45,101.53,12.15,159.46,1
2026-03-07 03:01:16+00:00,14.80374,120.063743,5.67,149.85,4.54,101.86,9.3,158.87,1
2026-03-07 03:02:16+00:00,14.802379,120.06456,5.67,149.85,4.63,102.2,9.03,157.01,1
2026-03-07 03:03:16+00:00,14.801019,120.065378,5.67,149.85,4.73,102.57,9.39,160.98,1
2026-03-07 03:04:16+00:00,14.799658,120.066195,5.67,149.85,4.81,102.94,51.44,73.3,3
2026-03-07 03:05:16+00:00,14.798298,120.067013,5.67,149.84,4.87,103.34,,,0
2026-03-07 03:06:16+00:00,14.796937,120.06783,5.67,149.84,4.92,103.75,,,0
2026-03-07 03:07:16+00:00,14.795576,120.068648,5.67,149.84,4.96,104.17,,,0
2026-03-07 03:09:11+00:00,14.794216,120.069466,2.96,149.84,4.99,105.11,7.72,153.45,1
2026-03-07 03:09:31+00:00,14.793918,120.069749,4.37,137.43,5.01,105.26,8.99,161.46,1
2026-03-07 03:10:31+00:00,14.792898,120.07045,4.41,146.38,5.01,105.75,8.87,155.5,1
2026-03-07 03:11:31+00:00,14.791877,120.071152,4.41,146.38,5.01,106.26,8.78,159.77,1
2026-03-07 03:12:31+00:00,14.790857,120.071853,4.41,146.38,5.01,106.8,9.1,155.76,1
2026-03-07 03:13:31+00:00,14.789837,120.072555,4.41,146.38,4.99,107.35,9.1,159.55,1
2026-03-07 03:14:31+00:00,14.788816,120.073256,4.41,146.38,4.96,107.93,8.96,158.71,1
2026-03-07 03:15:31+00:00,14.787796,120.073958,4.41,146.38,4.93,108.53,9.01,162.42,1
2026-03-07 03:16:31+00:00,14.786776,120.074659,4.41,146.38,4.9,109.16,8.76,159.6,1
2026-03-07 03:17:31+00:00,14.785755,120.075361,4.41,146.38,4.85,109.81,8.96,163.03,1
2026-03-07 03:19:17+00:00,14.784735,120.076063,2.5,146.38,4.81,111.11,6.9,155.6,1
2026-03-07 03:20:17+00:00,14.783954,120.076489,3.18,152.19,4.76,111.9,7.48,157.69,1
2026-03-07 03:21:17+00:00,14.783172,120.076915,3.18,152.19,4.71,112.73,7.36,160.43,1
2026-03-07 03:22:17+00:00,14.782391,120.077341,3.18,152.19,4.64,113.6,9.12,154.83,1
2026-03-07 03:23:17+00:00,14.78161,120.077767,3.18,152.19,4.58,114.51,7.16,158.22,1
2026-03-07 03:24:17+00:00,14.780828,120.078194,3.18,152.19,4.53,115.45,7.47,163.81,1
2026-03-07 03:25:17+00:00,14.780047,120.07862,3.18,152.19,4.49,116.45,7.71,159.11,1
2026-03-07 03:26:17+00:00,14.779266,120.079046,3.18,152.19,4.47,117.48,7.67,159.75,1
2026-03-07 03:27:17+00:00,14.778485,120.079472,3.18,152.19,4.47,118.57,6.96,161.85,1
2026-03-07 03:29:11+00:00,14.777703,120.079898,1.67,152.19,4.39,120.87,9.0,157.27,1
2026-03-07 03:29:31+00:00,14.77748,120.079928,2.44,172.66,4.31,121.33,10.49,143.32,1
2026-03-07 03:30:31+00:00,14.776699,120.0808,4.14,132.8,4.23,122.37,8.51,177.0,1
2026-03-07 03:31:31+00:00,14.775919,120.081672,4.14,132.8,4.15,123.45,7.99,171.31,1
2026-03-07 03:32:31+00:00,14.775138,120.082543,4.14,132.8,4.06,124.56,8.22,175.08,1
2026-03-07 03:33:31+00:00,14.774358,120.083415,4.14,132.8,3.98,125.71,8.2,178.94,1
2026-03-07 03:34:31+00:00,14.773577,120.084287,4.14,132.8,3.9,126.89,7.58,176.42,1
2026-03-07 03:35:31+00:00,14.772797,120.085159,4.14,132.8,3.81,128.11,8.13,176.37,1
2026-03-07 03:36:31+00:00,14.772016,120.08603,4.14,132.8,3.73,129.37,8.27,-179.87,1
2026-03-07 03:37:31+00:00,14.771236,120.086902,4.14,132.8,3.65,130.66,7.73,177.3,1
2026-03-07 03:39:08+00:00,14.770456,120.087774,2.56,132.8,3.56,133.16,6.53,177.77,1
2026-03-07 03:39:33+00:00,14.770298,120.088291,4.53,107.48,3.48,133.6,7.75,-168.13,1
2026-03-07 03:40:33+00:00,14.769566,120.089142,3.97,131.65,3.4,135.02,7.62,-178.81,1
2026-03-07 03:41:33+00:00,14.768835,120.089992,3.97,131.65,3.32,136.48,6.62,179.72,1
2026-03-07 03:42:33+00:00,14.768103,120.090843,3.97,131.65,3.24,137.98,7.92,-175.88,1
2026-03-07 03:43:33+00:00,14.767371,120.091694,3.97,131.65,3.17,139.51,7.56,-175.58,1
2026-03-07 03:44:33+00:00,14.76664,120.092545,3.97,131.65,3.09,141.07,6.95,-176.6,1
2026-03-07 03:45:33+00:00,14.765908,120.093395,3.97,131.65,3.02,142.66,6.36,-175.83,1
2026-03-07 03:46:33+00:00,14.765176,120.094246,3.97,131.65,2.94,144.28,6.95,-173.69,1
2026-03-07 03:47:33+00:00,14.764444,120.095097,3.97,131.65,2.87,145.92,6.35,-171.63,1
2026-03-07 03:49:09+00:00,14.763713,120.095948,2.48,131.65,2.8,149.05,5.35,-171.33,1
2026-03-07 03:49:31+00:00,14.763361,120.096122,3.83,154.39,2.73,149.83,6.68,179.41,1
2026-03-07 03:50:31+00:00,14.762598,120.096925,3.92,134.49,2.66,151.6,6.23,-171.96,1
2026-03-07 03:51:31+00:00,14.761835,120.097728,3.92,134.49,2.6,153.38,6.77,-170.73,1
2026-03-07 03:52:31+00:00,14.761072,120.098532,3.92,134.49,2.54,155.18,6.6,-171.82,1
2026-03-07 03:53:31+00:00,14.76031,120.099335,3.92,134.49,2.47,156.98,6.57,-173.16,1
2026-03-07 03:54:31+00:00,14.759547,120.100138,3.92,134.49,2.71,158.78,6.49,-171.03,1
2026-03-07 03:55:31+00:00,14.758784,120.100941,3.92,134.49,2.91,160.58,6.23,-168.24,1
2026-03-07 03:56:31+00:00,14.758021,120.101744,3.92,134.49,3.06,162.37,7.07,-164.19,1
2026-03-07 03:57:31+00:00,14.757258,120.102547,3.92,134.49,3.14,164.15,6.75,-167.81,1
2026-03-07 03:59:07+00:00,14.756495,120.103351,2.45,134.49,3.2,167.5,5.0,-159.65,1
2026-03-07 04:00:07+00:00,14.756034,120.104455,4.19,113.33,3.23,168.86,6.99,-156.77,1
2026-03-07 04:01:07+00:00,14.755574,120.105559,4.19,113.33,3.26,170.22,7.2,-155.2,1
2026-03-07 04:02:07+00:00,14.755113,120.106663,4.19,113.33,3.27,171.56,6.52,-151.76,1
2026-03-07 04:03:07+00:00,14.754652,120.107768,4.19,113.33,3.28,172.9,44.69,-135.21,3
2026-03-07 04:04:07+00:00,14.754192,120.108872,4.19,113.33,3.28,174.22,6.49,-156.11,1
2026-03-07 04:05:07+00:00,14.753731,120.109976,4.19,113.33,3.28,175.53,6.3,-154.25,1
2026-03-07 04:06:07+00:00,14.75327,120.11108,4.19,113.33,3.27,176.83,6.17,-150.11,1
2026-03-07 04:07:07+00:00,14.75281,120.112184,4.19,113.33,3.25,178.11,6.8,-151.89,1
2026-03-07 04:09:06+00:00,14.752349,120.113289,2.11,113.33,3.24,181.89,7.3,-139.87,1
2026-03-07 04:10:06+00:00,14.751993,120.114283,3.69,110.34,3.21,183.24,5.78,-148.12,1
2026-03-07 04:11:06+00:00,14.751637,120.115276,3.69,110.34,3.19,184.57,5.33,-144.64,1
2026-03-07 04:12:06+00:00,14.751281,120.11627,3.69,110.34,3.17,185.88,5.29,-143.64,1
2026-03-07 04:13:06+00:00,14.750924,120.117264,3.69,110.34,3.15,187.17,5.68,-145.18,1
2026-03-07 04:14:06+00:00,14.750568,120.118258,3.69,110.34,3.13,188.43,6.44,-139.86,1
2026-03-07 04:15:06+00:00,14.750212,120.119252,3.69,110.34,3.11,189.67,8.41,-142.77,1
2026-03-07 04:16:06+00:00,14.749856,120.120246,3.69,110.34,3.09,190.73,5.54,-144.58,1
2026-03-07 04:17:06+00:00,14.7495,120.12124,3.69,110.34,3.09,191.57,5.64,-145.4,1
2026-03-07 04:18:06+00:00,14.749143,120.122234,3.69,110.34,3.09,192.4,5.33,-145.31,1
2026-03-07 04:19:21+00:00,14.748787,120.123227,2.95,110.33,3.11,193.8,4.33,-136.27,1
2026-03-07 04:20:21+00:00,14.748104,120.124696,5.68,115.7,3.14,193.74,6.88,-155.1,1
2026-03-07 04:21:21+00:00,14.74742,120.126165,5.68,115.7,3.18,193.66,7.08,-150.55,1
2026-03-07 04:22:21+00:00,14.746737,120.127634,5.68,115.7,3.23,193.56,7.19,-150.67,1
2026-03-07 04:23:21+00:00,14.746053,120.129102,5.68,115.7,3.29,193.44,6.85,-151.97,1
2026-03-07 04:24:21+00:00,14.74537,120.130571,5.68,115.7,3.37,193.31,7.41,-155.17,1
2026-03-07 04:25:21+00:00,14.744686,120.13204,5.68,115.7,3.46,193.16,7.29,-153.65,1
2026-03-07 04:26:21+00:00,14.744003,120.133509,5.68,115.7,3.55,192.98,6.81,-149.31,1
2026-03-07 04:27:21+00:00,14.74332,120.134977,5.68,115.7,3.64,192.79,7.12,-152.48,1
2026-03-07 04:29:07+00:00,14.742636,120.136446,3.21,115.7,3.72,194.46,,,0
2026-03-07 04:29:09+00:00,14.742543,120.136451,10.04,177.26,3.81,194.43,13.7,-174.35,1
2026-03-07 04:29:33+00:00,14.74226,120.137076,6.01,115.07,3.89,194.29,8.31,-150.34,1
2026-03-07 04:30:33+00:00,14.741696,120.138805,6.36,108.66,3.97,193.84,7.85,-150.8,1
2026-03-07 04:31:33+00:00,14.741131,120.140535,6.36,108.66,4.06,193.37,8.46,-149.23,1
2026-03-07 04:32:33+00:00,14.740566,120.142264,6.36,108.66,4.16,192.86,10.28,-148.25,1
2026-03-07 04:33:33+00:00,14.740001,120.143994,6.36,108.66,4.26,192.31,7.93,-146.14,1
2026-03-07 04:34:33+00:00,14.739436,120.145723,6.36,108.66,4.36,191.73,8.23,-149.64,1
2026-03-07 04:35:33+00:00,14.738872,120.147453,6.36,108.66,4.43,191.11,12.03,-148.2,1
2026-03-07 04:36:33+00:00,14.738307,120.149183,6.36,108.66,4.48,190.44,10.21,-147.55,1
2026-03-07 04:37:33+00:00,14.737742,120.150912,6.36,108.66,4.52,189.74,8.35,-146.37,1
2026-03-07 04:39:06+00:00,14.737177,120.152642,4.1,108.66,4.55,190.49,7.03,-138.36,1
2026-03-07 04:39:13+00:00,14.737034,120.152754,5.56,142.66,4.56,190.44,9.54,-161.23,1
2026-03-07 04:39:31+00:00,14.736767,120.153308,7.18,116.54,4.58,190.03,9.34,-151.3,1
2026-03-07 04:40:31+00:00,14.736777,120.154981,5.83,89.63,4.58,190.08,7.39,-141.02,1
2026-03-07 04:41:31+00:00,14.736788,120.156653,5.83,89.63,4.58,190.11,6.82,-135.42,1
2026-03-07 04:42:31+00:00,14.736798,120.158326,5.83,89.63,4.57,190.1,6.47,-138.34,1
2026-03-07 04:43:31+00:00,14.736808,120.159999,5.83,89.63,4.57,190.08,7.22,-141.18,1
2026-03-07 04:44:31+00:00,14.736819,120.161672,5.83,89.63,4.54,190.03,7.34,-139.23,1
2026-03-07 04:45:31+00:00,14.736829,120.163345,5.83,89.63,4.5,189.95,6.69,-137.81,1
2026-03-07 04:46:31+00:00,14.736839,120.165018,5.83,89.63,4.46,189.84,6.53,-140.02,1
2026-03-07 04:47:31+00:00,14.73685,120.16669,5.83,89.63,4.4,189.71,6.61,-139.38,1
2026-03-07 04:49:18+00:00,14.73686,120.168363,3.27,89.63,4.34,191.69,5.07,-117.65,1
2026-03-07 04:50:18+00:00,14.737051,120.169182,2.93,76.43,4.26,193.22,4.32,-105.31,1
2026-03-07 04:51:18+00:00,14.737242,120.17,2.93,76.43,4.18,194.71,3.97,-106.38,1
2026-03-07 04:52:18+00:00,14.737434,120.170819,2.93,76.43,4.1,196.16,3.7,-104.84,1
2026-03-07 04:53:18+00:00,14.737625,120.171638,2.93,76.43,4.02,197.57,3.99,-101.17,1
2026-03-07 04:54:18+00:00,14.737816,120.172456,2.93,76.43,3.94,198.94,3.33,-100.42,1
2026-03-07 04:55:18+00:00,14.738007,120.173275,2.93,76.43,3.87,200.28,3.62,-107.64,1
2026-03-07 04:56:18+00:00,14.738198,120.174094,2.93,76.43,3.8,201.58,3.11,-101.26,1
2026-03-07 04:57:18+00:00,14.738389,120.174912,2.93,76.43,3.74,202.84,3.22,-102.8,1
2026-03-07 04:59:10+00:00,14.73858,120.175731,1.57,76.43,3.69,205.96,2.91,-72.91,1
2026-03-07 04:59:31+00:00,14.738601,120.175935,2.05,84.17,3.63,206.44,3.06,-93.12,1
2026-03-07 05:00:31+00:00,14.738414,120.177105,4.13,99.39,3.58,206.86,4.47,-135.34,1
2026-03-07 05:01:31+00:00,14.738227,120.178274,4.13,99.39,3.54,207.36,4.94,-130.92,1
2026-03-07 05:02:31+00:00,14.73804,120.179443,4.13,99.39,3.5,207.87,4.27,-134.19,1
2026-03-07 05:03:31+00:00,14.737853,120.180612,4.13,99.39,3.47,208.38,4.22,-135.24,1
2026-03-07 05:04:31+00:00,14.737666,120.181782,4.13,99.39,3.44,208.9,5.04,-135.2,1
2026-03-07 05:05:31+00:00,14.737479,120.182951,4.13,99.39,3.43,209.43,4.66,-131.31,1
2026-03-07 05:06:31+00:00,14.737292,120.18412,4.13,99.39,3.43,209.96,3.63,-132.07,1
2026-03-07 05:07:31+00:00,14.737105,120.18529,4.13,99.39,3.44,210.5,4.15,-130.49,1
2026-03-07 05:09:08+00:00,14.736918,120.186459,2.55,99.39,3.45,212.61,2.85,-109.24,1
2026-03-07 05:09:31+00:00,14.736749,120.187064,5.73,106.14,3.48,212.51,5.52,-145.69,1
2026-03-07 05:10:31+00:00,14.736121,120.188783,6.4,110.68,3.52,211.82,5.74,-149.04,1
2026-03-07 05:11:31+00:00,14.735493,120.190503,6.4,110.68,3.57,211.06,6.7,-149.67,1
2026-03-07 05:12:31+00:00,14.734866,120.192222,6.4,110.68,3.63,210.19,6.48,-148.74,1
2026-03-07 05:13:31+00:00,14.734238,120.193941,6.4,110.68,3.71,209.21,6.92,-149.87,1
2026-03-07 05:14:31+00:00,14.73361,120.19566,6.4,110.68,3.79,208.1,6.52,-146.76,1
2026-03-07 05:15:31+00:00,14.732982,120.19738,6.4,110.68,3.88,206.83,12.39,-145.08,1
2026-03-07 05:16:31+00:00,14.732355,120.199099,6.4,110.68,3.97,205.37,7.13,-148.55,1
2026-03-07 05:17:31+00:00,14.731727,120.200818,6.4,110.68,4.1,203.69,7.87,-143.95,1
2026-03-07 05:19:07+00:00,14.731099,120.202538,4.0,110.68,4.27,204.28,6.09,-130.98,1
2026-03-07 05:19:31+00:00,14.731312,120.202842,3.27,54.23,4.51,205.39,7.94,21.31,3
2026-03-07 05:20:31+00:00,14.733654,120.203821,9.1,22.01,5.41,209.95,3.72,165.3,1
2026-03-07 05:21:31+00:00,14.735996,120.2048,9.1,22.01,6.25,213.84,3.84,153.1,1
2026-03-07 05:22:31+00:00,14.738338,120.205779,9.1,22.01,7.05,217.16,2.48,141.57,1
2026-03-07 05:23:31+00:00,14.74068,120.206758,9.1,22.01,7.79,220.02,2.52,126.6,1
2026-03-07 05:24:31+00:00,14.743023,120.207737,9.1,22.01,8.49,222.5,3.16,109.69,1
2026-03-07 05:25:31+00:00,14.745365,120.208715,9.1,22.01,9.15,224.66,4.26,103.82,1
2026-03-07 05:26:31+00:00,14.747707,120.209694,9.1,22.01,9.77,226.56,4.01,94.42,1
2026-03-07 05:27:31+00:00,14.750049,120.210673,9.1,22.01,10.36,228.23,4.53,85.79,1
2026-03-07 05:29:08+00:00,14.752392,120.211652,5.63,22.0,10.91,231.01,6.14,53.59,1
2026-03-07 05:30:08+00:00,14.754731,120.212478,8.91,18.84,11.42,232.77,6.68,89.85,1
2026-03-07 05:31:08+00:00,14.757071,120.213303,8.91,18.84,11.9,234.6,,,0
2026-03-07 05:32:08+00:00,14.759411,120.214129,8.91,18.84,12.36,236.48,,,0
2026-03-07 05:33:08+00:00,14.761751,120.214955,8.91,18.84,12.78,238.43,,,0
2026-03-07 05:34:08+00:00,14.76409,120.215781,8.91,18.84,13.18,240.43,,,0
2026-03-07 05:35:08+00:00,14.76643,120.216606,8.91,18.84,13.56,242.5,,,0
2026-03-07 05:36:08+00:00,14.76877,120.217432,8.91,18.84,13.91,244.62,10.03,84.67,1
2026-03-07 05:37:08+00:00,14.77111,120.218258,8.91,18.84,13.65,246.8,9.81,90.93,1
2026-03-07 05:39:07+00:00,14.77345,120.219084,4.49,18.84,13.31,250.63,,,0
2026-03-07 05:39:10+00:00,14.77347,120.219147,4.65,71.29,12.97,250.68,,,0
2026-03-07 05:39:31+00:00,14.774117,120.219299,6.82,12.8,12.63,251.44,10.64,92.91,1
